fips,county_name,state_name,pop_2024,latitude,longitude,baseline_min_dist_km,nearest_facility_id,nearest_facility_name,nearest_facility_tier
01001,Autauga County,Alabama,61464,32.532237,-86.64644,55.35610469373703,PHL_AL,Alabama Bureau of Clinical Laboratories,State_PHL
01003,Baldwin County,Alabama,261608,30.659218,-87.746067,225.50735996313432,PHL_AL,Alabama Bureau of Clinical Laboratories,State_PHL
01005,Barbour County,Alabama,24358,31.870253,-85.405104,83.93626275299474,PHL_AL,Alabama Bureau of Clinical Laboratories,State_PHL
01007,Bibb County,Alabama,22258,33.015893,-87.127148,125.06645106624798,PHL_AL,Alabama Bureau of Clinical Laboratories,State_PHL
01009,Blount County,Alabama,60163,33.977358,-86.56644,200.17325743231535,PHL_AL,Alabama Bureau of Clinical Laboratories,State_PHL
01011,Bullock County,Alabama,9901,32.101759,-85.717261,47.223953085561035,PHL_AL,Alabama Bureau of Clinical Laboratories,State_PHL
01013,Butler County,Alabama,18256,31.751667,-86.681969,67.42278861168927,PHL_AL,Alabama Bureau of Clinical Laboratories,State_PHL
01015,Calhoun County,Alabama,116427,33.770516,-85.827909,148.0360584180403,FED_CDC,CDC NCIRD Influenza Division,Federal_HQ
01017,Chambers County,Alabama,33813,32.915504,-85.394032,109.76156213845636,PHL_AL,Alabama Bureau of Clinical Laboratories,State_PHL
01019,Cherokee County,Alabama,26138,34.069515,-85.654242,135.87903406141567,FED_CDC,CDC NCIRD Influenza Division,Federal_HQ
01021,Chilton County,Alabama,47262,32.854051,-86.726607,87.40114706527334,PHL_AL,Alabama Bureau of Clinical Laboratories,State_PHL
01023,Choctaw County,Alabama,12052,31.990954,-88.248889,194.0160529112925,PHL_AL,Alabama Bureau of Clinical Laboratories,State_PHL
01025,Clarke County,Alabama,22142,31.685521,-87.818624,162.80595042465532,PHL_AL,Alabama Bureau of Clinical Laboratories,State_PHL
01027,Clay County,Alabama,14239,33.2704,-85.863525,122.91120103519519,PHL_AL,Alabama Bureau of Clinical Laboratories,State_PHL
01029,Cleburne County,Alabama,15905,33.671964,-85.516126,119.78999775883169,FED_CDC,CDC NCIRD Influenza Division,Federal_HQ
01031,Coffee County,Alabama,56358,31.402258,-85.989602,91.31124707485014,PHL_AL,Alabama Bureau of Clinical Laboratories,State_PHL
01033,Colbert County,Alabama,58785,34.703112,-87.801457,187.23244962734825,PHL_TN,Tennessee State Public Health Laboratory,State_PHL
01035,Conecuh County,Alabama,11109,31.430926,-86.988722,113.39745941765622,PHL_AL,Alabama Bureau of Clinical Laboratories,State_PHL
01037,Coosa County,Alabama,10291,32.931445,-86.243482,81.09510248340204,PHL_AL,Alabama Bureau of Clinical Laboratories,State_PHL
01039,Covington County,Alabama,37748,31.243987,-86.448721,109.09817488779898,PHL_AL,Alabama Bureau of Clinical Laboratories,State_PHL
01041,Crenshaw County,Alabama,13114,31.730311,-86.320038,53.66652333823624,PHL_AL,Alabama Bureau of Clinical Laboratories,State_PHL
01043,Cullman County,Alabama,92604,34.131923,-86.869267,223.2449568264665,PHL_AL,Alabama Bureau of Clinical Laboratories,State_PHL
01045,Dale County,Alabama,50067,31.430654,-85.609476,102.63348024147069,PHL_AL,Alabama Bureau of Clinical Laboratories,State_PHL
01047,Dallas County,Alabama,35545,32.333526,-87.11436,86.77467165910222,PHL_AL,Alabama Bureau of Clinical Laboratories,State_PHL
01049,DeKalb County,Alabama,73122,34.460915,-85.804021,164.26936623573414,FED_CDC,CDC NCIRD Influenza Division,Federal_HQ
01051,Elmore County,Alabama,91042,32.597229,-86.142735,44.23077825495493,PHL_AL,Alabama Bureau of Clinical Laboratories,State_PHL
01053,Escambia County,Alabama,36630,31.122287,-87.16841,150.86516383525213,PHL_AL,Alabama Bureau of Clinical Laboratories,State_PHL
01055,Etowah County,Alabama,103207,34.047641,-86.034263,169.65714618407415,FED_CDC,CDC NCIRD Influenza Division,Federal_HQ
01057,Fayette County,Alabama,15863,33.716157,-87.764292,222.46389609359173,PHL_AL,Alabama Bureau of Clinical Laboratories,State_PHL
01059,Franklin County,Alabama,31874,34.441989,-87.842814,214.70649354236295,PHL_TN,Tennessee State Public Health Laboratory,State_PHL
01061,Geneva County,Alabama,27259,31.092382,-85.821022,128.7054071651479,PHL_AL,Alabama Bureau of Clinical Laboratories,State_PHL
01063,Greene County,Alabama,7127,32.844497,-87.9642,179.74779813612847,PHL_AL,Alabama Bureau of Clinical Laboratories,State_PHL
01065,Hale County,Alabama,15116,32.752796,-87.623061,146.44516831311157,PHL_AL,Alabama Bureau of Clinical Laboratories,State_PHL
01067,Henry County,Alabama,18141,31.516978,-85.239971,118.80170440165539,PHL_AL,Alabama Bureau of Clinical Laboratories,State_PHL
01069,Houston County,Alabama,109366,31.158183,-85.296411,144.48854814967777,PHL_AL,Alabama Bureau of Clinical Laboratories,State_PHL
01071,Jackson County,Alabama,53780,34.764114,-85.980056,172.39101297933865,PHL_TN,Tennessee State Public Health Laboratory,State_PHL
01073,Jefferson County,Alabama,664744,33.553444,-86.896536,163.49074081773819,PHL_AL,Alabama Bureau of Clinical Laboratories,State_PHL
01075,Lamar County,Alabama,13543,33.787085,-88.087431,248.7240702374803,PHL_AL,Alabama Bureau of Clinical Laboratories,State_PHL
01077,Lauderdale County,Alabama,97502,34.904168,-87.651108,161.02323342607752,PHL_TN,Tennessee State Public Health Laboratory,State_PHL
01079,Lawrence County,Alabama,33567,34.529776,-87.321865,188.68244664527165,PHL_TN,Tennessee State Public Health Laboratory,State_PHL
01081,Lee County,Alabama,187847,32.604064,-85.353048,91.53694933298256,PHL_AL,Alabama Bureau of Clinical Laboratories,State_PHL
01083,Limestone County,Alabama,118942,34.810239,-86.981399,152.14641981411623,PHL_TN,Tennessee State Public Health Laboratory,State_PHL
01085,Lowndes County,Alabama,9485,32.147888,-86.650586,42.43122242872587,PHL_AL,Alabama Bureau of Clinical Laboratories,State_PHL
01087,Macon County,Alabama,18159,32.387027,-85.692887,52.26300046835276,PHL_AL,Alabama Bureau of Clinical Laboratories,State_PHL
01089,Madison County,Alabama,423355,34.764238,-86.55108,157.64388549288554,PHL_TN,Tennessee State Public Health Laboratory,State_PHL
01091,Marengo County,Alabama,18512,32.247591,-87.791091,149.32979669044562,PHL_AL,Alabama Bureau of Clinical Laboratories,State_PHL
01093,Marion County,Alabama,29323,34.138219,-87.881551,246.85501393207113,PHL_TN,Tennessee State Public Health Laboratory,State_PHL
01095,Marshall County,Alabama,102156,34.309564,-86.321668,202.1466022703503,FED_CDC,CDC NCIRD Influenza Division,Federal_HQ
01097,Mobile County,Alabama,412339,30.684572,-88.196568,253.40172532305954,PHL_AL,Alabama Bureau of Clinical Laboratories,State_PHL
01099,Monroe County,Alabama,19057,31.580353,-87.383342,131.06699620501414,PHL_AL,Alabama Bureau of Clinical Laboratories,State_PHL
01101,Montgomery County,Alabama,225894,32.202881,-86.204461,0.0,PHL_AL,Alabama Bureau of Clinical Laboratories,State_PHL
01103,Morgan County,Alabama,126084,34.454484,-86.846402,190.74175384536795,PHL_TN,Tennessee State Public Health Laboratory,State_PHL
01105,Perry County,Alabama,7719,32.639005,-87.293827,113.16750863719486,PHL_AL,Alabama Bureau of Clinical Laboratories,State_PHL
01107,Pickens County,Alabama,18508,33.2968,-88.096864,214.74069514667872,PHL_AL,Alabama Bureau of Clinical Laboratories,State_PHL
01109,Pike County,Alabama,33124,31.798653,-85.941608,51.329284367153946,PHL_AL,Alabama Bureau of Clinical Laboratories,State_PHL
01111,Randolph County,Alabama,23067,33.296461,-85.464064,126.25792285786424,FED_CDC,CDC NCIRD Influenza Division,Federal_HQ
01113,Russell County,Alabama,58837,32.289811,-85.18698,96.17502712458175,PHL_AL,Alabama Bureau of Clinical Laboratories,State_PHL
01115,St. Clair County,Alabama,96927,33.719491,-86.311327,168.93377203837804,PHL_AL,Alabama Bureau of Clinical Laboratories,State_PHL
01117,Shelby County,Alabama,235969,33.266893,-86.661007,125.78289791341192,PHL_AL,Alabama Bureau of Clinical Laboratories,State_PHL
01119,Sumter County,Alabama,11607,32.597481,-88.200057,192.4220007766251,PHL_AL,Alabama Bureau of Clinical Laboratories,State_PHL
01121,Talladega County,Alabama,81375,33.369314,-86.17593,129.72884948387565,PHL_AL,Alabama Bureau of Clinical Laboratories,State_PHL
01123,Tallapoosa County,Alabama,40699,32.863308,-85.799618,82.66331632598241,PHL_AL,Alabama Bureau of Clinical Laboratories,State_PHL
01125,Tuscaloosa County,Alabama,241212,33.29022,-87.522783,172.680100692654,PHL_AL,Alabama Bureau of Clinical Laboratories,State_PHL
01127,Walker County,Alabama,65260,33.791558,-87.301094,204.11739302556404,PHL_AL,Alabama Bureau of Clinical Laboratories,State_PHL
01129,Washington County,Alabama,15018,31.408503,-88.212404,209.29354053449683,PHL_AL,Alabama Bureau of Clinical Laboratories,State_PHL
01131,Wilcox County,Alabama,9865,31.990082,-87.304935,106.32956080056039,PHL_AL,Alabama Bureau of Clinical Laboratories,State_PHL
01133,Winston County,Alabama,23869,34.154566,-87.365346,230.14048321245713,PHL_TN,Tennessee State Public Health Laboratory,State_PHL
02013,Aleutians East Borough,Alaska,3632,55.245044,-161.997477,991.6072694207004,PHL_AK,Alaska State Public Health Laboratories,State_PHL
02016,Aleutians West Census Area,Alaska,5424,51.948964,179.621188,2135.1407776585797,PHL_AK,Alaska State Public Health Laboratories,State_PHL
02020,Anchorage Municipality,Alaska,289600,61.17425,-149.284329,0.0,PHL_AK,Alaska State Public Health Laboratories,State_PHL
02050,Bethel Census Area,Alaska,18237,60.929141,-160.152625,584.8969175709256,PHL_AK,Alaska State Public Health Laboratories,State_PHL
02060,Bristol Bay Borough,Alaska,884,58.730546,-156.994473,507.5741883670581,PHL_AK,Alaska State Public Health Laboratories,State_PHL
02063,Chugach Census Area,Alaska,6604,60.488474,-146.203092,183.549363569732,PHL_AK,Alaska State Public Health Laboratories,State_PHL
02066,Copper River Census Area,Alaska,2631,62.034479,-143.922167,299.14372088558304,PHL_AK,Alaska State Public Health Laboratories,State_PHL
02068,Denali Borough,Alaska,1621,63.682039,-150.027016,281.4560668366228,PHL_AK,Alaska State Public Health Laboratories,State_PHL
02070,Dillingham Census Area,Alaska,4642,59.543326,-158.267123,525.7104978520362,PHL_AK,Alaska State Public Health Laboratories,State_PHL
02090,Fairbanks North Star Borough,Alaska,94951,64.670454,-146.496061,413.48747084234384,PHL_AK,Alaska State Public Health Laboratories,State_PHL
02100,Haines Borough,Alaska,2104,59.098404,-135.575791,791.63392188983,PHL_AK,Alaska State Public Health Laboratories,State_PHL
02105,Hoonah-Angoon Census Area,Alaska,2312,58.403336,-135.884909,808.7217161839757,PHL_AK,Alaska State Public Health Laboratories,State_PHL
02110,Juneau City and Borough,Alaska,31572,58.37291,-134.178445,898.6452059087933,PHL_AK,Alaska State Public Health Laboratories,State_PHL
02122,Kenai Peninsula Borough,Alaska,61259,60.366668,-152.322283,187.78683187094828,PHL_AK,Alaska State Public Health Laboratories,State_PHL
02130,Ketchikan Gateway Borough,Alaska,13677,55.449938,-131.106685,1091.5443599436055,PHL_WA,Washington State Public Health Laboratories,State_PHL
02150,Kodiak Island Borough,Alaska,12654,57.7044,-153.918372,466.12975050691733,PHL_AK,Alaska State Public Health Laboratories,State_PHL
02158,Kusilvak Census Area,Alaska,7946,62.283588,-163.190171,741.187261916895,PHL_AK,Alaska State Public Health Laboratories,State_PHL
02164,Lake and Peninsula Borough,Alaska,1315,58.108507,-156.413413,525.5484608960091,PHL_AK,Alaska State Public Health Laboratories,State_PHL
02170,Matanuska-Susitna Borough,Alaska,117613,62.265626,-149.503993,121.90580248701903,PHL_AK,Alaska State Public Health Laboratories,State_PHL
02180,Nome Census Area,Alaska,9836,64.783686,-164.188912,850.3720022744683,PHL_AK,Alaska State Public Health Laboratories,State_PHL
02185,North Slope Borough,Alaska,10663,69.449343,-153.47283,939.9468984339231,PHL_AK,Alaska State Public Health Laboratories,State_PHL
02188,Northwest Arctic Borough,Alaska,7134,67.005066,-160.021086,829.8525454685312,PHL_AK,Alaska State Public Health Laboratories,State_PHL
02195,Petersburg Borough,Alaska,3436,57.112458,-133.008598,1028.556508357679,PHL_AK,Alaska State Public Health Laboratories,State_PHL
02198,Prince of Wales-Hyder Census Area,Alaska,5746,55.682773,-133.162389,1115.147551061015,PHL_AK,Alaska State Public Health Laboratories,State_PHL
02220,Sitka City and Borough,Alaska,8355,57.193204,-135.367396,905.4104125021058,PHL_AK,Alaska State Public Health Laboratories,State_PHL
02230,Skagway Municipality,Alaska,1119,59.560379,-135.338279,785.8131555882408,PHL_AK,Alaska State Public Health Laboratories,State_PHL
02240,Southeast Fairbanks Census Area,Alaska,7313,63.864997,-143.218628,431.39166375903136,PHL_AK,Alaska State Public Health Laboratories,State_PHL
02275,Wrangell City and Borough,Alaska,2064,56.180779,-132.026788,1136.7720716242347,PHL_AK,Alaska State Public Health Laboratories,State_PHL
02282,Yakutat City and Borough,Alaska,690,60.017508,-140.416847,500.4607580562314,PHL_AK,Alaska State Public Health Laboratories,State_PHL
02290,Yukon-Koyukuk Census Area,Alaska,5099,65.375656,-151.578176,480.97048098147417,PHL_AK,Alaska State Public Health Laboratories,State_PHL
04001,Apache County,Arizona,64800,35.385084,-109.490172,258.8973189014133,PHL_NM,New Mexico Scientific Laboratory Division,State_PHL
04003,Cochise County,Arizona,125773,31.840129,-109.775163,305.1375859618575,PHL_AZ,Arizona State Public Health Laboratory,State_PHL
04005,Coconino County,Arizona,145161,35.829692,-111.773728,284.12703888045024,PHL_AZ,Arizona State Public Health Laboratory,State_PHL
04007,Gila County,Arizona,54073,33.789618,-110.81187,163.93271280683513,PHL_AZ,Arizona State Public Health Laboratory,State_PHL
04009,Graham County,Arizona,40242,32.931828,-109.87831,248.2876562242424,PHL_AZ,Arizona State Public Health Laboratory,State_PHL
04011,Greenlee County,Arizona,9410,33.238872,-109.242323,302.9070574372133,PHL_AZ,Arizona State Public Health Laboratory,State_PHL
04012,La Paz County,Arizona,16992,33.72761,-114.038806,148.92184795737944,PHL_AZ,Arizona State Public Health Laboratory,State_PHL
04013,Maricopa County,Arizona,4673096,33.345176,-112.49893,0.0,PHL_AZ,Arizona State Public Health Laboratory,State_PHL
04015,Mohave County,Arizona,226479,35.717705,-113.749689,287.61090826226234,PHL_AZ,Arizona State Public Health Laboratory,State_PHL
04017,Navajo County,Arizona,109516,35.390785,-110.321025,302.79574119981777,PHL_AZ,Arizona State Public Health Laboratory,State_PHL
04019,Pima County,Arizona,1080149,32.128038,-111.783657,150.9710732080051,PHL_AZ,Arizona State Public Health Laboratory,State_PHL
04021,Pinal County,Arizona,513862,32.918521,-111.366339,115.64118708072654,PHL_AZ,Arizona State Public Health Laboratory,State_PHL
04023,Santa Cruz County,Arizona,50508,31.525733,-110.845228,254.97365613493372,PHL_AZ,Arizona State Public Health Laboratory,State_PHL
04025,Yavapai County,Arizona,252013,34.631071,-112.577225,143.16708253518263,PHL_AZ,Arizona State Public Health Laboratory,State_PHL
04027,Yuma County,Arizona,220310,32.773942,-113.910905,146.1125636709025,PHL_AZ,Arizona State Public Health Laboratory,State_PHL
05001,Arkansas County,Arkansas,16050,34.28957,-91.376547,101.07567905269116,PHL_AR,Arkansas Department of Health Lab,State_PHL
05003,Ashley County,Arkansas,17984,33.190835,-91.772267,159.57306269320134,PHL_MS,Mississippi Public Health Laboratory,State_PHL
05005,Baxter County,Arkansas,43007,36.280268,-92.329949,167.90656609765176,PHL_AR,Arkansas Department of Health Lab,State_PHL
05007,Benton County,Arkansas,321566,36.337819,-94.256298,247.54767501843529,PHL_AR,Arkansas Department of Health Lab,State_PHL
05009,Boone County,Arkansas,38636,36.304299,-93.079236,184.1219168763753,PHL_AR,Arkansas Department of Health Lab,State_PHL
05011,Bradley County,Arkansas,9935,33.466549,-92.169156,145.57511710331568,PHL_AR,Arkansas Department of Health Lab,State_PHL
05013,Calhoun County,Arkansas,4690,33.56046,-92.513879,135.79283080056115,PHL_AR,Arkansas Department of Health Lab,State_PHL
05015,Carroll County,Arkansas,28968,36.33737,-93.540972,206.64289728433417,PHL_AR,Arkansas Department of Health Lab,State_PHL
05017,Chicot County,Arkansas,9272,33.267139,-91.297158,135.59911439455934,PHL_MS,Mississippi Public Health Laboratory,State_PHL
05019,Clark County,Arkansas,20920,34.053316,-93.176208,112.36832536176075,PHL_AR,Arkansas Department of Health Lab,State_PHL
05021,Clay County,Arkansas,14112,36.367302,-90.418704,246.7459631580095,PHL_AR,Arkansas Department of Health Lab,State_PHL
05023,Cleburne County,Arkansas,25646,35.593628,-92.008898,95.6291843798426,PHL_AR,Arkansas Department of Health Lab,State_PHL
05025,Cleveland County,Arkansas,7367,33.893201,-92.188714,98.19553641221724,PHL_AR,Arkansas Department of Health Lab,State_PHL
05027,Columbia County,Arkansas,22024,33.223038,-93.232843,191.80888993084582,PHL_AR,Arkansas Department of Health Lab,State_PHL
05029,Conway County,Arkansas,21422,35.26569,-92.689249,64.87053382464033,PHL_AR,Arkansas Department of Health Lab,State_PHL
05031,Craighead County,Arkansas,115852,35.827729,-90.631421,192.6424996154593,PHL_AR,Arkansas Department of Health Lab,State_PHL
05033,Crawford County,Arkansas,62258,35.582959,-94.236193,196.7661947392508,PHL_AR,Arkansas Department of Health Lab,State_PHL
05035,Crittenden County,Arkansas,46633,35.197559,-90.30512,188.98893231841848,PHL_AR,Arkansas Department of Health Lab,State_PHL
05037,Cross County,Arkansas,16194,35.285692,-90.763984,152.23976368813436,PHL_AR,Arkansas Department of Health Lab,State_PHL
05039,Dallas County,Arkansas,6076,33.967823,-92.653999,94.56206728860604,PHL_AR,Arkansas Department of Health Lab,State_PHL
05041,Desha County,Arkansas,10321,33.828752,-91.244103,143.53196418849015,PHL_AR,Arkansas Department of Health Lab,State_PHL
05043,Drew County,Arkansas,16935,33.587242,-91.722778,142.31427862072317,PHL_AR,Arkansas Department of Health Lab,State_PHL
05045,Faulkner County,Arkansas,131611,35.146548,-92.336928,41.89245535694686,PHL_AR,Arkansas Department of Health Lab,State_PHL
05047,Franklin County,Arkansas,17586,35.508558,-93.887665,165.04363143035243,PHL_AR,Arkansas Department of Health Lab,State_PHL
05049,Fulton County,Arkansas,12546,36.381322,-91.819285,184.61633259362836,PHL_AR,Arkansas Department of Health Lab,State_PHL
05051,Garland County,Arkansas,99902,34.578852,-93.146932,79.17595518732945,PHL_AR,Arkansas Department of Health Lab,State_PHL
05053,Grant County,Arkansas,18546,34.285568,-92.422979,54.83451679262438,PHL_AR,Arkansas Department of Health Lab,State_PHL
05055,Greene County,Arkansas,46928,36.120607,-90.566346,218.1169442787551,PHL_AR,Arkansas Department of Health Lab,State_PHL
05057,Hempstead County,Arkansas,19105,33.735953,-93.664355,169.2734798082303,PHL_AR,Arkansas Department of Health Lab,State_PHL
05059,Hot Spring County,Arkansas,33313,34.315177,-92.944147,76.83071611449883,PHL_AR,Arkansas Department of Health Lab,State_PHL
05061,Howard County,Arkansas,12387,34.083064,-93.990931,171.82369624404643,PHL_AR,Arkansas Department of Health Lab,State_PHL
05063,Independence County,Arkansas,38345,35.737499,-91.559942,127.44250470745905,PHL_AR,Arkansas Department of Health Lab,State_PHL
05065,Izard County,Arkansas,14291,36.094879,-91.913625,151.66425116962174,PHL_AR,Arkansas Department of Health Lab,State_PHL
05067,Jackson County,Arkansas,16673,35.596467,-91.223205,135.08406608669577,PHL_AR,Arkansas Department of Health Lab,State_PHL
05069,Jefferson County,Arkansas,63672,34.277239,-91.929673,65.10920050018935,PHL_AR,Arkansas Department of Health Lab,State_PHL
05071,Johnson County,Arkansas,26172,35.573359,-93.466322,137.7039734452671,PHL_AR,Arkansas Department of Health Lab,State_PHL
05073,Lafayette County,Arkansas,6015,33.240629,-93.611514,207.98193458932997,PHL_AR,Arkansas Department of Health Lab,State_PHL
05075,Lawrence County,Arkansas,16305,36.041098,-91.101153,178.96550318618276,PHL_AR,Arkansas Department of Health Lab,State_PHL
05077,Lee County,Arkansas,8104,34.779505,-90.779717,140.04503641077315,PHL_AR,Arkansas Department of Health Lab,State_PHL
05079,Lincoln County,Arkansas,12868,33.956385,-91.742355,104.56780784600504,PHL_AR,Arkansas Department of Health Lab,State_PHL
05081,Little River County,Arkansas,11626,33.701941,-94.236287,213.0006834511613,PHL_AR,Arkansas Department of Health Lab,State_PHL
05083,Logan County,Arkansas,21457,35.218654,-93.72091,137.5963800326362,PHL_AR,Arkansas Department of Health Lab,State_PHL
05085,Lonoke County,Arkansas,76389,34.755114,-91.894132,38.30003673986614,PHL_AR,Arkansas Department of Health Lab,State_PHL
05087,Madison County,Arkansas,17865,36.012545,-93.724053,188.25189393548771,PHL_AR,Arkansas Department of Health Lab,State_PHL
05089,Marion County,Arkansas,17593,36.266664,-92.678577,169.6442304989677,PHL_AR,Arkansas Department of Health Lab,State_PHL
05091,Miller County,Arkansas,41958,33.305505,-93.901502,218.97659562126432,PHL_AR,Arkansas Department of Health Lab,State_PHL
05093,Mississippi County,Arkansas,38095,35.766944,-90.052207,233.24453328972794,PHL_AR,Arkansas Department of Health Lab,State_PHL
05095,Monroe County,Arkansas,6415,34.679512,-91.20331,101.91579431007669,PHL_AR,Arkansas Department of Health Lab,State_PHL
05097,Montgomery County,Arkansas,8510,34.545656,-93.664153,126.08143848667892,PHL_AR,Arkansas Department of Health Lab,State_PHL
05099,Nevada County,Arkansas,8004,33.666699,-93.305072,152.90305446502413,PHL_AR,Arkansas Department of Health Lab,State_PHL
05101,Newton County,Arkansas,7026,35.910742,-93.215898,150.9550627518661,PHL_AR,Arkansas Department of Health Lab,State_PHL
05103,Ouachita County,Arkansas,21684,33.591168,-92.878413,141.05335658407134,PHL_AR,Arkansas Department of Health Lab,State_PHL
05105,Perry County,Arkansas,10251,34.946363,-92.926877,59.334540449018185,PHL_AR,Arkansas Department of Health Lab,State_PHL
05107,Phillips County,Arkansas,14661,34.423687,-90.855593,138.85375094422892,PHL_AR,Arkansas Department of Health Lab,State_PHL
05109,Pike County,Arkansas,10027,34.158191,-93.658659,140.89636568851344,PHL_AR,Arkansas Department of Health Lab,State_PHL
05111,Poinsett County,Arkansas,22300,35.56887,-90.681104,172.8756654165243,PHL_AR,Arkansas Department of Health Lab,State_PHL
05113,Polk County,Arkansas,19434,34.49096,-94.230894,178.20276975282252,PHL_AR,Arkansas Department of Health Lab,State_PHL
05115,Pope County,Arkansas,64829,35.456557,-93.026818,100.19156964957946,PHL_AR,Arkansas Department of Health Lab,State_PHL
05117,Prairie County,Arkansas,7935,34.831116,-91.55362,69.66492135487302,PHL_AR,Arkansas Department of Health Lab,State_PHL
05119,Pulaski County,Arkansas,401209,34.770311,-92.312996,0.0,PHL_AR,Arkansas Department of Health Lab,State_PHL
05121,Randolph County,Arkansas,19040,36.341298,-91.028441,209.80037292349323,PHL_AR,Arkansas Department of Health Lab,State_PHL
05123,St. Francis County,Arkansas,21822,35.022838,-90.751506,145.148964555708,PHL_AR,Arkansas Department of Health Lab,State_PHL
05125,Saline County,Arkansas,131252,34.648525,-92.674463,35.70833841686048,PHL_AR,Arkansas Department of Health Lab,State_PHL
05127,Scott County,Arkansas,9837,34.858869,-94.063641,160.11996111024817,PHL_AR,Arkansas Department of Health Lab,State_PHL
05129,Searcy County,Arkansas,7836,35.896387,-92.695888,129.94164399202936,PHL_AR,Arkansas Department of Health Lab,State_PHL
05131,Sebastian County,Arkansas,130035,35.196981,-94.274989,184.9303826411172,PHL_AR,Arkansas Department of Health Lab,State_PHL
05133,Sevier County,Arkansas,15735,33.994877,-94.243279,197.00291982328835,PHL_AR,Arkansas Department of Health Lab,State_PHL
05135,Sharp County,Arkansas,18130,36.173399,-91.471069,173.64687472243213,PHL_AR,Arkansas Department of Health Lab,State_PHL
05137,Stone County,Arkansas,12785,35.857001,-92.140482,121.8439813462778,PHL_AR,Arkansas Department of Health Lab,State_PHL
05139,Union County,Arkansas,37008,33.168219,-92.598145,180.07451622872816,PHL_AR,Arkansas Department of Health Lab,State_PHL
05141,Van Buren County,Arkansas,16152,35.582953,-92.515976,92.22562313279673,PHL_AR,Arkansas Department of Health Lab,State_PHL
05143,Washington County,Arkansas,266184,35.978001,-94.217269,218.72259819125242,PHL_AR,Arkansas Department of Health Lab,State_PHL
05145,White County,Arkansas,79091,35.255118,-91.753034,74.20701414743239,PHL_AR,Arkansas Department of Health Lab,State_PHL
05147,Woodruff County,Arkansas,5808,35.192777,-91.244535,108.08457110346504,PHL_AR,Arkansas Department of Health Lab,State_PHL
05149,Yell County,Arkansas,20134,34.997713,-93.408303,103.0573968018081,PHL_AR,Arkansas Department of Health Lab,State_PHL
06001,Alameda County,California,1649060,37.647139,-121.912488,30.47670378883025,NIRC_CA,California Dept of Public Health VRDL,NIRC_StatePHL
06003,Alpine County,California,1099,38.621783,-119.798352,203.5397233930291,NIRC_CA,California Dept of Public Health VRDL,NIRC_StatePHL
06005,Amador County,California,42026,38.443549,-120.653858,127.51692131616156,NIRC_CA,California Dept of Public Health VRDL,NIRC_StatePHL
06007,Butte County,California,208334,39.665336,-121.603209,196.46326175477427,NIRC_CA,California Dept of Public Health VRDL,NIRC_StatePHL
06009,Calaveras County,California,46505,38.191068,-120.554107,126.02523645407832,NIRC_CA,California Dept of Public Health VRDL,NIRC_StatePHL
06011,Colusa County,California,22074,39.177739,-122.237563,142.10562677290278,NIRC_CA,California Dept of Public Health VRDL,NIRC_StatePHL
06013,Contra Costa County,California,1172607,37.919479,-121.951543,0.0,NIRC_CA,California Dept of Public Health VRDL,NIRC_StatePHL
06015,Del Norte County,California,27009,41.749903,-123.980998,378.31663831765866,PHL_NV,Nevada State Public Health Laboratory,State_PHL
06017,El Dorado County,California,192823,38.785612,-120.534225,156.6808547804164,NIRC_CA,California Dept of Public Health VRDL,NIRC_StatePHL
06019,Fresno County,California,1024125,36.761006,-119.655019,240.43051688888505,NIRC_CA,California Dept of Public Health VRDL,NIRC_StatePHL
06021,Glenn County,California,28304,39.602546,-122.4017,191.17446984667225,NIRC_CA,California Dept of Public Health VRDL,NIRC_StatePHL
06023,Humboldt County,California,132380,40.706655,-123.926176,353.399401148941,NIRC_CA,California Dept of Public Health VRDL,NIRC_StatePHL
06025,Imperial County,California,181724,33.040814,-115.3554,267.93555501102304,PHL_AZ,Arizona State Public Health Laboratory,State_PHL
06027,Inyo County,California,18485,36.56216,-117.404209,274.3077585702884,MUN_LAC,Los Angeles County Public Health Lab,ELC_Direct_City
06029,Kern County,California,922529,35.346629,-118.729506,134.84332713142427,MUN_LAC,Los Angeles County Public Health Lab,ELC_Direct_City
06031,Kings County,California,154913,36.072478,-119.81553,251.9417595391478,MUN_LAC,Los Angeles County Public Health Lab,ELC_Direct_City
06033,Lake County,California,67764,39.108009,-122.745217,149.11001016927824,NIRC_CA,California Dept of Public Health VRDL,NIRC_StatePHL
06035,Lassen County,California,28340,40.715287,-120.621223,80.74720894049696,PHL_NV,Nevada State Public Health Laboratory,State_PHL
06037,Los Angeles County,California,9757179,34.196398,-118.261862,0.0,MUN_LAC,Los Angeles County Public Health Lab,ELC_Direct_City
06039,Madera County,California,165432,37.209821,-119.749802,209.4850899350064,NIRC_CA,California Dept of Public Health VRDL,NIRC_StatePHL
06041,Marin County,California,256400,38.051367,-122.746396,71.18779124707638,NIRC_CA,California Dept of Public Health VRDL,NIRC_StatePHL
06043,Mariposa County,California,17048,37.574343,-119.911721,183.4058347404339,NIRC_CA,California Dept of Public Health VRDL,NIRC_StatePHL
06045,Mendocino County,California,89175,39.432388,-123.442881,212.268019613776,NIRC_CA,California Dept of Public Health VRDL,NIRC_StatePHL
06047,Merced County,California,296774,37.194806,-120.722802,134.99690631068276,NIRC_CA,California Dept of Public Health VRDL,NIRC_StatePHL
06049,Modoc County,California,8491,41.592918,-120.71837,130.30551997699368,PHL_NV,Nevada State Public Health Laboratory,State_PHL
06051,Mono County,California,12991,37.915836,-118.875167,269.8511230148865,NIRC_CA,California Dept of Public Health VRDL,NIRC_StatePHL
06053,Monterey County,California,436251,36.240104,-121.315578,195.07261893447125,NIRC_CA,California Dept of Public Health VRDL,NIRC_StatePHL
06055,Napa County,California,132727,38.5071,-122.325904,73.06909326223503,NIRC_CA,California Dept of Public Health VRDL,NIRC_StatePHL
06057,Nevada County,California,102195,39.297508,-120.771343,184.37452726592008,NIRC_CA,California Dept of Public Health VRDL,NIRC_StatePHL
06059,Orange County,California,3170435,33.675687,-117.777207,73.15417909776485,MUN_LAC,Los Angeles County Public Health Lab,ELC_Direct_City
06061,Placer County,California,433822,39.062032,-120.722718,166.06458452846502,NIRC_CA,California Dept of Public Health VRDL,NIRC_StatePHL
06063,Plumas County,California,18834,39.992295,-120.824371,128.18083217548983,PHL_NV,Nevada State Public Health Laboratory,State_PHL
06065,Riverside County,California,2529933,33.729828,-116.002239,214.74863722822366,MUN_LAC,Los Angeles County Public Health Lab,ELC_Direct_City
06067,Sacramento County,California,1611231,38.450136,-121.344329,79.36158160317733,NIRC_CA,California Dept of Public Health VRDL,NIRC_StatePHL
06069,San Benito County,California,69159,36.611651,-121.085811,164.36741342433854,NIRC_CA,California Dept of Public Health VRDL,NIRC_StatePHL
06071,San Bernardino County,California,2214281,34.856661,-116.181571,204.22175542771916,MUN_LAC,Los Angeles County Public Health Lab,ELC_Direct_City
06073,San Diego County,California,3298799,33.023604,-116.776117,189.56590533144674,MUN_LAC,Los Angeles County Public Health Lab,ELC_Direct_City
06075,San Francisco County,California,827526,37.727239,-123.032229,97.29691510046898,NIRC_CA,California Dept of Public Health VRDL,NIRC_StatePHL
06077,San Joaquin County,California,816108,37.934982,-121.272244,59.60589444894453,NIRC_CA,California Dept of Public Health VRDL,NIRC_StatePHL
06079,San Luis Obispo County,California,281843,35.388189,-120.448897,239.66953629191548,MUN_LAC,Los Angeles County Public Health Lab,ELC_Direct_City
06081,San Mateo County,California,742893,37.414672,-122.371546,67.21180116546354,NIRC_CA,California Dept of Public Health VRDL,NIRC_StatePHL
06083,Santa Barbara County,California,444500,34.536677,-120.038364,167.3863609870612,MUN_LAC,Los Angeles County Public Health Lab,ELC_Direct_City
06085,Santa Clara County,California,1926325,37.221614,-121.68954,80.96170945210933,NIRC_CA,California Dept of Public Health VRDL,NIRC_StatePHL
06087,Santa Cruz County,California,262406,37.012347,-122.007789,100.99054637407386,NIRC_CA,California Dept of Public Health VRDL,NIRC_StatePHL
06089,Shasta County,California,181121,40.760514,-122.043556,200.54158343799304,PHL_NV,Nevada State Public Health Laboratory,State_PHL
06091,Sierra County,California,3113,39.576925,-120.521993,147.65717212401665,PHL_NV,Nevada State Public Health Laboratory,State_PHL
06093,Siskiyou County,California,42498,41.587986,-122.533287,258.44428137092547,PHL_NV,Nevada State Public Health Laboratory,State_PHL
06095,Solano County,California,455101,38.267226,-121.939594,38.68183821306542,NIRC_CA,California Dept of Public Health VRDL,NIRC_StatePHL
06097,Sonoma County,California,485375,38.525182,-122.92611,108.55338457436112,NIRC_CA,California Dept of Public Health VRDL,NIRC_StatePHL
06099,Stanislaus County,California,556972,37.562316,-121.002831,92.3921429810145,NIRC_CA,California Dept of Public Health VRDL,NIRC_StatePHL
06101,Sutter County,California,98545,39.03619,-121.70394,126.02915034683532,NIRC_CA,California Dept of Public Health VRDL,NIRC_StatePHL
06103,Tehama County,California,64451,40.126157,-122.232274,227.61185999122824,PHL_NV,Nevada State Public Health Laboratory,State_PHL
06105,Trinity County,California,15642,40.647858,-123.114666,291.12979567577406,PHL_NV,Nevada State Public Health Laboratory,State_PHL
06107,Tulare County,California,483546,36.228834,-118.781055,230.8650312261597,MUN_LAC,Los Angeles County Public Health Lab,ELC_Direct_City
06109,Tuolumne County,California,53893,38.021434,-119.964733,174.5251948639258,NIRC_CA,California Dept of Public Health VRDL,NIRC_StatePHL
06111,Ventura County,California,835427,34.358748,-119.133145,82.06549980278162,MUN_LAC,Los Angeles County Public Health Lab,ELC_Direct_City
06113,Yolo County,California,225251,38.679609,-121.90275,84.62977271455557,NIRC_CA,California Dept of Public Health VRDL,NIRC_StatePHL
06115,Yuba County,California,87469,39.27013,-121.344259,159.18785207595826,NIRC_CA,California Dept of Public Health VRDL,NIRC_StatePHL
08001,Adams County,Colorado,542973,39.874325,-104.331872,48.54675327895201,ISC_CO,Colorado Dept of Public Health & Env Lab,ISC_StatePHL
08003,Alamosa County,Colorado,16689,37.568442,-105.788041,256.28743007034063,ISC_CO,Colorado Dept of Public Health & Env Lab,ISC_StatePHL
08005,Arapahoe County,Colorado,666918,39.644554,-104.331706,48.77675709965606,ISC_CO,Colorado Dept of Public Health & Env Lab,ISC_StatePHL
08007,Archuleta County,Colorado,14112,37.202395,-107.050863,241.379077542584,PHL_NM,New Mexico Scientific Laboratory Division,State_PHL
08009,Baca County,Colorado,3367,37.30978,-102.543741,340.0779622999601,ISC_CO,Colorado Dept of Public Health & Env Lab,ISC_StatePHL
08011,Bent County,Colorado,5779,37.931891,-103.077584,256.50069144027884,ISC_CO,Colorado Dept of Public Health & Env Lab,ISC_StatePHL
08013,Boulder County,Colorado,330262,40.094971,-105.39771,57.55432128436753,ISC_CO,Colorado Dept of Public Health & Env Lab,ISC_StatePHL
08014,Broomfield County,Colorado,78323,39.953593,-105.050787,25.775053994536723,ISC_CO,Colorado Dept of Public Health & Env Lab,ISC_StatePHL
08015,Chaffee County,Colorado,20780,38.734599,-106.300025,167.25683621747,ISC_CO,Colorado Dept of Public Health & Env Lab,ISC_StatePHL
08017,Cheyenne County,Colorado,1712,38.835646,-102.601791,221.51733613082286,ISC_CO,Colorado Dept of Public Health & Env Lab,ISC_StatePHL
08019,Clear Creek County,Colorado,9076,39.689403,-105.670783,68.01301688194809,ISC_CO,Colorado Dept of Public Health & Env Lab,ISC_StatePHL
08021,Conejos County,Colorado,7549,37.213406,-106.176447,244.196174718689,PHL_NM,New Mexico Scientific Laboratory Division,State_PHL
08023,Costilla County,Colorado,3686,37.277547,-105.42894,271.18440821453095,PHL_NM,New Mexico Scientific Laboratory Division,State_PHL
08025,Crowley County,Colorado,5600,38.30618,-103.772736,188.0504060634874,ISC_CO,Colorado Dept of Public Health & Env Lab,ISC_StatePHL
08027,Custer County,Colorado,5553,38.101996,-105.373512,189.41703301361653,ISC_CO,Colorado Dept of Public Health & Env Lab,ISC_StatePHL
08029,Delta County,Colorado,32215,38.861423,-107.865043,275.5320599025111,ISC_CO,Colorado Dept of Public Health & Env Lab,ISC_StatePHL
08031,Denver County,Colorado,729019,39.76185,-104.881105,0.0,ISC_CO,Colorado Dept of Public Health & Env Lab,ISC_StatePHL
08033,Dolores County,Colorado,2467,37.733823,-108.506219,340.3589774213313,PHL_NM,New Mexico Scientific Laboratory Division,State_PHL
08035,Douglas County,Colorado,393995,39.325414,-104.925987,48.68182433589748,ISC_CO,Colorado Dept of Public Health & Env Lab,ISC_StatePHL
08037,Eagle County,Colorado,54330,39.626992,-106.695169,155.9317157523149,ISC_CO,Colorado Dept of Public Health & Env Lab,ISC_StatePHL
08039,Elbert County,Colorado,29382,39.315157,-104.114076,82.42202508058537,ISC_CO,Colorado Dept of Public Health & Env Lab,ISC_StatePHL
08041,El Paso County,Colorado,752772,38.827383,-104.527472,108.27224776094985,ISC_CO,Colorado Dept of Public Health & Env Lab,ISC_StatePHL
08043,Fremont County,Colorado,50093,38.45517,-105.424958,152.68471028209282,ISC_CO,Colorado Dept of Public Health & Env Lab,ISC_StatePHL
08045,Garfield County,Colorado,63167,39.599352,-107.90978,259.80257055002323,ISC_CO,Colorado Dept of Public Health & Env Lab,ISC_StatePHL
08047,Gilpin County,Colorado,5963,39.861156,-105.528878,56.42047271980459,ISC_CO,Colorado Dept of Public Health & Env Lab,ISC_StatePHL
08049,Grand County,Colorado,16154,40.113065,-106.110837,111.88077044332773,ISC_CO,Colorado Dept of Public Health & Env Lab,ISC_StatePHL
08051,Gunnison County,Colorado,17310,38.670499,-107.05688,223.28576132715187,ISC_CO,Colorado Dept of Public Health & Env Lab,ISC_StatePHL
08053,Hinsdale County,Colorado,747,37.811519,-107.383974,306.71788125155194,ISC_CO,Colorado Dept of Public Health & Env Lab,ISC_StatePHL
08055,Huerfano County,Colorado,6988,37.687815,-104.959928,230.72348546602933,ISC_CO,Colorado Dept of Public Health & Env Lab,ISC_StatePHL
08057,Jackson County,Colorado,1273,40.663432,-106.329248,156.60070336703728,PHL_WY,Wyoming Public Health Laboratory,State_PHL
08059,Jefferson County,Colorado,578533,39.579511,-105.245462,37.19670651862292,ISC_CO,Colorado Dept of Public Health & Env Lab,ISC_StatePHL
08061,Kiowa County,Colorado,1392,38.387663,-102.756849,238.67949167349505,ISC_CO,Colorado Dept of Public Health & Env Lab,ISC_StatePHL
08063,Kit Carson County,Colorado,7080,39.30534,-102.603023,201.8469720243158,ISC_CO,Colorado Dept of Public Health & Env Lab,ISC_StatePHL
08065,Lake County,Colorado,7369,39.205341,-106.350079,140.4345597162192,ISC_CO,Colorado Dept of Public Health & Env Lab,ISC_StatePHL
08067,La Plata County,Colorado,56823,37.287367,-107.839718,269.6869352661882,PHL_NM,New Mexico Scientific Laboratory Division,State_PHL
08069,Larimer County,Colorado,374574,40.658093,-105.486764,98.96518962588796,PHL_WY,Wyoming Public Health Laboratory,State_PHL
08071,Las Animas County,Colorado,14518,37.318831,-104.04411,281.23186132999416,ISC_CO,Colorado Dept of Public Health & Env Lab,ISC_StatePHL
08073,Lincoln County,Colorado,5598,38.99374,-103.507555,145.71128194976868,ISC_CO,Colorado Dept of Public Health & Env Lab,ISC_StatePHL
08075,Logan County,Colorado,20755,40.728091,-103.090464,145.92655786093383,PHL_WY,Wyoming Public Health Laboratory,State_PHL
08077,Mesa County,Colorado,161260,39.019524,-108.460571,318.4599075258604,ISC_CO,Colorado Dept of Public Health & Env Lab,ISC_StatePHL
08079,Mineral County,Colorado,933,37.549069,-107.003235,279.090811869067,PHL_NM,New Mexico Scientific Laboratory Division,State_PHL
08081,Moffat County,Colorado,13142,40.610864,-108.217154,298.6761745426536,ISC_CO,Colorado Dept of Public Health & Env Lab,ISC_StatePHL
08083,Montezuma County,Colorado,26841,37.338025,-108.595786,307.25110541822914,PHL_NM,New Mexico Scientific Laboratory Division,State_PHL
08085,Montrose County,Colorado,44806,38.407507,-108.266282,328.67277750855914,ISC_CO,Colorado Dept of Public Health & Env Lab,ISC_StatePHL
08087,Morgan County,Colorado,30300,40.263159,-103.81221,106.74201806566029,ISC_CO,Colorado Dept of Public Health & Env Lab,ISC_StatePHL
08089,Otero County,Colorado,17991,37.88417,-103.72126,231.70162666242817,ISC_CO,Colorado Dept of Public Health & Env Lab,ISC_StatePHL
08091,Ouray County,Colorado,5197,38.154731,-107.78848,308.40427812520306,ISC_CO,Colorado Dept of Public Health & Env Lab,ISC_StatePHL
08093,Park County,Colorado,18316,39.118914,-105.717648,101.34803893482531,ISC_CO,Colorado Dept of Public Health & Env Lab,ISC_StatePHL
08095,Phillips County,Colorado,4488,40.594712,-102.345105,209.37691328261,PHL_WY,Wyoming Public Health Laboratory,State_PHL
08097,Pitkin County,Colorado,16643,39.217541,-106.916162,184.82069686443344,ISC_CO,Colorado Dept of Public Health & Env Lab,ISC_StatePHL
08099,Prowers County,Colorado,11957,37.958443,-102.391754,294.3737835609451,ISC_CO,Colorado Dept of Public Health & Env Lab,ISC_StatePHL
08101,Pueblo County,Colorado,169866,38.162765,-104.484668,181.08306740233726,ISC_CO,Colorado Dept of Public Health & Env Lab,ISC_StatePHL
08103,Rio Blanco County,Colorado,6607,39.972622,-108.200716,284.2653567828235,ISC_CO,Colorado Dept of Public Health & Env Lab,ISC_StatePHL
08105,Rio Grande County,Colorado,11132,37.485853,-106.453128,271.1428626735394,PHL_NM,New Mexico Scientific Laboratory Division,State_PHL
08107,Routt County,Colorado,25243,40.483664,-106.987702,196.27081809680192,ISC_CO,Colorado Dept of Public Health & Env Lab,ISC_StatePHL
08109,Saguache County,Colorado,6670,38.031651,-106.234666,225.23688430168775,ISC_CO,Colorado Dept of Public Health & Env Lab,ISC_StatePHL
08111,San Juan County,Colorado,821,37.781049,-107.670257,316.2237275479344,PHL_NM,New Mexico Scientific Laboratory Division,State_PHL
08113,San Miguel County,Colorado,7819,38.009319,-108.427263,363.52567223424535,ISC_CO,Colorado Dept of Public Health & Env Lab,ISC_StatePHL
08115,Sedgwick County,Colorado,2257,40.871568,-102.355358,198.78767383821113,PHL_WY,Wyoming Public Health Laboratory,State_PHL
08117,Summit County,Colorado,30882,39.621023,-106.137555,108.64032652026728,ISC_CO,Colorado Dept of Public Health & Env Lab,ISC_StatePHL
08119,Teller County,Colorado,24862,38.869976,-105.187365,102.61174069556183,ISC_CO,Colorado Dept of Public Health & Env Lab,ISC_StatePHL
08121,Washington County,Colorado,4771,39.96579,-103.209744,144.43944239925375,ISC_CO,Colorado Dept of Public Health & Env Lab,ISC_StatePHL
08123,Weld County,Colorado,369745,40.555961,-104.383666,85.17069072789167,PHL_WY,Wyoming Public Health Laboratory,State_PHL
08125,Yuma County,Colorado,10048,40.00077,-102.421649,211.52863549959838,ISC_CO,Colorado Dept of Public Health & Env Lab,ISC_StatePHL
09110,Capitol Planning Region,Connecticut,991508,41.81697,-72.575886,0.0,PHL_CT,Connecticut Dept of Public Health Lab,State_PHL
09120,Greater Bridgeport Planning Region,Connecticut,335666,41.184558,-73.209401,78.33182866831422,MUN_NYC,NYC Public Health Laboratory,ELC_Direct_City
09130,Lower Connecticut River Valley Planning Region,Connecticut,177540,41.420307,-72.493525,44.63510993752226,PHL_CT,Connecticut Dept of Public Health Lab,State_PHL
09140,Naugatuck Valley Planning Region,Connecticut,462220,41.518931,-73.087906,53.91748160289425,PHL_CT,Connecticut Dept of Public Health Lab,State_PHL
09150,Northeastern Connecticut Planning Region,Connecticut,97701,41.842375,-71.972655,32.775606095888946,PHL_RI,Rhode Island State Health Laboratories,State_PHL
09160,Northwest Hills Planning Region,Connecticut,114101,41.854809,-73.221494,53.65160465602029,PHL_CT,Connecticut Dept of Public Health Lab,State_PHL
09170,South Central Connecticut Planning Region,Connecticut,576718,41.290167,-72.837024,62.478194917718874,PHL_CT,Connecticut Dept of Public Health Lab,State_PHL
09180,Southeastern Connecticut Planning Region,Connecticut,282602,41.484769,-72.101666,54.008423543230315,PHL_CT,Connecticut Dept of Public Health Lab,State_PHL
09190,Western Connecticut Planning Region,Connecticut,637013,41.279055,-73.44655,71.06576298825784,MUN_NYC,NYC Public Health Laboratory,ELC_Direct_City
10001,Kent County,Delaware,192690,39.097088,-75.502982,0.0,PHL_DE,Delaware Public Health Laboratory,State_PHL
10003,New Castle County,Delaware,588093,39.575915,-75.644132,45.179092962690575,PHL_PA,Pennsylvania Bureau of Laboratories,State_PHL
10005,Sussex County,Delaware,271134,38.673227,-75.337024,49.271534764790374,PHL_DE,Delaware Public Health Laboratory,State_PHL
11001,District of Columbia,District of Columbia,702250,38.904247,-77.016517,0.0,PHL_DC,DC Public Health Laboratory (DFS),State_PHL
12001,Alachua County,Florida,291782,29.67574,-82.357221,100.20021463519682,ISC_FL,Florida Bureau of Public Health Laboratories,ISC_StatePHL
12003,Baker County,Florida,29325,30.324442,-82.302284,62.79610003454565,ISC_FL,Florida Bureau of Public Health Laboratories,ISC_StatePHL
12005,Bay County,Florida,199718,30.15914,-85.534395,236.02250149774773,PHL_AL,Alabama Bureau of Clinical Laboratories,State_PHL
12007,Bradford County,Florida,28075,29.952386,-82.166698,65.56650371966084,ISC_FL,Florida Bureau of Public Health Laboratories,ISC_StatePHL
12009,Brevard County,Florida,658447,28.298311,-80.700333,244.42363259628465,ISC_FL,Florida Bureau of Public Health Laboratories,ISC_StatePHL
12011,Broward County,Florida,2037472,26.193535,-80.476683,474.60075804577684,ISC_FL,Florida Bureau of Public Health Laboratories,ISC_StatePHL
12013,Calhoun County,Florida,13278,30.388801,-85.197915,223.2362631324884,PHL_AL,Alabama Bureau of Clinical Laboratories,State_PHL
12015,Charlotte County,Florida,212122,26.906396,-82.003657,382.8458695167141,ISC_FL,Florida Bureau of Public Health Laboratories,ISC_StatePHL
12017,Citrus County,Florida,170174,28.850292,-82.595552,188.8265272727192,ISC_FL,Florida Bureau of Public Health Laboratories,ISC_StatePHL
12019,Clay County,Florida,236760,29.986584,-81.865036,44.022704826557515,ISC_FL,Florida Bureau of Public Health Laboratories,ISC_StatePHL
12021,Collier County,Florida,416233,26.118786,-81.400955,469.4732058706111,ISC_FL,Florida Bureau of Public Health Laboratories,ISC_StatePHL
12023,Columbia County,Florida,73977,30.221651,-82.623371,94.49806997775553,ISC_FL,Florida Bureau of Public Health Laboratories,ISC_StatePHL
12027,DeSoto County,Florida,36744,27.190581,-81.806253,350.01012578826334,ISC_FL,Florida Bureau of Public Health Laboratories,ISC_StatePHL
12029,Dixie County,Florida,17614,29.552675,-83.236232,176.02734476266536,ISC_FL,Florida Bureau of Public Health Laboratories,ISC_StatePHL
12031,Duval County,Florida,1055159,30.335245,-81.648113,0.0,ISC_FL,Florida Bureau of Public Health Laboratories,ISC_StatePHL
12033,Escambia County,Florida,331275,30.529998,-87.320322,214.06659503241121,PHL_AL,Alabama Bureau of Clinical Laboratories,State_PHL
12035,Flagler County,Florida,136744,29.474891,-81.286253,101.82686831806053,ISC_FL,Florida Bureau of Public Health Laboratories,ISC_StatePHL
12037,Franklin County,Florida,12979,29.677794,-84.815213,310.4587302233943,PHL_AL,Alabama Bureau of Clinical Laboratories,State_PHL
12039,Gadsden County,Florida,44151,30.578687,-84.612607,235.46604406669005,PHL_AL,Alabama Bureau of Clinical Laboratories,State_PHL
12041,Gilchrist County,Florida,20233,29.723456,-82.795801,129.74904352721407,ISC_FL,Florida Bureau of Public Health Laboratories,ISC_StatePHL
12043,Glades County,Florida,13132,26.95481,-81.19082,378.52543799128256,ISC_FL,Florida Bureau of Public Health Laboratories,ISC_StatePHL
12045,Gulf County,Florida,15876,29.859238,-85.272013,275.32545666805595,PHL_AL,Alabama Bureau of Clinical Laboratories,State_PHL
12047,Hamilton County,Florida,14334,30.498438,-82.951116,126.25581111810516,ISC_FL,Florida Bureau of Public Health Laboratories,ISC_StatePHL
12049,Hardee County,Florida,26068,27.492846,-81.82158,316.51083615196893,ISC_FL,Florida Bureau of Public Health Laboratories,ISC_StatePHL
12051,Hendry County,Florida,46130,26.539967,-81.152114,424.7912644834759,ISC_FL,Florida Bureau of Public Health Laboratories,ISC_StatePHL
12053,Hernando County,Florida,218150,28.555995,-82.525969,215.32891922111048,ISC_FL,Florida Bureau of Public Health Laboratories,ISC_StatePHL
12055,Highlands County,Florida,109778,27.34108,-81.342353,334.2648188184073,ISC_FL,Florida Bureau of Public Health Laboratories,ISC_StatePHL
12057,Hillsborough County,Florida,1581426,27.893154,-82.379991,280.69899435189336,ISC_FL,Florida Bureau of Public Health Laboratories,ISC_StatePHL
12059,Holmes County,Florida,19876,30.862007,-85.815939,153.57768861374146,PHL_AL,Alabama Bureau of Clinical Laboratories,State_PHL
12061,Indian River County,Florida,172139,27.700528,-80.574789,310.9956544930585,ISC_FL,Florida Bureau of Public Health Laboratories,ISC_StatePHL
12063,Jackson County,Florida,49980,30.789249,-85.208814,183.35410222772862,PHL_AL,Alabama Bureau of Clinical Laboratories,State_PHL
12065,Jefferson County,Florida,15921,30.396898,-83.921761,218.23882908615252,ISC_FL,Florida Bureau of Public Health Laboratories,ISC_StatePHL
12067,Lafayette County,Florida,8640,29.990066,-83.17851,152.05393942076083,ISC_FL,Florida Bureau of Public Health Laboratories,ISC_StatePHL
12069,Lake County,Florida,444204,28.764113,-81.712282,174.81212977700696,ISC_FL,Florida Bureau of Public Health Laboratories,ISC_StatePHL
12071,Lee County,Florida,860959,26.563273,-81.984182,420.70824707039816,ISC_FL,Florida Bureau of Public Health Laboratories,ISC_StatePHL
12073,Leon County,Florida,300488,30.45931,-84.2778,252.58404564843286,ISC_FL,Florida Bureau of Public Health Laboratories,ISC_StatePHL
12075,Levy County,Florida,47765,29.271854,-82.831233,164.3545646008238,ISC_FL,Florida Bureau of Public Health Laboratories,ISC_StatePHL
12077,Liberty County,Florida,7955,30.259849,-84.86858,250.6184523268627,PHL_AL,Alabama Bureau of Clinical Laboratories,State_PHL
12079,Madison County,Florida,18364,30.447233,-83.470416,175.22863520163307,ISC_FL,Florida Bureau of Public Health Laboratories,ISC_StatePHL
12081,Manatee County,Florida,458352,27.475556,-82.393144,326.14505323000697,ISC_FL,Florida Bureau of Public Health Laboratories,ISC_StatePHL
12083,Marion County,Florida,428905,29.202805,-82.0431,131.56606586185438,ISC_FL,Florida Bureau of Public Health Laboratories,ISC_StatePHL
12085,Martin County,Florida,165666,27.083604,-80.398201,381.5513258118746,ISC_FL,Florida Bureau of Public Health Laboratories,ISC_StatePHL
12086,Miami-Dade County,Florida,2838461,25.616009,-80.50375,536.640927851452,ISC_FL,Florida Bureau of Public Health Laboratories,ISC_StatePHL
12087,Monroe County,Florida,80908,25.58612,-81.022603,531.6363584284717,ISC_FL,Florida Bureau of Public Health Laboratories,ISC_StatePHL
12089,Nassau County,Florida,104376,30.605963,-81.765087,32.122171899015385,ISC_FL,Florida Bureau of Public Health Laboratories,ISC_StatePHL
12091,Okaloosa County,Florida,220483,30.614325,-86.59108,180.40925804779675,PHL_AL,Alabama Bureau of Clinical Laboratories,State_PHL
12093,Okeechobee County,Florida,42369,27.385592,-80.887388,336.24547409532187,ISC_FL,Florida Bureau of Public Health Laboratories,ISC_StatePHL
12095,Orange County,Florida,1533646,28.514391,-81.323284,204.8988954097632,ISC_FL,Florida Bureau of Public Health Laboratories,ISC_StatePHL
12097,Osceola County,Florida,468058,28.059027,-81.139312,257.87617209916,ISC_FL,Florida Bureau of Public Health Laboratories,ISC_StatePHL
12099,Palm Beach County,Florida,1582055,26.649126,-80.448354,426.3074784628492,ISC_FL,Florida Bureau of Public Health Laboratories,ISC_StatePHL
12101,Pasco County,Florida,659114,28.309823,-82.511006,240.24864804673823,ISC_FL,Florida Bureau of Public Health Laboratories,ISC_StatePHL
12103,Pinellas County,Florida,965870,27.905342,-82.798066,292.36754411844487,ISC_FL,Florida Bureau of Public Health Laboratories,ISC_StatePHL
12105,Polk County,Florida,852878,27.953686,-81.693493,264.85393831672377,ISC_FL,Florida Bureau of Public Health Laboratories,ISC_StatePHL
12107,Putnam County,Florida,77301,29.593896,-81.732039,82.82974519879234,ISC_FL,Florida Bureau of Public Health Laboratories,ISC_StatePHL
12109,St. Johns County,Florida,334928,29.890487,-81.40004,54.91039786490805,ISC_FL,Florida Bureau of Public Health Laboratories,ISC_StatePHL
12111,St. Lucie County,Florida,390670,27.379814,-80.443536,348.93079644175106,ISC_FL,Florida Bureau of Public Health Laboratories,ISC_StatePHL
12113,Santa Rosa County,Florida,207653,30.675348,-87.018919,186.60113180449486,PHL_AL,Alabama Bureau of Clinical Laboratories,State_PHL
12115,Sarasota County,Florida,476604,27.225329,-82.423714,353.96819214493183,ISC_FL,Florida Bureau of Public Health Laboratories,ISC_StatePHL
12117,Seminole County,Florida,494605,28.690065,-81.131975,189.63026296254696,ISC_FL,Florida Bureau of Public Health Laboratories,ISC_StatePHL
12119,Sumter County,Florida,154693,28.713326,-82.069522,184.90025802184314,ISC_FL,Florida Bureau of Public Health Laboratories,ISC_StatePHL
12121,Suwannee County,Florida,47536,30.189244,-82.992754,130.15782906735458,ISC_FL,Florida Bureau of Public Health Laboratories,ISC_StatePHL
12123,Taylor County,Florida,21843,29.967146,-83.639573,195.8028233978059,ISC_FL,Florida Bureau of Public Health Laboratories,ISC_StatePHL
12125,Union County,Florida,15738,30.05428,-82.366918,75.8187128280154,ISC_FL,Florida Bureau of Public Health Laboratories,ISC_StatePHL
12127,Volusia County,Florida,602772,29.057769,-81.161792,149.61370314338663,ISC_FL,Florida Bureau of Public Health Laboratories,ISC_StatePHL
12129,Wakulla County,Florida,37115,30.091335,-84.359111,261.9013276981359,ISC_FL,Florida Bureau of Public Health Laboratories,ISC_StatePHL
12131,Walton County,Florida,89666,30.571247,-86.162798,181.47251507643307,PHL_AL,Alabama Bureau of Clinical Laboratories,State_PHL
12133,Washington County,Florida,26503,30.602102,-85.655805,185.45771721973134,PHL_AL,Alabama Bureau of Clinical Laboratories,State_PHL
13001,Appling County,Georgia,18669,31.739726,-82.290102,167.72078644194391,ISC_FL,Florida Bureau of Public Health Laboratories,ISC_StatePHL
13003,Atkinson County,Georgia,8435,31.296806,-82.878151,158.83628994451584,ISC_FL,Florida Bureau of Public Health Laboratories,ISC_StatePHL
13005,Bacon County,Georgia,11045,31.55021,-82.451433,155.30759420778386,ISC_FL,Florida Bureau of Public Health Laboratories,ISC_StatePHL
13007,Baker County,Georgia,2732,31.31958,-84.454881,192.36945197590015,PHL_AL,Alabama Bureau of Clinical Laboratories,State_PHL
13009,Baldwin County,Georgia,43644,33.05949,-83.255457,119.88909385404837,FED_CDC,CDC NCIRD Influenza Division,Federal_HQ
13011,Banks County,Georgia,20318,34.351922,-83.498441,93.13140098380062,FED_CDC,CDC NCIRD Influenza Division,Federal_HQ
13013,Barrow County,Georgia,96294,33.992009,-83.712303,53.45597700127347,FED_CDC,CDC NCIRD Influenza Division,Federal_HQ
13015,Bartow County,Georgia,117508,34.240917,-84.838188,76.90931168869702,FED_CDC,CDC NCIRD Influenza Division,Federal_HQ
13017,Ben Hill County,Georgia,16945,31.740772,-83.147197,211.71259524285222,ISC_FL,Florida Bureau of Public Health Laboratories,ISC_StatePHL
13019,Berrien County,Georgia,18666,31.288652,-83.22787,184.38641264561363,ISC_FL,Florida Bureau of Public Health Laboratories,ISC_StatePHL
13021,Bibb County,Georgia,157056,32.80899,-83.69406,117.82306944019072,FED_CDC,CDC NCIRD Influenza Division,Federal_HQ
13023,Bleckley County,Georgia,12626,32.435403,-83.331717,170.25833918195957,FED_CDC,CDC NCIRD Influenza Division,Federal_HQ
13025,Brantley County,Georgia,18795,31.197334,-81.982978,101.05816910037022,ISC_FL,Florida Bureau of Public Health Laboratories,ISC_StatePHL
13027,Brooks County,Georgia,16344,30.822934,-83.581905,192.89935518447587,ISC_FL,Florida Bureau of Public Health Laboratories,ISC_StatePHL
13029,Bryan County,Georgia,51105,32.017969,-81.438543,188.16944061598497,ISC_FL,Florida Bureau of Public Health Laboratories,ISC_StatePHL
13031,Bulloch County,Georgia,85454,32.394498,-81.741449,197.96938251301293,PHL_SC,South Carolina Public Health Laboratory,State_PHL
13033,Burke County,Georgia,24472,33.060181,-82.000164,148.4574182818309,PHL_SC,South Carolina Public Health Laboratory,State_PHL
13035,Butts County,Georgia,27127,33.290355,-83.958221,58.90679904704991,FED_CDC,CDC NCIRD Influenza Division,Federal_HQ
13037,Calhoun County,Georgia,5441,31.521279,-84.62629,167.20355433073595,PHL_AL,Alabama Bureau of Clinical Laboratories,State_PHL
13039,Camden County,Georgia,59099,30.913358,-81.642019,64.2858772193139,ISC_FL,Florida Bureau of Public Health Laboratories,ISC_StatePHL
13043,Candler County,Georgia,11130,32.40395,-82.071266,211.10471258320305,PHL_SC,South Carolina Public Health Laboratory,State_PHL
13045,Carroll County,Georgia,129911,33.582237,-85.080527,81.77087757159985,FED_CDC,CDC NCIRD Influenza Division,Federal_HQ
13047,Catoosa County,Georgia,68940,34.900212,-85.139385,151.00701382984937,FED_CDC,CDC NCIRD Influenza Division,Federal_HQ
13049,Charlton County,Georgia,13021,30.779904,-82.139644,68.26264340685326,ISC_FL,Florida Bureau of Public Health Laboratories,ISC_StatePHL
13051,Chatham County,Georgia,307336,31.980404,-81.085184,190.6132770256196,ISC_FL,Florida Bureau of Public Health Laboratories,ISC_StatePHL
13053,Chattahoochee County,Georgia,8548,32.347445,-84.788021,134.13167179495457,PHL_AL,Alabama Bureau of Clinical Laboratories,State_PHL
13055,Chattooga County,Georgia,25306,34.474178,-85.345289,129.33795049352148,FED_CDC,CDC NCIRD Influenza Division,Federal_HQ
13057,Cherokee County,Georgia,293513,34.244317,-84.475057,57.441363211721765,FED_CDC,CDC NCIRD Influenza Division,Federal_HQ
13059,Clarke County,Georgia,129995,33.952185,-83.367152,81.86049492710859,FED_CDC,CDC NCIRD Influenza Division,Federal_HQ
13061,Clay County,Georgia,2815,31.619831,-84.992583,131.48243466253012,PHL_AL,Alabama Bureau of Clinical Laboratories,State_PHL
13063,Clayton County,Georgia,297703,33.552242,-84.412973,29.802821018970917,FED_CDC,CDC NCIRD Influenza Division,Federal_HQ
13065,Clinch County,Georgia,6871,30.917653,-82.702614,119.89283954582035,ISC_FL,Florida Bureau of Public Health Laboratories,ISC_StatePHL
13067,Cobb County,Georgia,787538,33.939926,-84.57411,37.22242401225632,FED_CDC,CDC NCIRD Influenza Division,Federal_HQ
13069,Coffee County,Georgia,43851,31.549245,-82.84494,176.77580063490333,ISC_FL,Florida Bureau of Public Health Laboratories,ISC_StatePHL
13071,Colquitt County,Georgia,46977,31.189707,-83.769773,223.8773639356168,ISC_FL,Florida Bureau of Public Health Laboratories,ISC_StatePHL
13073,Columbia County,Georgia,167472,33.552075,-82.249608,135.69524423732545,PHL_SC,South Carolina Public Health Laboratory,State_PHL
13075,Cook County,Georgia,17984,31.152516,-83.429445,192.97100070796768,ISC_FL,Florida Bureau of Public Health Laboratories,ISC_StatePHL
13077,Coweta County,Georgia,158233,33.352897,-84.762138,67.9893252141408,FED_CDC,CDC NCIRD Influenza Division,Federal_HQ
13079,Crawford County,Georgia,12349,32.709448,-83.979168,120.21959007997643,FED_CDC,CDC NCIRD Influenza Division,Federal_HQ
13081,Crisp County,Georgia,19468,31.920268,-83.75653,210.38236380431388,FED_CDC,CDC NCIRD Influenza Division,Federal_HQ
13083,Dade County,Georgia,16068,34.852424,-85.506201,168.1827794492045,FED_CDC,CDC NCIRD Influenza Division,Federal_HQ
13085,Dawson County,Georgia,33748,34.442608,-84.173261,74.87675687647439,FED_CDC,CDC NCIRD Influenza Division,Federal_HQ
13087,Decatur County,Georgia,29391,30.880643,-84.58389,212.60235856687336,PHL_AL,Alabama Bureau of Clinical Laboratories,State_PHL
13089,DeKalb County,Georgia,770307,33.770661,-84.226343,0.0,FED_CDC,CDC NCIRD Influenza Division,Federal_HQ
13091,Dodge County,Georgia,19630,32.164369,-83.167866,204.08634342318786,FED_CDC,CDC NCIRD Influenza Division,Federal_HQ
13093,Dooly County,Georgia,11186,32.151995,-83.807167,184.18649892459,FED_CDC,CDC NCIRD Influenza Division,Federal_HQ
13095,Dougherty County,Georgia,82418,31.532588,-84.20904,202.6366349196656,PHL_AL,Alabama Bureau of Clinical Laboratories,State_PHL
13097,Douglas County,Georgia,151887,33.701242,-84.767314,50.61576146589808,FED_CDC,CDC NCIRD Influenza Division,Federal_HQ
13099,Early County,Georgia,10444,31.324191,-84.906723,156.83855960902508,PHL_AL,Alabama Bureau of Clinical Laboratories,State_PHL
13101,Echols County,Georgia,3698,30.714008,-82.897376,126.85456081038012,ISC_FL,Florida Bureau of Public Health Laboratories,ISC_StatePHL
13103,Effingham County,Georgia,73148,32.361688,-81.343355,189.98031235781303,PHL_SC,South Carolina Public Health Laboratory,State_PHL
13105,Elbert County,Georgia,20152,34.116415,-82.841892,133.3701599125197,FED_CDC,CDC NCIRD Influenza Division,Federal_HQ
13107,Emanuel County,Georgia,23224,32.5912,-82.300195,206.2498218334658,PHL_SC,South Carolina Public Health Laboratory,State_PHL
13109,Evans County,Georgia,10869,32.153083,-81.890153,203.43961301836202,ISC_FL,Florida Bureau of Public Health Laboratories,ISC_StatePHL
13111,Fannin County,Georgia,25854,34.866543,-84.317331,122.14266550109382,FED_CDC,CDC NCIRD Influenza Division,Federal_HQ
13113,Fayette County,Georgia,125107,33.412717,-84.493941,46.8884318290222,FED_CDC,CDC NCIRD Influenza Division,Federal_HQ
13115,Floyd County,Georgia,101390,34.26369,-85.213685,106.23657183568615,FED_CDC,CDC NCIRD Influenza Division,Federal_HQ
13117,Forsyth County,Georgia,280096,34.225143,-84.127408,51.35250345620027,FED_CDC,CDC NCIRD Influenza Division,Federal_HQ
13119,Franklin County,Georgia,25208,34.375266,-83.227532,113.94187231935707,FED_CDC,CDC NCIRD Influenza Division,Federal_HQ
13121,Fulton County,Georgia,1090354,33.790034,-84.468182,22.45491987632769,FED_CDC,CDC NCIRD Influenza Division,Federal_HQ
13123,Gilmer County,Georgia,33327,34.690523,-84.454811,104.41817964280357,FED_CDC,CDC NCIRD Influenza Division,Federal_HQ
13125,Glascock County,Georgia,3008,33.227491,-82.606913,161.8502184220151,FED_CDC,CDC NCIRD Influenza Division,Federal_HQ
13127,Glynn County,Georgia,86540,31.21271,-81.49645,98.63962952771283,ISC_FL,Florida Bureau of Public Health Laboratories,ISC_StatePHL
13129,Gordon County,Georgia,60765,34.509667,-84.873862,101.50705854607503,FED_CDC,CDC NCIRD Influenza Division,Federal_HQ
13131,Grady County,Georgia,26271,30.8759,-84.244965,237.1757972087668,PHL_AL,Alabama Bureau of Clinical Laboratories,State_PHL
13133,Greene County,Georgia,21091,33.576704,-83.166625,100.4066339813405,FED_CDC,CDC NCIRD Influenza Division,Federal_HQ
13135,Gwinnett County,Georgia,1003869,33.958756,-84.025735,27.937871325601137,FED_CDC,CDC NCIRD Influenza Division,Federal_HQ
13137,Habersham County,Georgia,49665,34.634392,-83.525875,115.64451464145596,FED_CDC,CDC NCIRD Influenza Division,Federal_HQ
13139,Hall County,Georgia,221745,34.317569,-83.8185,71.48636944585839,FED_CDC,CDC NCIRD Influenza Division,Federal_HQ
13141,Hancock County,Georgia,8683,33.26922,-83.000465,126.58228782559009,FED_CDC,CDC NCIRD Influenza Division,Federal_HQ
13143,Haralson County,Georgia,32404,33.795165,-85.220063,91.87935731961235,FED_CDC,CDC NCIRD Influenza Division,Federal_HQ
13145,Harris County,Georgia,36929,32.731549,-84.912432,131.98663755373988,FED_CDC,CDC NCIRD Influenza Division,Federal_HQ
13147,Hart County,Georgia,28052,34.348733,-82.96329,132.92545233440495,FED_CDC,CDC NCIRD Influenza Division,Federal_HQ
13149,Heard County,Georgia,12119,33.291347,-85.137886,99.89631546055202,FED_CDC,CDC NCIRD Influenza Division,Federal_HQ
13151,Henry County,Georgia,259315,33.452947,-84.154021,35.95739470762103,FED_CDC,CDC NCIRD Influenza Division,Federal_HQ
13153,Houston County,Georgia,174897,32.458147,-83.662309,155.11014911010255,FED_CDC,CDC NCIRD Influenza Division,Federal_HQ
13155,Irwin County,Georgia,9155,31.604306,-83.277037,209.8343927888011,ISC_FL,Florida Bureau of Public Health Laboratories,ISC_StatePHL
13157,Jackson County,Georgia,93825,34.130905,-83.562557,73.16567937331483,FED_CDC,CDC NCIRD Influenza Division,Federal_HQ
13159,Jasper County,Georgia,17219,33.316981,-83.689151,70.87616649712986,FED_CDC,CDC NCIRD Influenza Division,Federal_HQ
13161,Jeff Davis County,Georgia,15119,31.811615,-82.636825,189.25088401203897,ISC_FL,Florida Bureau of Public Health Laboratories,ISC_StatePHL
13163,Jefferson County,Georgia,15019,33.058176,-82.420004,177.62234842116422,PHL_SC,South Carolina Public Health Laboratory,State_PHL
13165,Jenkins County,Georgia,8836,32.794563,-81.971524,169.62031673297824,PHL_SC,South Carolina Public Health Laboratory,State_PHL
13167,Johnson County,Georgia,9178,32.694584,-82.66397,188.2334612378724,FED_CDC,CDC NCIRD Influenza Division,Federal_HQ
13169,Jones County,Georgia,29047,33.021664,-83.562196,103.62271319237084,FED_CDC,CDC NCIRD Influenza Division,Federal_HQ
13171,Lamar County,Georgia,20690,33.07444,-84.146689,77.76838131797906,FED_CDC,CDC NCIRD Influenza Division,Federal_HQ
13173,Lanier County,Georgia,10464,31.038197,-83.063164,156.2648664329045,ISC_FL,Florida Bureau of Public Health Laboratories,ISC_StatePHL
13175,Laurens County,Georgia,50287,32.39322,-82.926317,195.26440758478256,FED_CDC,CDC NCIRD Influenza Division,Federal_HQ
13177,Lee County,Georgia,34073,31.818419,-84.146681,198.67357315637668,PHL_AL,Alabama Bureau of Clinical Laboratories,State_PHL
13179,Liberty County,Georgia,68607,31.807458,-81.457871,164.70216438880166,ISC_FL,Florida Bureau of Public Health Laboratories,ISC_StatePHL
13181,Lincoln County,Georgia,8049,33.792151,-82.448299,145.465053154105,PHL_SC,South Carolina Public Health Laboratory,State_PHL
13183,Long County,Georgia,20439,31.749563,-81.74287,157.52385034317925,ISC_FL,Florida Bureau of Public Health Laboratories,ISC_StatePHL
13185,Lowndes County,Georgia,122082,30.833145,-83.268995,164.73953829676557,ISC_FL,Florida Bureau of Public Health Laboratories,ISC_StatePHL
13187,Lumpkin County,Georgia,36016,34.56814,-83.998925,91.110386777651,FED_CDC,CDC NCIRD Influenza Division,Federal_HQ
13189,McDuffie County,Georgia,21764,33.48061,-82.479572,158.4204151765641,PHL_SC,South Carolina Public Health Laboratory,State_PHL
13191,McIntosh County,Georgia,11800,31.485629,-81.372141,130.59806578489602,ISC_FL,Florida Bureau of Public Health Laboratories,ISC_StatePHL
13193,Macon County,Georgia,11831,32.362686,-84.051231,157.40767147350633,FED_CDC,CDC NCIRD Influenza Division,Federal_HQ
13195,Madison County,Georgia,32771,34.12748,-83.208653,101.9116492970768,FED_CDC,CDC NCIRD Influenza Division,Federal_HQ
13197,Marion County,Georgia,7635,32.359312,-84.528735,158.48807495834728,PHL_AL,Alabama Bureau of Clinical Laboratories,State_PHL
13199,Meriwether County,Georgia,21439,33.029267,-84.667058,92.03239989346245,FED_CDC,CDC NCIRD Influenza Division,Federal_HQ
13201,Miller County,Georgia,5824,31.162931,-84.730398,181.1777669285782,PHL_AL,Alabama Bureau of Clinical Laboratories,State_PHL
13205,Mitchell County,Georgia,20329,31.228997,-84.192038,218.99497882701715,PHL_AL,Alabama Bureau of Clinical Laboratories,State_PHL
13207,Monroe County,Georgia,31437,33.018784,-83.921837,88.2547735870614,FED_CDC,CDC NCIRD Influenza Division,Federal_HQ
13209,Montgomery County,Georgia,8566,32.172108,-82.533349,220.90206787675197,ISC_FL,Florida Bureau of Public Health Laboratories,ISC_StatePHL
13211,Morgan County,Georgia,21940,33.598649,-83.499416,69.92589723060131,FED_CDC,CDC NCIRD Influenza Division,Federal_HQ
13213,Murray County,Georgia,41316,34.797097,-84.73799,123.4352910893959,FED_CDC,CDC NCIRD Influenza Division,Federal_HQ
13215,Muscogee County,Georgia,201830,32.510191,-84.874946,129.47121866877205,PHL_AL,Alabama Bureau of Clinical Laboratories,State_PHL
13217,Newton County,Georgia,124010,33.552751,-83.85136,42.32651586338418,FED_CDC,CDC NCIRD Influenza Division,Federal_HQ
13219,Oconee County,Georgia,44751,33.834125,-83.437728,73.20771152512158,FED_CDC,CDC NCIRD Influenza Division,Federal_HQ
13221,Oglethorpe County,Georgia,16172,33.866806,-83.074081,106.98207601466632,FED_CDC,CDC NCIRD Influenza Division,Federal_HQ
13223,Paulding County,Georgia,188549,33.92103,-84.867169,61.49787338568082,FED_CDC,CDC NCIRD Influenza Division,Federal_HQ
13225,Peach County,Georgia,29213,32.571324,-83.831978,138.31888800180008,FED_CDC,CDC NCIRD Influenza Division,Federal_HQ
13227,Pickens County,Georgia,36580,34.456756,-84.490366,80.06862707827476,FED_CDC,CDC NCIRD Influenza Division,Federal_HQ
13229,Pierce County,Georgia,20669,31.353998,-82.21037,125.35345506379926,ISC_FL,Florida Bureau of Public Health Laboratories,ISC_StatePHL
13231,Pike County,Georgia,20669,33.081149,-84.389462,78.1503455227869,FED_CDC,CDC NCIRD Influenza Division,Federal_HQ
13233,Polk County,Georgia,44610,33.996015,-85.188338,92.27019025034353,FED_CDC,CDC NCIRD Influenza Division,Federal_HQ
13235,Pulaski County,Georgia,10180,32.238803,-83.481845,183.9378513095352,FED_CDC,CDC NCIRD Influenza Division,Federal_HQ
13237,Putnam County,Georgia,23383,33.32106,-83.37179,93.65439522532634,FED_CDC,CDC NCIRD Influenza Division,Federal_HQ
13239,Quitman County,Georgia,2323,31.862938,-85.004798,119.23531360500115,PHL_AL,Alabama Bureau of Clinical Laboratories,State_PHL
13241,Rabun County,Georgia,17711,34.883934,-83.40487,144.96175884383265,FED_CDC,CDC NCIRD Influenza Division,Federal_HQ
13243,Randolph County,Georgia,6085,31.762651,-84.752311,145.44485970924038,PHL_AL,Alabama Bureau of Clinical Laboratories,State_PHL
13245,Richmond County,Georgia,206303,33.361486,-82.074998,131.78169884910997,PHL_SC,South Carolina Public Health Laboratory,State_PHL
13247,Rockdale County,Georgia,97610,33.652081,-84.02637,22.715435920372737,FED_CDC,CDC NCIRD Influenza Division,Federal_HQ
13249,Schley County,Georgia,4503,32.263444,-84.322708,167.83552176520854,FED_CDC,CDC NCIRD Influenza Division,Federal_HQ
13251,Screven County,Georgia,14325,32.744751,-81.617585,157.66437250333328,PHL_SC,South Carolina Public Health Laboratory,State_PHL
13253,Seminole County,Georgia,9274,30.93396,-84.867685,189.59460675739754,PHL_AL,Alabama Bureau of Clinical Laboratories,State_PHL
13255,Spalding County,Georgia,70292,33.262348,-84.284905,56.78196141221883,FED_CDC,CDC NCIRD Influenza Division,Federal_HQ
13257,Stephens County,Georgia,27498,34.553582,-83.290588,122.43907073221462,FED_CDC,CDC NCIRD Influenza Division,Federal_HQ
13259,Stewart County,Georgia,4809,32.073225,-84.834912,129.75430190437012,PHL_AL,Alabama Bureau of Clinical Laboratories,State_PHL
13261,Sumter County,Georgia,28972,32.042266,-84.204294,189.2024372571643,PHL_AL,Alabama Bureau of Clinical Laboratories,State_PHL
13263,Talbot County,Georgia,5755,32.704603,-84.530029,121.8583550587145,FED_CDC,CDC NCIRD Influenza Division,Federal_HQ
13265,Taliaferro County,Georgia,1620,33.559319,-82.875272,127.22541185617202,FED_CDC,CDC NCIRD Influenza Division,Federal_HQ
13267,Tattnall County,Georgia,24275,32.043768,-82.059208,193.96127086160223,ISC_FL,Florida Bureau of Public Health Laboratories,ISC_StatePHL
13269,Taylor County,Georgia,7783,32.554667,-84.251426,135.23251893479718,FED_CDC,CDC NCIRD Influenza Division,Federal_HQ
13271,Telfair County,Georgia,11000,31.913641,-82.931063,213.81101238808998,ISC_FL,Florida Bureau of Public Health Laboratories,ISC_StatePHL
13273,Terrell County,Georgia,8698,31.777191,-84.439446,173.05337956199992,PHL_AL,Alabama Bureau of Clinical Laboratories,State_PHL
13275,Thomas County,Georgia,46054,30.864619,-83.919815,225.247216667595,ISC_FL,Florida Bureau of Public Health Laboratories,ISC_StatePHL
13277,Tift County,Georgia,41708,31.457003,-83.525931,218.30972436476645,ISC_FL,Florida Bureau of Public Health Laboratories,ISC_StatePHL
13279,Toombs County,Georgia,27488,32.117753,-82.330597,208.5571999169161,ISC_FL,Florida Bureau of Public Health Laboratories,ISC_StatePHL
13281,Towns County,Georgia,13184,34.902529,-83.732264,133.78369218423086,FED_CDC,CDC NCIRD Influenza Division,Federal_HQ
13283,Treutlen County,Georgia,6420,32.409586,-82.570882,216.07195951173316,FED_CDC,CDC NCIRD Influenza Division,Federal_HQ
13285,Troup County,Georgia,71513,33.034482,-85.02836,110.65040977616063,FED_CDC,CDC NCIRD Influenza Division,Federal_HQ
13287,Turner County,Georgia,9023,31.7248,-83.620319,234.44156533076386,FED_CDC,CDC NCIRD Influenza Division,Federal_HQ
13289,Twiggs County,Georgia,7728,32.665847,-83.425879,143.6535419815726,FED_CDC,CDC NCIRD Influenza Division,Federal_HQ
13291,Union County,Georgia,27601,34.833333,-83.989257,120.15366954454606,FED_CDC,CDC NCIRD Influenza Division,Federal_HQ
13293,Upson County,Georgia,28358,32.881837,-84.292283,99.02241250121382,FED_CDC,CDC NCIRD Influenza Division,Federal_HQ
13295,Walker County,Georgia,69340,34.735802,-85.305456,146.12801372832965,FED_CDC,CDC NCIRD Influenza Division,Federal_HQ
13297,Walton County,Georgia,109792,33.783887,-83.731829,45.7294550853945,FED_CDC,CDC NCIRD Influenza Division,Federal_HQ
13299,Ware County,Georgia,36222,31.050881,-82.421507,108.63101195293797,ISC_FL,Florida Bureau of Public Health Laboratories,ISC_StatePHL
13301,Warren County,Georgia,5148,33.408381,-82.675685,149.17439148300514,FED_CDC,CDC NCIRD Influenza Division,Federal_HQ
13303,Washington County,Georgia,19834,32.971843,-82.798112,159.62136340238334,FED_CDC,CDC NCIRD Influenza Division,Federal_HQ
13305,Wayne County,Georgia,32132,31.547845,-81.912376,137.17001144229766,ISC_FL,Florida Bureau of Public Health Laboratories,ISC_StatePHL
13307,Webster County,Georgia,2315,32.046691,-84.553828,156.40588105910473,PHL_AL,Alabama Bureau of Clinical Laboratories,State_PHL
13309,Wheeler County,Georgia,7076,32.105258,-82.733849,222.2482822106334,ISC_FL,Florida Bureau of Public Health Laboratories,ISC_StatePHL
13311,White County,Georgia,29668,34.644182,-83.743,106.81741729597164,FED_CDC,CDC NCIRD Influenza Division,Federal_HQ
13313,Whitfield County,Georgia,105070,34.801726,-84.968541,133.3930972253833,FED_CDC,CDC NCIRD Influenza Division,Federal_HQ
13315,Wilcox County,Georgia,8904,31.96272,-83.438259,214.0821729580764,FED_CDC,CDC NCIRD Influenza Division,Federal_HQ
13317,Wilkes County,Georgia,9567,33.779031,-82.747921,136.65018455587236,FED_CDC,CDC NCIRD Influenza Division,Federal_HQ
13319,Wilkinson County,Georgia,8667,32.804266,-83.175512,145.21435396721282,FED_CDC,CDC NCIRD Influenza Division,Federal_HQ
13321,Worth County,Georgia,20262,31.551773,-83.84996,233.8077848738735,PHL_AL,Alabama Bureau of Clinical Laboratories,State_PHL
15001,Hawaii County,Hawaii,209790,19.597764,-155.502443,349.21737909725533,PHL_HI,Hawaii State Laboratories Division,State_PHL
15003,Honolulu County,Hawaii,998747,21.461365,-158.201974,0.0,PHL_HI,Hawaii State Laboratories Division,State_PHL
15005,Kalawao County,Hawaii,81,21.218764,-156.97401,130.01050840749292,PHL_HI,Hawaii State Laboratories Division,State_PHL
15007,Kauai County,Hawaii,73840,22.012038,-159.705965,166.97588526031814,PHL_HI,Hawaii State Laboratories Division,State_PHL
15009,Maui County,Hawaii,163688,20.855931,-156.60155,179.09458574451807,PHL_HI,Hawaii State Laboratories Division,State_PHL
16001,Ada County,Idaho,535799,43.451476,-116.244376,0.0,PHL_ID,Idaho Bureau of Laboratories,State_PHL
16003,Adams County,Idaho,4998,44.876955,-116.461614,159.45019234162245,PHL_ID,Idaho Bureau of Laboratories,State_PHL
16005,Bannock County,Idaho,91010,42.692921,-112.228982,226.59122518107725,PHL_UT,Utah Unified State Laboratories: Public Health,State_PHL
16007,Bear Lake County,Idaho,6779,42.285892,-111.327517,186.6547579789227,PHL_UT,Utah Unified State Laboratories: Public Health,State_PHL
16009,Benewah County,Idaho,10529,47.218451,-116.633541,321.4571088934869,PHL_MT,Montana Public Health Laboratory,State_PHL
16011,Bingham County,Idaho,50889,43.216357,-112.399206,286.085819635712,PHL_UT,Utah Unified State Laboratories: Public Health,State_PHL
16013,Blaine County,Idaho,25261,43.394192,-113.955371,184.96611987189982,PHL_ID,Idaho Bureau of Laboratories,State_PHL
16015,Boise County,Idaho,8581,43.987275,-115.71511,73.2027791476693,PHL_ID,Idaho Bureau of Laboratories,State_PHL
16017,Bonner County,Idaho,53955,48.324634,-116.62745,344.44837455465444,PHL_MT,Montana Public Health Laboratory,State_PHL
16019,Bonneville County,Idaho,133644,43.395171,-111.621878,304.286426056645,PHL_UT,Utah Unified State Laboratories: Public Health,State_PHL
16021,Boundary County,Idaho,14040,48.773131,-116.524668,358.8986837563233,PHL_MT,Montana Public Health Laboratory,State_PHL
16023,Butte County,Idaho,2735,43.685101,-113.177631,248.4247681154908,PHL_ID,Idaho Bureau of Laboratories,State_PHL
16025,Camas County,Idaho,1247,43.502552,-114.772135,118.92726531037907,PHL_ID,Idaho Bureau of Laboratories,State_PHL
16027,Canyon County,Idaho,266892,43.625795,-116.709058,42.17443404043708,PHL_ID,Idaho Bureau of Laboratories,State_PHL
16029,Caribou County,Idaho,7239,42.786072,-111.544273,237.63244128461227,PHL_UT,Utah Unified State Laboratories: Public Health,State_PHL
16031,Cassia County,Idaho,25976,42.282313,-113.626328,228.75657014713883,PHL_UT,Utah Unified State Laboratories: Public Health,State_PHL
16033,Clark County,Idaho,794,44.290218,-112.354613,314.89911623520806,PHL_MT,Montana Public Health Laboratory,State_PHL
16035,Clearwater County,Idaho,9151,46.67257,-115.6535,253.4591673319902,PHL_MT,Montana Public Health Laboratory,State_PHL
16037,Custer County,Idaho,4597,44.273351,-114.252267,184.00213186434425,PHL_ID,Idaho Bureau of Laboratories,State_PHL
16039,Elmore County,Idaho,29729,43.394698,-115.471205,62.75990197849552,PHL_ID,Idaho Bureau of Laboratories,State_PHL
16041,Franklin County,Idaho,15638,42.173609,-111.822965,167.6418707466233,PHL_UT,Utah Unified State Laboratories: Public Health,State_PHL
16043,Fremont County,Idaho,14399,44.218091,-111.484429,330.36533843740716,PHL_MT,Montana Public Health Laboratory,State_PHL
16045,Gem County,Idaho,21857,44.061473,-116.398784,68.95287888135567,PHL_ID,Idaho Bureau of Laboratories,State_PHL
16047,Gooding County,Idaho,16189,42.973185,-114.82142,126.98878374247235,PHL_ID,Idaho Bureau of Laboratories,State_PHL
16049,Idaho County,Idaho,17912,45.849644,-115.467337,273.6527104518962,PHL_ID,Idaho Bureau of Laboratories,State_PHL
16051,Jefferson County,Idaho,34854,43.796965,-112.318588,318.2894791239789,PHL_ID,Idaho Bureau of Laboratories,State_PHL
16053,Jerome County,Idaho,26056,42.691395,-114.262086,181.84421484986154,PHL_ID,Idaho Bureau of Laboratories,State_PHL
16055,Kootenai County,Idaho,188323,47.675957,-116.695919,330.37050338718666,PHL_MT,Montana Public Health Laboratory,State_PHL
16057,Latah County,Idaho,42180,46.81892,-116.730974,331.5920260948656,PHL_MT,Montana Public Health Laboratory,State_PHL
16059,Lemhi County,Idaho,8397,44.928506,-113.887042,249.57942790201213,PHL_ID,Idaho Bureau of Laboratories,State_PHL
16061,Lewis County,Idaho,3728,46.236328,-116.42376,309.9839545675241,PHL_ID,Idaho Bureau of Laboratories,State_PHL
16063,Lincoln County,Idaho,5556,42.990782,-114.153089,177.02392785578618,PHL_ID,Idaho Bureau of Laboratories,State_PHL
16065,Madison County,Idaho,55549,43.788614,-111.656993,347.70581541662375,PHL_UT,Utah Unified State Laboratories: Public Health,State_PHL
16067,Minidoka County,Idaho,22691,42.857211,-113.63984,221.35650794123674,PHL_ID,Idaho Bureau of Laboratories,State_PHL
16069,Nez Perce County,Idaho,42847,46.333791,-116.760909,323.0692023591986,PHL_ID,Idaho Bureau of Laboratories,State_PHL
16071,Oneida County,Idaho,4976,42.183895,-112.520449,175.74785459469496,PHL_UT,Utah Unified State Laboratories: Public Health,State_PHL
16073,Owyhee County,Idaho,12748,42.572851,-116.18969,97.79976106709732,PHL_ID,Idaho Bureau of Laboratories,State_PHL
16075,Payette County,Idaho,27662,44.00243,-116.750238,73.52146625535786,PHL_ID,Idaho Bureau of Laboratories,State_PHL
16077,Power County,Idaho,8381,42.694126,-112.844407,237.90989247664214,PHL_UT,Utah Unified State Laboratories: Public Health,State_PHL
16079,Shoshone County,Idaho,14074,47.347694,-115.885092,265.58306464588804,PHL_MT,Montana Public Health Laboratory,State_PHL
16081,Teton County,Idaho,12932,43.760994,-111.211765,348.9032078810271,PHL_UT,Utah Unified State Laboratories: Public Health,State_PHL
16083,Twin Falls County,Idaho,96509,42.352309,-114.665639,177.4029442016869,PHL_ID,Idaho Bureau of Laboratories,State_PHL
16085,Valley County,Idaho,12777,44.85596,-115.618061,163.9687497757829,PHL_ID,Idaho Bureau of Laboratories,State_PHL
16087,Washington County,Idaho,11539,44.448223,-116.797792,119.3591267225696,PHL_ID,Idaho Bureau of Laboratories,State_PHL
17001,Adams County,Illinois,64109,39.986052,-91.194961,133.24382582040096,PHL_IL,Illinois Dept of Public Health Lab,State_PHL
17003,Alexander County,Illinois,4594,37.183658,-89.349516,255.0180518879111,PHL_TN,Tennessee State Public Health Laboratory,State_PHL
17005,Bond County,Illinois,16576,38.885924,-89.436592,98.77575147587527,PHL_IL,Illinois Dept of Public Health Lab,State_PHL
17007,Boone County,Illinois,53313,42.318983,-88.824295,96.33250461566409,NIRC_WI,Wisconsin State Laboratory of Hygiene,NIRC_StatePHL
17009,Brown County,Illinois,6307,39.962069,-90.750309,95.61696777910448,PHL_IL,Illinois Dept of Public Health Lab,State_PHL
17011,Bureau County,Illinois,32486,41.401304,-89.528377,165.7727326350715,MUN_CHI,Chicago Public Health Laboratory,ELC_Direct_City
17013,Calhoun County,Illinois,4224,39.164262,-90.666295,108.48609530778099,PHL_IL,Illinois Dept of Public Health Lab,State_PHL
17015,Carroll County,Illinois,15444,42.0709,-89.924189,118.31618343802927,NIRC_WI,Wisconsin State Laboratory of Hygiene,NIRC_StatePHL
17017,Cass County,Illinois,12713,39.969202,-90.245704,55.096645347219535,PHL_IL,Illinois Dept of Public Health Lab,State_PHL
17019,Champaign County,Illinois,212374,40.138985,-88.196975,131.948880801959,PHL_IL,Illinois Dept of Public Health Lab,State_PHL
17021,Christian County,Illinois,33247,39.545524,-89.279593,40.33186121469568,PHL_IL,Illinois Dept of Public Health Lab,State_PHL
17023,Clark County,Illinois,15076,39.332334,-87.791683,150.53994089656788,PHL_IN,Indiana Department of Health Laboratories,State_PHL
17025,Clay County,Illinois,12821,38.746819,-88.482325,151.4567190457998,PHL_IL,Illinois Dept of Public Health Lab,State_PHL
17027,Clinton County,Illinois,37087,38.606295,-89.426228,129.5494929435962,PHL_IL,Illinois Dept of Public Health Lab,State_PHL
17029,Coles County,Illinois,46423,39.51368,-88.220782,126.3795089130959,PHL_IL,Illinois Dept of Public Health Lab,State_PHL
17031,Cook County,Illinois,5182617,41.894294,-87.645455,0.0,MUN_CHI,Chicago Public Health Laboratory,ELC_Direct_City
17033,Crawford County,Illinois,18388,39.002787,-87.760619,164.3776724876387,PHL_IN,Indiana Department of Health Laboratories,State_PHL
17035,Cumberland County,Illinois,10305,39.273121,-88.240619,133.29987946363332,PHL_IL,Illinois Dept of Public Health Lab,State_PHL
17037,DeKalb County,Illinois,101335,41.894612,-88.768991,92.99537959539522,MUN_CHI,Chicago Public Health Laboratory,ELC_Direct_City
17039,De Witt County,Illinois,15319,40.181499,-88.901853,80.18877632449775,PHL_IL,Illinois Dept of Public Health Lab,State_PHL
17041,Douglas County,Illinois,19824,39.766078,-88.222866,123.0530471130963,PHL_IL,Illinois Dept of Public Health Lab,State_PHL
17043,DuPage County,Illinois,937142,41.852058,-88.086039,36.780687760858214,MUN_CHI,Chicago Public Health Laboratory,ELC_Direct_City
17045,Edgar County,Illinois,16398,39.679037,-87.74711,138.27343490342068,PHL_IN,Indiana Department of Health Laboratories,State_PHL
17047,Edwards County,Illinois,5984,38.417095,-88.047941,203.9806882849332,PHL_IL,Illinois Dept of Public Health Lab,State_PHL
17049,Effingham County,Illinois,34602,39.047945,-88.592849,121.0762242631096,PHL_IL,Illinois Dept of Public Health Lab,State_PHL
17051,Fayette County,Illinois,21157,39.001125,-89.017923,100.65149436430208,PHL_IL,Illinois Dept of Public Health Lab,State_PHL
17053,Ford County,Illinois,13451,40.596539,-88.224588,152.209307174377,MUN_CHI,Chicago Public Health Laboratory,ELC_Direct_City
17055,Franklin County,Illinois,37033,37.991852,-88.926321,206.34645011255608,PHL_IL,Illinois Dept of Public Health Lab,State_PHL
17057,Fulton County,Illinois,32510,40.46524,-90.202269,91.16724723889982,PHL_IL,Illinois Dept of Public Health Lab,State_PHL
17059,Gallatin County,Illinois,4690,37.768677,-88.227964,219.24863183077835,PHL_TN,Tennessee State Public Health Laboratory,State_PHL
17061,Greene County,Illinois,11417,39.355439,-90.387682,76.54061967434318,PHL_IL,Illinois Dept of Public Health Lab,State_PHL
17063,Grundy County,Illinois,53835,41.29241,-88.401054,91.8003733907962,MUN_CHI,Chicago Public Health Laboratory,ELC_Direct_City
17065,Hamilton County,Illinois,7818,38.085227,-88.539009,209.74966899492495,PHL_IL,Illinois Dept of Public Health Lab,State_PHL
17067,Hancock County,Illinois,17008,40.401318,-91.168801,145.5094517582928,PHL_IA,State Hygienic Laboratory at Univ of Iowa,State_PHL
17069,Hardin County,Illinois,3550,37.517852,-88.266148,199.66385806158672,PHL_TN,Tennessee State Public Health Laboratory,State_PHL
17071,Henderson County,Illinois,6048,40.814471,-90.941246,109.59380094805813,PHL_IA,State Hygienic Laboratory at Univ of Iowa,State_PHL
17073,Henry County,Illinois,48177,41.350021,-90.130838,126.66347372022554,PHL_IA,State Hygienic Laboratory at Univ of Iowa,State_PHL
17075,Iroquois County,Illinois,26067,40.748867,-87.833601,128.33102040743336,MUN_CHI,Chicago Public Health Laboratory,ELC_Direct_City
17077,Jackson County,Illinois,53199,37.786096,-89.381212,220.4934612659553,PHL_IL,Illinois Dept of Public Health Lab,State_PHL
17079,Jasper County,Illinois,9092,39.004886,-88.150725,154.50625881759512,PHL_IL,Illinois Dept of Public Health Lab,State_PHL
17081,Jefferson County,Illinois,36107,38.30078,-88.92421,174.0143238143124,PHL_IL,Illinois Dept of Public Health Lab,State_PHL
17083,Jersey County,Illinois,21150,39.080195,-90.361385,96.26258674320559,PHL_IL,Illinois Dept of Public Health Lab,State_PHL
17085,Jo Daviess County,Illinois,21528,42.362391,-90.21147,101.73714856318679,NIRC_WI,Wisconsin State Laboratory of Hygiene,NIRC_StatePHL
17087,Johnson County,Illinois,13320,37.460709,-88.882131,235.54051222211208,PHL_TN,Tennessee State Public Health Laboratory,State_PHL
17089,Kane County,Illinois,520997,41.939594,-88.42804,64.94781152691318,MUN_CHI,Chicago Public Health Laboratory,ELC_Direct_City
17091,Kankakee County,Illinois,106410,41.13951,-87.861117,85.82729481960676,MUN_CHI,Chicago Public Health Laboratory,ELC_Direct_City
17093,Kendall County,Illinois,143171,41.58814,-88.430626,73.50315120679423,MUN_CHI,Chicago Public Health Laboratory,ELC_Direct_City
17095,Knox County,Illinois,48716,40.930945,-90.213792,138.65908726760298,PHL_IL,Illinois Dept of Public Health Lab,State_PHL
17097,Lake County,Illinois,718604,42.185968,-87.805939,35.035984376102846,MUN_CHI,Chicago Public Health Laboratory,ELC_Direct_City
17099,LaSalle County,Illinois,108390,41.343341,-88.885931,119.94111020842998,MUN_CHI,Chicago Public Health Laboratory,ELC_Direct_City
17101,Lawrence County,Illinois,14801,38.718954,-87.730221,181.23220919204874,PHL_IN,Indiana Department of Health Laboratories,State_PHL
17103,Lee County,Illinois,33544,41.747447,-89.299362,138.0199513204929,MUN_CHI,Chicago Public Health Laboratory,ELC_Direct_City
17105,Livingston County,Illinois,35375,40.894376,-88.552852,134.5024695006731,MUN_CHI,Chicago Public Health Laboratory,ELC_Direct_City
17107,Logan County,Illinois,27518,40.129277,-89.365309,48.54112509496219,PHL_IL,Illinois Dept of Public Health Lab,State_PHL
17109,McDonough County,Illinois,26662,40.455808,-90.678954,116.24759452266383,PHL_IL,Illinois Dept of Public Health Lab,State_PHL
17111,McHenry County,Illinois,315959,42.324298,-88.452245,81.94803882377552,MUN_CHI,Chicago Public Health Laboratory,ELC_Direct_City
17113,McLean County,Illinois,172069,40.494559,-88.844539,107.534974667205,PHL_IL,Illinois Dept of Public Health Lab,State_PHL
17115,Macon County,Illinois,100737,39.860237,-88.961529,60.96320651817419,PHL_IL,Illinois Dept of Public Health Lab,State_PHL
17117,Macoupin County,Illinois,43895,39.265914,-89.92633,59.10127099844914,PHL_IL,Illinois Dept of Public Health Lab,State_PHL
17119,Madison County,Illinois,263017,38.82712,-89.900227,105.39091772612711,PHL_IL,Illinois Dept of Public Health Lab,State_PHL
17121,Marion County,Illinois,36437,38.648236,-88.920362,138.87120755175025,PHL_IL,Illinois Dept of Public Health Lab,State_PHL
17123,Marshall County,Illinois,11552,41.031119,-89.342371,144.2572441888802,PHL_IL,Illinois Dept of Public Health Lab,State_PHL
17125,Mason County,Illinois,12543,40.236993,-89.913575,57.512302337405025,PHL_IL,Illinois Dept of Public Health Lab,State_PHL
17127,Massac County,Illinois,13627,37.216119,-88.705658,207.0828074219807,PHL_TN,Tennessee State Public Health Laboratory,State_PHL
17129,Menard County,Illinois,11963,40.022569,-89.794133,31.607214334081906,PHL_IL,Illinois Dept of Public Health Lab,State_PHL
17131,Mercer County,Illinois,15292,41.205605,-90.74177,87.6352615680636,PHL_IA,State Hygienic Laboratory at Univ of Iowa,State_PHL
17133,Monroe County,Illinois,34969,38.277983,-90.179078,170.39531455588065,PHL_IL,Illinois Dept of Public Health Lab,State_PHL
17135,Montgomery County,Illinois,27615,39.228068,-89.478141,60.89126935145591,PHL_IL,Illinois Dept of Public Health Lab,State_PHL
17137,Morgan County,Illinois,32618,39.717657,-90.204993,46.59711101360629,PHL_IL,Illinois Dept of Public Health Lab,State_PHL
17139,Moultrie County,Illinois,14365,39.636896,-88.625726,89.69524752549711,PHL_IL,Illinois Dept of Public Health Lab,State_PHL
17141,Ogle County,Illinois,51345,42.041884,-89.320176,114.32001413442622,NIRC_WI,Wisconsin State Laboratory of Hygiene,NIRC_StatePHL
17143,Peoria County,Illinois,179630,40.785972,-89.766993,114.77243813931655,PHL_IL,Illinois Dept of Public Health Lab,State_PHL
17145,Perry County,Illinois,20272,38.084381,-89.368525,187.70383861716368,PHL_IL,Illinois Dept of Public Health Lab,State_PHL
17147,Piatt County,Illinois,16628,40.009033,-88.592355,95.51280211193613,PHL_IL,Illinois Dept of Public Health Lab,State_PHL
17149,Pike County,Illinois,14258,39.625106,-90.889034,105.97042124377165,PHL_IL,Illinois Dept of Public Health Lab,State_PHL
17151,Pope County,Illinois,3703,37.417169,-88.542374,209.16277451490535,PHL_TN,Tennessee State Public Health Laboratory,State_PHL
17153,Pulaski County,Illinois,4879,37.215615,-89.127755,239.11510685173477,PHL_TN,Tennessee State Public Health Laboratory,State_PHL
17155,Putnam County,Illinois,5633,41.198961,-89.298347,157.79002576971234,MUN_CHI,Chicago Public Health Laboratory,ELC_Direct_City
17157,Randolph County,Illinois,29903,38.056515,-89.82121,189.57100548439496,PHL_IL,Illinois Dept of Public Health Lab,State_PHL
17159,Richland County,Illinois,15362,38.712187,-88.085452,178.71730886032657,PHL_IL,Illinois Dept of Public Health Lab,State_PHL
17161,Rock Island County,Illinois,142731,41.468421,-90.572125,87.65496648782329,PHL_IA,State Hygienic Laboratory at Univ of Iowa,State_PHL
17163,St. Clair County,Illinois,251149,38.470198,-89.928546,144.9033512156186,PHL_IL,Illinois Dept of Public Health Lab,State_PHL
17165,Saline County,Illinois,22826,37.751508,-88.545024,235.403167524821,PHL_TN,Tennessee State Public Health Laboratory,State_PHL
17167,Sangamon County,Illinois,194345,39.756886,-89.662435,0.0,PHL_IL,Illinois Dept of Public Health Lab,State_PHL
17169,Schuyler County,Illinois,6750,40.156905,-90.613464,92.46111460693679,PHL_IL,Illinois Dept of Public Health Lab,State_PHL
17171,Scott County,Illinois,4880,39.637002,-90.477771,71.01980864816981,PHL_IL,Illinois Dept of Public Health Lab,State_PHL
17173,Shelby County,Illinois,20542,39.384917,-88.798865,84.7908861536463,PHL_IL,Illinois Dept of Public Health Lab,State_PHL
17175,Stark County,Illinois,5272,41.096908,-89.797411,149.44096125507994,PHL_IL,Illinois Dept of Public Health Lab,State_PHL
17177,Stephenson County,Illinois,43088,42.349726,-89.665994,82.34426365683336,NIRC_WI,Wisconsin State Laboratory of Hygiene,NIRC_StatePHL
17179,Tazewell County,Illinois,129821,40.508074,-89.51626,84.44761795337307,PHL_IL,Illinois Dept of Public Health Lab,State_PHL
17181,Union County,Illinois,16886,37.485652,-89.244639,255.14360106663133,PHL_IL,Illinois Dept of Public Health Lab,State_PHL
17183,Vermilion County,Illinois,71106,40.186754,-87.726778,142.79019156345214,PHL_IN,Indiana Department of Health Laboratories,State_PHL
17185,Wabash County,Illinois,10979,38.445821,-87.839167,209.04623548881938,PHL_IN,Indiana Department of Health Laboratories,State_PHL
17187,Warren County,Illinois,16217,40.850441,-90.620223,122.04910578467447,PHL_IA,State Hygienic Laboratory at Univ of Iowa,State_PHL
17189,Washington County,Illinois,13535,38.35314,-89.417187,157.51917393865094,PHL_IL,Illinois Dept of Public Health Lab,State_PHL
17191,Wayne County,Illinois,15928,38.431857,-88.43243,181.58716425785292,PHL_IL,Illinois Dept of Public Health Lab,State_PHL
17193,White County,Illinois,13395,38.087326,-88.178623,225.69496369463084,PHL_IL,Illinois Dept of Public Health Lab,State_PHL
17195,Whiteside County,Illinois,54657,41.750673,-89.911005,139.6962392395813,PHL_IA,State Hygienic Laboratory at Univ of Iowa,State_PHL
17197,Will County,Illinois,708583,41.448474,-87.978456,56.76681879926336,MUN_CHI,Chicago Public Health Laboratory,ELC_Direct_City
17199,Williamson County,Illinois,67064,37.730353,-88.930018,234.11914297062958,PHL_IL,Illinois Dept of Public Health Lab,State_PHL
17201,Winnebago County,Illinois,283790,42.337396,-89.161205,83.84537664739382,NIRC_WI,Wisconsin State Laboratory of Hygiene,NIRC_StatePHL
17203,Woodford County,Illinois,38290,40.789787,-89.210587,121.08121501554729,PHL_IL,Illinois Dept of Public Health Lab,State_PHL
18001,Adams County,Indiana,36584,40.74573,-84.936134,147.71875542562358,PHL_IN,Indiana Department of Health Laboratories,State_PHL
18003,Allen County,Indiana,399295,41.091909,-85.071791,171.14733380197868,PHL_IN,Indiana Department of Health Laboratories,State_PHL
18005,Bartholomew County,Indiana,84741,39.205843,-85.897999,67.3399862420272,PHL_IN,Indiana Department of Health Laboratories,State_PHL
18007,Benton County,Indiana,8853,40.600939,-87.314786,135.2798522582516,PHL_IN,Indiana Department of Health Laboratories,State_PHL
18009,Blackford County,Indiana,11816,40.472672,-85.32373,103.18948148415623,PHL_IN,Indiana Department of Health Laboratories,State_PHL
18011,Boone County,Indiana,78773,40.050892,-86.469014,41.171470083526955,PHL_IN,Indiana Department of Health Laboratories,State_PHL
18013,Brown County,Indiana,15650,39.195113,-86.230121,65.8666502003823,PHL_IN,Indiana Department of Health Laboratories,State_PHL
18015,Carroll County,Indiana,20747,40.58498,-86.565141,96.34871426525349,PHL_IN,Indiana Department of Health Laboratories,State_PHL
18017,Cass County,Indiana,37559,40.753799,-86.355168,109.54330632627983,PHL_IN,Indiana Department of Health Laboratories,State_PHL
18019,Clark County,Indiana,127479,38.476217,-85.711122,78.19551824676606,PHL_KY,Kentucky Division of Laboratory Services,State_PHL
18021,Clay County,Indiana,26424,39.393928,-87.115858,94.46931124816358,PHL_IN,Indiana Department of Health Laboratories,State_PHL
18023,Clinton County,Indiana,32895,40.305944,-86.477567,65.02297636505871,PHL_IN,Indiana Department of Health Laboratories,State_PHL
18025,Crawford County,Indiana,10523,38.289433,-86.440871,137.38870505688323,PHL_KY,Kentucky Division of Laboratory Services,State_PHL
18027,Daviess County,Indiana,34097,38.69609,-87.076943,145.5169082003195,PHL_IN,Indiana Department of Health Laboratories,State_PHL
18029,Dearborn County,Indiana,51435,39.140897,-84.975868,101.16795432685007,PHL_KY,Kentucky Division of Laboratory Services,State_PHL
18031,Decatur County,Indiana,26421,39.30598,-85.499831,76.07085596768653,PHL_IN,Indiana Department of Health Laboratories,State_PHL
18033,DeKalb County,Indiana,44330,41.39676,-85.002697,143.89727512470054,ISC_MI,Michigan Dept of Health & Human Services Lab,ISC_StatePHL
18035,Delaware County,Indiana,112951,40.227543,-85.399262,79.8689221657048,PHL_IN,Indiana Department of Health Laboratories,State_PHL
18037,Dubois County,Indiana,43629,38.373344,-86.873385,169.17940328004582,PHL_IN,Indiana Department of Health Laboratories,State_PHL
18039,Elkhart County,Indiana,207436,41.600693,-85.863986,151.3522605277997,MUN_CHI,Chicago Public Health Laboratory,ELC_Direct_City
18041,Fayette County,Indiana,23335,39.639654,-85.185034,82.87365085781813,PHL_IN,Indiana Department of Health Laboratories,State_PHL
18043,Floyd County,Indiana,81931,38.318081,-85.911847,91.51813660072106,PHL_KY,Kentucky Division of Laboratory Services,State_PHL
18045,Fountain County,Indiana,16833,40.121237,-87.234872,100.95291273317841,PHL_IN,Indiana Department of Health Laboratories,State_PHL
18047,Franklin County,Indiana,23136,39.409762,-85.066964,100.5423060097567,PHL_IN,Indiana Department of Health Laboratories,State_PHL
18049,Fulton County,Indiana,20004,41.050384,-86.265006,141.353181187718,PHL_IN,Indiana Department of Health Laboratories,State_PHL
18051,Gibson County,Indiana,33038,38.317398,-87.580523,205.22925414411168,PHL_IN,Indiana Department of Health Laboratories,State_PHL
18053,Grant County,Indiana,66458,40.515758,-85.654946,91.15623459202443,PHL_IN,Indiana Department of Health Laboratories,State_PHL
18055,Greene County,Indiana,31219,39.047147,-87.004771,110.75612469843877,PHL_IN,Indiana Department of Health Laboratories,State_PHL
18057,Hamilton County,Indiana,379704,40.053513,-86.021709,31.61658183324796,PHL_IN,Indiana Department of Health Laboratories,State_PHL
18059,Hancock County,Indiana,88810,39.822529,-85.77315,31.289774691156243,PHL_IN,Indiana Department of Health Laboratories,State_PHL
18061,Harrison County,Indiana,39978,38.186454,-86.103766,108.0344723310159,PHL_KY,Kentucky Division of Laboratory Services,State_PHL
18063,Hendricks County,Indiana,190629,39.768963,-86.509908,32.00936033355067,PHL_IN,Indiana Department of Health Laboratories,State_PHL
18065,Henry County,Indiana,49081,39.929591,-85.397363,65.10589623990062,PHL_IN,Indiana Department of Health Laboratories,State_PHL
18067,Howard County,Indiana,84082,40.483537,-86.114118,77.92062107295101,PHL_IN,Indiana Department of Health Laboratories,State_PHL
18069,Huntington County,Indiana,36944,40.826394,-85.478597,128.71205592411627,PHL_IN,Indiana Department of Health Laboratories,State_PHL
18071,Jackson County,Indiana,47420,38.911957,-86.042516,97.1844300206869,PHL_IN,Indiana Department of Health Laboratories,State_PHL
18073,Jasper County,Indiana,33387,41.017688,-87.118814,106.89843966762122,MUN_CHI,Chicago Public Health Laboratory,ELC_Direct_City
18075,Jay County,Indiana,20164,40.434956,-85.002331,120.6119424076685,PHL_IN,Indiana Department of Health Laboratories,State_PHL
18077,Jefferson County,Indiana,32921,38.783604,-85.44009,78.69769950405173,PHL_KY,Kentucky Division of Laboratory Services,State_PHL
18079,Jennings County,Indiana,27634,38.996229,-85.628103,97.75773602370613,PHL_IN,Indiana Department of Health Laboratories,State_PHL
18081,Johnson County,Indiana,170614,39.496092,-86.094264,32.09764707846018,PHL_IN,Indiana Department of Health Laboratories,State_PHL
18083,Knox County,Indiana,35872,38.688381,-87.420358,164.47743471202006,PHL_IN,Indiana Department of Health Laboratories,State_PHL
18085,Kosciusko County,Indiana,80669,41.244293,-85.861575,164.13598360379964,PHL_IN,Indiana Department of Health Laboratories,State_PHL
18087,LaGrange County,Indiana,41122,41.642462,-85.427845,137.75559121952134,ISC_MI,Michigan Dept of Health & Human Services Lab,ISC_StatePHL
18089,Lake County,Indiana,502955,41.472247,-87.374337,52.05075258438077,MUN_CHI,Chicago Public Health Laboratory,ELC_Direct_City
18091,LaPorte County,Indiana,111348,41.549013,-86.744739,84.0367327969905,MUN_CHI,Chicago Public Health Laboratory,ELC_Direct_City
18093,Lawrence County,Indiana,45192,38.839815,-86.48782,109.15987321793773,PHL_IN,Indiana Department of Health Laboratories,State_PHL
18095,Madison County,Indiana,134222,40.166203,-85.722454,55.28469013058057,PHL_IN,Indiana Department of Health Laboratories,State_PHL
18097,Marion County,Indiana,981628,39.782976,-86.135794,0.0,PHL_IN,Indiana Department of Health Laboratories,State_PHL
18099,Marshall County,Indiana,46464,41.325003,-86.269036,130.77337336199133,MUN_CHI,Chicago Public Health Laboratory,ELC_Direct_City
18101,Martin County,Indiana,9864,38.705322,-86.801847,132.84855576921996,PHL_IN,Indiana Department of Health Laboratories,State_PHL
18103,Miami County,Indiana,35613,40.772883,-86.044258,110.34617955264073,PHL_IN,Indiana Department of Health Laboratories,State_PHL
18105,Monroe County,Indiana,140702,39.160729,-86.52331,76.77057685419659,PHL_IN,Indiana Department of Health Laboratories,State_PHL
18107,Montgomery County,Indiana,38633,40.040296,-86.892715,70.6143393559404,PHL_IN,Indiana Department of Health Laboratories,State_PHL
18109,Morgan County,Indiana,73825,39.482646,-86.447457,42.75013967685869,PHL_IN,Indiana Department of Health Laboratories,State_PHL
18111,Newton County,Indiana,14131,40.962399,-87.402172,105.58829850246074,MUN_CHI,Chicago Public Health Laboratory,ELC_Direct_City
18113,Noble County,Indiana,47811,41.404679,-85.417271,158.75594872397616,ISC_MI,Michigan Dept of Health & Human Services Lab,ISC_StatePHL
18115,Ohio County,Indiana,5996,38.940527,-84.964299,78.89797455116341,PHL_KY,Kentucky Division of Laboratory Services,State_PHL
18117,Orange County,Indiana,19824,38.547381,-86.489257,140.7303289271974,PHL_IN,Indiana Department of Health Laboratories,State_PHL
18119,Owen County,Indiana,21851,39.317339,-86.838845,79.46225732616706,PHL_IN,Indiana Department of Health Laboratories,State_PHL
18121,Parke County,Indiana,16508,39.77425,-87.19695,90.68658703682136,PHL_IN,Indiana Department of Health Laboratories,State_PHL
18123,Perry County,Indiana,19320,38.081436,-86.62654,154.62881016240033,PHL_KY,Kentucky Division of Laboratory Services,State_PHL
18125,Pike County,Indiana,12116,38.397961,-87.232547,180.7652263566135,PHL_IN,Indiana Department of Health Laboratories,State_PHL
18127,Porter County,Indiana,175860,41.509914,-87.071313,64.02127952189832,MUN_CHI,Chicago Public Health Laboratory,ELC_Direct_City
18129,Posey County,Indiana,25067,38.027614,-87.868653,227.91227546379812,PHL_TN,Tennessee State Public Health Laboratory,State_PHL
18131,Pulaski County,Indiana,12421,41.045272,-86.692538,123.35294247155403,MUN_CHI,Chicago Public Health Laboratory,ELC_Direct_City
18133,Putnam County,Indiana,37804,39.665548,-86.853373,62.743202507229235,PHL_IN,Indiana Department of Health Laboratories,State_PHL
18135,Randolph County,Indiana,24337,40.164079,-85.00579,105.20255477400845,PHL_IN,Indiana Department of Health Laboratories,State_PHL
18137,Ripley County,Indiana,29214,39.100226,-85.260494,102.05057016620184,PHL_KY,Kentucky Division of Laboratory Services,State_PHL
18139,Rush County,Indiana,16759,39.622365,-85.466536,59.97554054712121,PHL_IN,Indiana Department of Health Laboratories,State_PHL
18141,St. Joseph County,Indiana,273744,41.617723,-86.288048,116.71971527892246,MUN_CHI,Chicago Public Health Laboratory,ELC_Direct_City
18143,Scott County,Indiana,24751,38.679431,-85.751898,91.41073653104702,PHL_KY,Kentucky Division of Laboratory Services,State_PHL
18145,Shelby County,Indiana,45654,39.524135,-85.792174,41.15558894653459,PHL_IN,Indiana Department of Health Laboratories,State_PHL
18147,Spencer County,Indiana,20192,38.009697,-87.010375,189.00067381648216,PHL_KY,Kentucky Division of Laboratory Services,State_PHL
18149,Starke County,Indiana,23463,41.284478,-86.644636,107.35661792565111,MUN_CHI,Chicago Public Health Laboratory,ELC_Direct_City
18151,Steuben County,Indiana,34862,41.643467,-85.002405,118.6757396722946,ISC_MI,Michigan Dept of Health & Human Services Lab,ISC_StatePHL
18153,Sullivan County,Indiana,20768,39.089225,-87.415843,134.29367659389186,PHL_IN,Indiana Department of Health Laboratories,State_PHL
18155,Switzerland County,Indiana,9988,38.825854,-85.029681,67.18287236531683,PHL_KY,Kentucky Division of Laboratory Services,State_PHL
18157,Tippecanoe County,Indiana,191650,40.389133,-86.893554,93.26593152772058,PHL_IN,Indiana Department of Health Laboratories,State_PHL
18159,Tipton County,Indiana,15324,40.310229,-86.056207,59.017964762723295,PHL_IN,Indiana Department of Health Laboratories,State_PHL
18161,Union County,Indiana,6884,39.623094,-84.925145,105.0843606115682,PHL_IN,Indiana Department of Health Laboratories,State_PHL
18163,Vanderburgh County,Indiana,180387,38.02007,-87.586166,217.73980672519954,PHL_TN,Tennessee State Public Health Laboratory,State_PHL
18165,Vermillion County,Indiana,15516,39.854045,-87.462071,113.54658948584495,PHL_IN,Indiana Department of Health Laboratories,State_PHL
18167,Vigo County,Indiana,106166,39.430874,-87.390989,114.43534486418116,PHL_IN,Indiana Department of Health Laboratories,State_PHL
18169,Wabash County,Indiana,30777,40.843747,-85.795192,121.43589808626241,PHL_IN,Indiana Department of Health Laboratories,State_PHL
18171,Warren County,Indiana,8451,40.352498,-87.375163,123.01554358404387,PHL_IN,Indiana Department of Health Laboratories,State_PHL
18173,Warrick County,Indiana,66339,38.097728,-87.272049,210.6492198107269,PHL_KY,Kentucky Division of Laboratory Services,State_PHL
18175,Washington County,Indiana,28345,38.600613,-86.104751,115.09979599953445,PHL_KY,Kentucky Division of Laboratory Services,State_PHL
18177,Wayne County,Indiana,66410,39.863091,-85.006735,96.83230989896751,PHL_IN,Indiana Department of Health Laboratories,State_PHL
18179,Wells County,Indiana,28798,40.735547,-85.213349,131.70322986244813,PHL_IN,Indiana Department of Health Laboratories,State_PHL
18181,White County,Indiana,24833,40.75095,-86.864293,124.1179193931479,PHL_IN,Indiana Department of Health Laboratories,State_PHL
18183,Whitley County,Indiana,34885,41.136426,-85.501892,159.76573729260915,PHL_IN,Indiana Department of Health Laboratories,State_PHL
19001,Adair County,Iowa,7431,41.328528,-94.478164,140.01338582361186,PHL_NE,Nebraska Public Health Laboratory (UNMC),State_PHL
19003,Adams County,Iowa,3606,41.021656,-94.696906,125.77269650333513,PHL_NE,Nebraska Public Health Laboratory (UNMC),State_PHL
19005,Allamakee County,Iowa,14184,43.274964,-91.382751,161.0029446184758,NIRC_WI,Wisconsin State Laboratory of Hygiene,NIRC_StatePHL
19007,Appanoose County,Iowa,12106,40.744249,-92.873062,148.73439436281004,PHL_IA,State Hygienic Laboratory at Univ of Iowa,State_PHL
19009,Audubon County,Iowa,5562,41.679178,-94.904312,112.43346082551606,PHL_NE,Nebraska Public Health Laboratory (UNMC),State_PHL
19011,Benton County,Iowa,25799,42.092547,-92.05763,60.794534136681015,PHL_IA,State Hygienic Laboratory at Univ of Iowa,State_PHL
19013,Black Hawk County,Iowa,132348,42.471132,-92.3076,106.88958431459824,PHL_IA,State Hygienic Laboratory at Univ of Iowa,State_PHL
19015,Boone County,Iowa,26729,42.038623,-93.938605,198.7236732671793,PHL_IA,State Hygienic Laboratory at Univ of Iowa,State_PHL
19017,Bremer County,Iowa,25328,42.780895,-92.327356,137.55280932752714,PHL_IA,State Hygienic Laboratory at Univ of Iowa,State_PHL
19019,Buchanan County,Iowa,20733,42.470328,-91.838666,91.24645367358389,PHL_IA,State Hygienic Laboratory at Univ of Iowa,State_PHL
19021,Buena Vista County,Iowa,20816,42.741522,-95.141432,181.08853160276774,PHL_NE,Nebraska Public Health Laboratory (UNMC),State_PHL
19023,Butler County,Iowa,14156,42.734757,-92.780153,153.62541077786935,PHL_IA,State Hygienic Laboratory at Univ of Iowa,State_PHL
19025,Calhoun County,Iowa,9711,42.386061,-94.643602,174.11708452912288,PHL_NE,Nebraska Public Health Laboratory (UNMC),State_PHL
19027,Carroll County,Iowa,20407,42.039502,-94.86765,135.0255679041812,PHL_NE,Nebraska Public Health Laboratory (UNMC),State_PHL
19029,Cass County,Iowa,13024,41.333824,-94.933302,102.03543477361936,PHL_NE,Nebraska Public Health Laboratory (UNMC),State_PHL
19031,Cedar County,Iowa,18231,41.77236,-91.132611,39.65118711844001,PHL_IA,State Hygienic Laboratory at Univ of Iowa,State_PHL
19033,Cerro Gordo County,Iowa,42493,43.074975,-93.250965,207.32807135596678,PHL_IA,State Hygienic Laboratory at Univ of Iowa,State_PHL
19035,Cherokee County,Iowa,11658,42.742737,-95.633262,166.40517625292296,PHL_NE,Nebraska Public Health Laboratory (UNMC),State_PHL
19037,Chickasaw County,Iowa,11719,43.059741,-92.31721,165.5929034318684,PHL_IA,State Hygienic Laboratory at Univ of Iowa,State_PHL
19039,Clarke County,Iowa,9524,41.029726,-93.785259,196.56659337051383,PHL_IA,State Hygienic Laboratory at Univ of Iowa,State_PHL
19041,Clay County,Iowa,16474,43.081224,-95.149875,214.9418396499622,PHL_NE,Nebraska Public Health Laboratory (UNMC),State_PHL
19043,Clayton County,Iowa,16931,42.840985,-91.323576,131.9747021961669,PHL_IA,State Hygienic Laboratory at Univ of Iowa,State_PHL
19045,Clinton County,Iowa,46015,41.898073,-90.534243,91.15679493969178,PHL_IA,State Hygienic Laboratory at Univ of Iowa,State_PHL
19047,Crawford County,Iowa,16378,42.043119,-95.38909,104.49172636294654,PHL_NE,Nebraska Public Health Laboratory (UNMC),State_PHL
19049,Dallas County,Iowa,115343,41.68532,-94.040706,181.2355384484149,PHL_NE,Nebraska Public Health Laboratory (UNMC),State_PHL
19051,Davis County,Iowa,9193,40.748089,-92.410345,123.39665294233606,PHL_IA,State Hygienic Laboratory at Univ of Iowa,State_PHL
19053,Decatur County,Iowa,7656,40.736379,-93.78458,208.33601650432777,PHL_NE,Nebraska Public Health Laboratory (UNMC),State_PHL
19055,Delaware County,Iowa,17609,42.473014,-91.366767,91.10839266620218,PHL_IA,State Hygienic Laboratory at Univ of Iowa,State_PHL
19057,Des Moines County,Iowa,38411,40.915339,-91.186925,90.50442554770339,PHL_IA,State Hygienic Laboratory at Univ of Iowa,State_PHL
19059,Dickinson County,Iowa,18158,43.389611,-95.196057,245.63321026221428,PHL_NE,Nebraska Public Health Laboratory (UNMC),State_PHL
19061,Dubuque County,Iowa,99242,42.463481,-90.878771,105.94037174292691,PHL_IA,State Hygienic Laboratory at Univ of Iowa,State_PHL
19063,Emmet County,Iowa,9162,43.377984,-94.66937,220.88834217243343,ISC_MN,Minnesota Dept of Health Public Health Lab,ISC_StatePHL
19065,Fayette County,Iowa,19152,42.864122,-91.840376,134.28888134551698,PHL_IA,State Hygienic Laboratory at Univ of Iowa,State_PHL
19067,Floyd County,Iowa,15008,43.052741,-92.787367,182.44293342431288,PHL_IA,State Hygienic Laboratory at Univ of Iowa,State_PHL
19069,Franklin County,Iowa,10024,42.736545,-93.271415,182.24623657099096,PHL_IA,State Hygienic Laboratory at Univ of Iowa,State_PHL
19071,Fremont County,Iowa,6494,40.74259,-95.599182,77.257213484356,PHL_NE,Nebraska Public Health Laboratory (UNMC),State_PHL
19073,Greene County,Iowa,8662,42.042513,-94.388727,168.43183688825286,PHL_NE,Nebraska Public Health Laboratory (UNMC),State_PHL
19075,Grundy County,Iowa,12405,42.403339,-92.790244,128.2707026916468,PHL_IA,State Hygienic Laboratory at Univ of Iowa,State_PHL
19077,Guthrie County,Iowa,10774,41.683573,-94.501272,144.2143195554245,PHL_NE,Nebraska Public Health Laboratory (UNMC),State_PHL
19079,Hamilton County,Iowa,14856,42.390789,-93.70913,192.427087887933,PHL_IA,State Hygienic Laboratory at Univ of Iowa,State_PHL
19081,Hancock County,Iowa,10616,43.075411,-93.743697,221.74445627172554,ISC_MN,Minnesota Dept of Health Public Health Lab,ISC_StatePHL
19083,Hardin County,Iowa,16464,42.390208,-93.241669,158.10809880862666,PHL_IA,State Hygienic Laboratory at Univ of Iowa,State_PHL
19085,Harrison County,Iowa,14626,41.688584,-95.827149,51.346166204813066,PHL_NE,Nebraska Public Health Laboratory (UNMC),State_PHL
19087,Henry County,Iowa,19361,40.984802,-91.547259,76.35035469269113,PHL_IA,State Hygienic Laboratory at Univ of Iowa,State_PHL
19089,Howard County,Iowa,9360,43.365312,-92.321908,193.66120163050334,ISC_MN,Minnesota Dept of Health Public Health Lab,ISC_StatePHL
19091,Humboldt County,Iowa,9617,42.782221,-94.202775,230.71971699122813,PHL_NE,Nebraska Public Health Laboratory (UNMC),State_PHL
19093,Ida County,Iowa,6810,42.39186,-95.507421,132.9954384988728,PHL_NE,Nebraska Public Health Laboratory (UNMC),State_PHL
19095,Iowa County,Iowa,16423,41.683918,-92.059123,38.94535245466934,PHL_IA,State Hygienic Laboratory at Univ of Iowa,State_PHL
19097,Jackson County,Iowa,19390,42.164226,-90.574582,100.38864310425745,PHL_IA,State Hygienic Laboratory at Univ of Iowa,State_PHL
19099,Jasper County,Iowa,38107,41.685551,-93.054147,121.56420399152212,PHL_IA,State Hygienic Laboratory at Univ of Iowa,State_PHL
19101,Jefferson County,Iowa,15781,41.006376,-91.966628,80.26246511366278,PHL_IA,State Hygienic Laboratory at Univ of Iowa,State_PHL
19103,Johnson County,Iowa,160080,41.670668,-91.590529,0.0,PHL_IA,State Hygienic Laboratory at Univ of Iowa,State_PHL
19105,Jones County,Iowa,21116,42.125118,-91.116914,63.95388338014696,PHL_IA,State Hygienic Laboratory at Univ of Iowa,State_PHL
19107,Keokuk County,Iowa,9855,41.331182,-92.167721,61.11864383403211,PHL_IA,State Hygienic Laboratory at Univ of Iowa,State_PHL
19109,Kossuth County,Iowa,14408,43.212336,-94.213971,219.30556584280384,ISC_MN,Minnesota Dept of Health Public Health Lab,ISC_StatePHL
19111,Lee County,Iowa,32376,40.647588,-91.477157,114.15651020633602,PHL_IA,State Hygienic Laboratory at Univ of Iowa,State_PHL
19113,Linn County,Iowa,231762,42.077951,-91.597674,45.291666953397026,PHL_IA,State Hygienic Laboratory at Univ of Iowa,State_PHL
19115,Louisa County,Iowa,10630,41.218211,-91.256994,57.480866907916344,PHL_IA,State Hygienic Laboratory at Univ of Iowa,State_PHL
19117,Lucas County,Iowa,8758,41.033321,-93.331462,161.67188821127664,PHL_IA,State Hygienic Laboratory at Univ of Iowa,State_PHL
19119,Lyon County,Iowa,12378,43.38358,-96.207201,232.0480748265275,PHL_NE,Nebraska Public Health Laboratory (UNMC),State_PHL
19121,Madison County,Iowa,17161,41.330622,-94.015184,178.67168275567985,PHL_NE,Nebraska Public Health Laboratory (UNMC),State_PHL
19123,Mahaska County,Iowa,22034,41.330797,-92.636366,94.94127659695467,PHL_IA,State Hygienic Laboratory at Univ of Iowa,State_PHL
19125,Marion County,Iowa,34048,41.331433,-93.093868,130.75327549588994,PHL_IA,State Hygienic Laboratory at Univ of Iowa,State_PHL
19127,Marshall County,Iowa,40392,42.0417,-92.981403,122.35628148866795,PHL_IA,State Hygienic Laboratory at Univ of Iowa,State_PHL
19129,Mills County,Iowa,14717,41.033703,-95.619101,53.50798032023194,PHL_NE,Nebraska Public Health Laboratory (UNMC),State_PHL
19131,Mitchell County,Iowa,10632,43.348564,-92.784466,187.02133553418088,ISC_MN,Minnesota Dept of Health Public Health Lab,ISC_StatePHL
19133,Monona County,Iowa,8429,42.049432,-95.956566,85.24951462831116,PHL_NE,Nebraska Public Health Laboratory (UNMC),State_PHL
19135,Monroe County,Iowa,7373,41.028847,-92.869642,128.42433746829795,PHL_IA,State Hygienic Laboratory at Univ of Iowa,State_PHL
19137,Montgomery County,Iowa,10063,41.021735,-95.15779,88.84659815385602,PHL_NE,Nebraska Public Health Laboratory (UNMC),State_PHL
19139,Muscatine County,Iowa,42132,41.483776,-91.118699,44.40944209733339,PHL_IA,State Hygienic Laboratory at Univ of Iowa,State_PHL
19141,O'Brien County,Iowa,14260,43.083746,-95.625624,203.3800367601331,PHL_NE,Nebraska Public Health Laboratory (UNMC),State_PHL
19143,Osceola County,Iowa,6036,43.378542,-95.633788,235.36277901729494,PHL_NE,Nebraska Public Health Laboratory (UNMC),State_PHL
19145,Page County,Iowa,15038,40.739097,-95.144301,105.00604115261346,PHL_NE,Nebraska Public Health Laboratory (UNMC),State_PHL
19147,Palo Alto County,Iowa,8809,43.075337,-94.669055,232.51564267457718,PHL_NE,Nebraska Public Health Laboratory (UNMC),State_PHL
19149,Plymouth County,Iowa,25825,42.737615,-96.215973,160.26056888658735,PHL_NE,Nebraska Public Health Laboratory (UNMC),State_PHL
19151,Pocahontas County,Iowa,7006,42.734033,-94.678279,200.9760289918845,PHL_NE,Nebraska Public Health Laboratory (UNMC),State_PHL
19153,Polk County,Iowa,516185,41.684816,-93.568971,164.31571895984047,PHL_IA,State Hygienic Laboratory at Univ of Iowa,State_PHL
19155,Pottawattamie County,Iowa,93529,41.340184,-95.544905,51.09785222385408,PHL_NE,Nebraska Public Health Laboratory (UNMC),State_PHL
19157,Poweshiek County,Iowa,18454,41.684642,-92.522934,77.45258184785042,PHL_IA,State Hygienic Laboratory at Univ of Iowa,State_PHL
19159,Ringgold County,Iowa,4608,40.735334,-94.244251,171.97214280200265,PHL_NE,Nebraska Public Health Laboratory (UNMC),State_PHL
19161,Sac County,Iowa,9533,42.387526,-95.105224,149.16364791590522,PHL_NE,Nebraska Public Health Laboratory (UNMC),State_PHL
19163,Scott County,Iowa,175601,41.642079,-90.622289,80.5024633684407,PHL_IA,State Hygienic Laboratory at Univ of Iowa,State_PHL
19165,Shelby County,Iowa,11821,41.679014,-95.308917,82.21415494991217,PHL_NE,Nebraska Public Health Laboratory (UNMC),State_PHL
19167,Sioux County,Iowa,36554,43.082618,-96.17798,198.55131632297116,PHL_NE,Nebraska Public Health Laboratory (UNMC),State_PHL
19169,Story County,Iowa,102498,42.037538,-93.466093,160.60341218137714,PHL_IA,State Hygienic Laboratory at Univ of Iowa,State_PHL
19171,Tama County,Iowa,16738,42.074848,-92.529411,89.79406681403141,PHL_IA,State Hygienic Laboratory at Univ of Iowa,State_PHL
19173,Taylor County,Iowa,5825,40.737949,-94.697108,137.13603618807687,PHL_NE,Nebraska Public Health Laboratory (UNMC),State_PHL
19175,Union County,Iowa,11955,41.02855,-94.245091,162.56679183582406,PHL_NE,Nebraska Public Health Laboratory (UNMC),State_PHL
19177,Van Buren County,Iowa,7217,40.754117,-91.952943,106.3287335843548,PHL_IA,State Hygienic Laboratory at Univ of Iowa,State_PHL
19179,Wapello County,Iowa,35681,41.031275,-92.409466,98.62768263529708,PHL_IA,State Hygienic Laboratory at Univ of Iowa,State_PHL
19181,Warren County,Iowa,56343,41.332446,-93.568751,168.97648996922246,PHL_IA,State Hygienic Laboratory at Univ of Iowa,State_PHL
19183,Washington County,Iowa,22631,41.329401,-91.725052,39.56633173320952,PHL_IA,State Hygienic Laboratory at Univ of Iowa,State_PHL
19185,Wayne County,Iowa,6622,40.739983,-93.332613,178.73804711720524,PHL_IA,State Hygienic Laboratory at Univ of Iowa,State_PHL
19187,Webster County,Iowa,36909,42.433579,-94.175831,206.88382963179123,PHL_NE,Nebraska Public Health Laboratory (UNMC),State_PHL
19189,Winnebago County,Iowa,10383,43.378124,-93.743488,189.12425869531864,ISC_MN,Minnesota Dept of Health Public Health Lab,ISC_StatePHL
19191,Winneshiek County,Iowa,19723,43.292989,-91.850788,181.65171776465482,PHL_IA,State Hygienic Laboratory at Univ of Iowa,State_PHL
19193,Woodbury County,Iowa,107257,42.39322,-96.053296,122.16945157045936,PHL_NE,Nebraska Public Health Laboratory (UNMC),State_PHL
19195,Worth County,Iowa,7307,43.373491,-93.248533,182.93390915226885,ISC_MN,Minnesota Dept of Health Public Health Lab,ISC_StatePHL
19197,Wright County,Iowa,12729,42.733007,-93.734735,212.47160044418828,PHL_IA,State Hygienic Laboratory at Univ of Iowa,State_PHL
20001,Allen County,Kansas,12425,37.884228,-95.300945,134.66724705579833,PHL_KS,Kansas Health and Environmental Laboratories,State_PHL
20003,Anderson County,Kansas,7908,38.215114,-95.292046,100.35844479713879,PHL_KS,Kansas Health and Environmental Laboratories,State_PHL
20005,Atchison County,Kansas,16249,39.532544,-95.313397,66.53102401362662,PHL_KS,Kansas Health and Environmental Laboratories,State_PHL
20007,Barber County,Kansas,4070,37.222906,-98.685052,217.82701252310534,PHL_OK,Oklahoma Public Health Laboratory,State_PHL
20009,Barton County,Kansas,24835,38.481239,-98.767837,268.4918219918497,PHL_KS,Kansas Health and Environmental Laboratories,State_PHL
20011,Bourbon County,Kansas,14424,37.8561,-94.850928,153.58958382794668,PHL_KS,Kansas Health and Environmental Laboratories,State_PHL
20013,Brown County,Kansas,9142,39.825931,-95.569905,88.63825725837856,PHL_KS,Kansas Health and Environmental Laboratories,State_PHL
20015,Butler County,Kansas,69158,37.773649,-96.83884,169.6794574777899,PHL_KS,Kansas Health and Environmental Laboratories,State_PHL
20017,Chase County,Kansas,2507,38.299475,-96.594029,110.04783586882684,PHL_KS,Kansas Health and Environmental Laboratories,State_PHL
20019,Chautauqua County,Kansas,3339,37.154259,-96.245396,206.16165128299224,PHL_OK,Oklahoma Public Health Laboratory,State_PHL
20021,Cherokee County,Kansas,19133,37.169392,-94.845698,222.90338099211968,PHL_KS,Kansas Health and Environmental Laboratories,State_PHL
20023,Cheyenne County,Kansas,2646,39.789901,-101.727317,269.52428423610934,ISC_CO,Colorado Dept of Public Health & Env Lab,ISC_StatePHL
20025,Clark County,Kansas,1873,37.233831,-99.813869,284.90614577416517,PHL_OK,Oklahoma Public Health Laboratory,State_PHL
20027,Clay County,Kansas,7969,39.344964,-97.168853,126.36347418750393,PHL_KS,Kansas Health and Environmental Laboratories,State_PHL
20029,Cloud County,Kansas,8723,39.487329,-97.64139,169.72986946420306,PHL_KS,Kansas Health and Environmental Laboratories,State_PHL
20031,Coffey County,Kansas,8301,38.23645,-95.729137,89.58102194924408,PHL_KS,Kansas Health and Environmental Laboratories,State_PHL
20033,Comanche County,Kansas,1694,37.181442,-99.251293,244.7758778267753,PHL_OK,Oklahoma Public Health Laboratory,State_PHL
20035,Cowley County,Kansas,34186,37.234507,-96.837247,193.6874326665978,PHL_OK,Oklahoma Public Health Laboratory,State_PHL
20037,Crawford County,Kansas,38904,37.505821,-94.853897,188.05876224853898,PHL_KS,Kansas Health and Environmental Laboratories,State_PHL
20039,Decatur County,Kansas,2716,39.783542,-100.459708,377.8357759000205,ISC_CO,Colorado Dept of Public Health & Env Lab,ISC_StatePHL
20041,Dickinson County,Kansas,18621,38.867735,-97.157943,122.78874994263384,PHL_KS,Kansas Health and Environmental Laboratories,State_PHL
20043,Doniphan County,Kansas,7575,39.788502,-95.147225,98.11033127908391,PHL_KS,Kansas Health and Environmental Laboratories,State_PHL
20045,Douglas County,Kansas,121989,38.896417,-95.290947,43.306462235104966,PHL_KS,Kansas Health and Environmental Laboratories,State_PHL
20047,Edwards County,Kansas,2731,37.883595,-99.304746,309.18198971017534,PHL_OK,Oklahoma Public Health Laboratory,State_PHL
20049,Elk County,Kansas,2436,37.456026,-96.244642,181.42603916564696,PHL_KS,Kansas Health and Environmental Laboratories,State_PHL
20051,Ellis County,Kansas,29007,38.914597,-99.317313,308.17856962626234,PHL_KS,Kansas Health and Environmental Laboratories,State_PHL
20053,Ellsworth County,Kansas,6316,38.700845,-98.205355,215.42881563820742,PHL_KS,Kansas Health and Environmental Laboratories,State_PHL
20055,Finney County,Kansas,38354,38.049808,-100.739967,405.6990008447561,ISC_CO,Colorado Dept of Public Health & Env Lab,ISC_StatePHL
20057,Ford County,Kansas,34072,37.68851,-99.884743,324.1678332101025,PHL_OK,Oklahoma Public Health Laboratory,State_PHL
20059,Franklin County,Kansas,26273,38.558019,-95.278962,67.82595697662356,PHL_KS,Kansas Health and Environmental Laboratories,State_PHL
20061,Geary County,Kansas,35459,39.002139,-96.7681,87.5728528892984,PHL_KS,Kansas Health and Environmental Laboratories,State_PHL
20063,Gove County,Kansas,2658,38.917239,-100.48736,389.30587600291136,ISC_CO,Colorado Dept of Public Health & Env Lab,ISC_StatePHL
20065,Graham County,Kansas,2370,39.354972,-99.879894,357.0627347877677,PHL_KS,Kansas Health and Environmental Laboratories,State_PHL
20067,Grant County,Kansas,7097,37.547537,-101.299362,396.6239275666217,ISC_CO,Colorado Dept of Public Health & Env Lab,ISC_StatePHL
20069,Gray County,Kansas,5730,37.744513,-100.451716,364.5940511293738,PHL_OK,Oklahoma Public Health Laboratory,State_PHL
20071,Greeley County,Kansas,1152,38.480404,-101.80597,301.10160788041026,ISC_CO,Colorado Dept of Public Health & Env Lab,ISC_StatePHL
20073,Greenwood County,Kansas,5871,37.879347,-96.241732,136.01085164972034,PHL_KS,Kansas Health and Environmental Laboratories,State_PHL
20075,Hamilton County,Kansas,2488,37.995244,-101.793689,331.646976219317,ISC_CO,Colorado Dept of Public Health & Env Lab,ISC_StatePHL
20077,Harper County,Kansas,5413,37.188184,-98.06659,190.9357164220659,PHL_OK,Oklahoma Public Health Laboratory,State_PHL
20079,Harvey County,Kansas,33642,38.050144,-97.436706,183.11087418081524,PHL_KS,Kansas Health and Environmental Laboratories,State_PHL
20081,Haskell County,Kansas,3591,37.554979,-100.879952,381.4917711640517,PHL_OK,Oklahoma Public Health Laboratory,State_PHL
20083,Hodgeman County,Kansas,1673,38.087493,-99.898407,358.30826504165964,PHL_OK,Oklahoma Public Health Laboratory,State_PHL
20085,Jackson County,Kansas,13525,39.411096,-95.794492,41.19926323609156,PHL_KS,Kansas Health and Environmental Laboratories,State_PHL
20087,Jefferson County,Kansas,18332,39.239644,-95.375314,39.495978348085075,PHL_KS,Kansas Health and Environmental Laboratories,State_PHL
20089,Jewell County,Kansas,2899,39.777005,-98.222619,227.15187722312407,PHL_KS,Kansas Health and Environmental Laboratories,State_PHL
20091,Johnson County,Kansas,632276,38.883907,-94.82233,82.58361917860708,PHL_KS,Kansas Health and Environmental Laboratories,State_PHL
20093,Kearny County,Kansas,3808,37.994461,-101.308136,366.39654812169,ISC_CO,Colorado Dept of Public Health & Env Lab,ISC_StatePHL
20095,Kingman County,Kansas,6946,37.552951,-98.144529,231.7017735493819,PHL_OK,Oklahoma Public Health Laboratory,State_PHL
20097,Kiowa County,Kansas,2436,37.561231,-99.286539,279.0828583955955,PHL_OK,Oklahoma Public Health Laboratory,State_PHL
20099,Labette County,Kansas,19692,37.191468,-95.297473,209.6153735130607,PHL_KS,Kansas Health and Environmental Laboratories,State_PHL
20101,Lane County,Kansas,1482,38.481286,-100.466185,406.548191405672,ISC_CO,Colorado Dept of Public Health & Env Lab,ISC_StatePHL
20103,Leavenworth County,Kansas,84670,39.189511,-95.038977,63.9749133036237,PHL_KS,Kansas Health and Environmental Laboratories,State_PHL
20105,Lincoln County,Kansas,2928,39.04728,-98.214284,212.32147229408622,PHL_KS,Kansas Health and Environmental Laboratories,State_PHL
20107,Linn County,Kansas,9841,38.216549,-94.844932,121.15665972171492,PHL_KS,Kansas Health and Environmental Laboratories,State_PHL
20109,Logan County,Kansas,2694,38.91327,-101.157402,333.82344326228946,ISC_CO,Colorado Dept of Public Health & Env Lab,ISC_StatePHL
20111,Lyon County,Kansas,32520,38.455403,-96.161641,74.10235956329961,PHL_KS,Kansas Health and Environmental Laboratories,State_PHL
20113,McPherson County,Kansas,30334,38.395812,-97.647489,179.15444529834133,PHL_KS,Kansas Health and Environmental Laboratories,State_PHL
20115,Marion County,Kansas,11670,38.359647,-97.102771,139.35078465748288,PHL_KS,Kansas Health and Environmental Laboratories,State_PHL
20117,Marshall County,Kansas,9950,39.782709,-96.521243,105.41701024317703,PHL_KS,Kansas Health and Environmental Laboratories,State_PHL
20119,Meade County,Kansas,3892,37.243886,-100.360094,324.0496409882295,PHL_OK,Oklahoma Public Health Laboratory,State_PHL
20121,Miami County,Kansas,35737,38.566772,-94.832963,95.82654385560782,PHL_KS,Kansas Health and Environmental Laboratories,State_PHL
20123,Mitchell County,Kansas,5803,39.393026,-98.207362,214.78317863407693,PHL_KS,Kansas Health and Environmental Laboratories,State_PHL
20125,Montgomery County,Kansas,30459,37.189537,-95.742403,205.96607089604677,PHL_KS,Kansas Health and Environmental Laboratories,State_PHL
20127,Morris County,Kansas,5279,38.688204,-96.651448,86.95309963329017,PHL_KS,Kansas Health and Environmental Laboratories,State_PHL
20129,Morton County,Kansas,2485,37.185249,-101.809516,391.84587993232526,ISC_CO,Colorado Dept of Public Health & Env Lab,ISC_StatePHL
20131,Nemaha County,Kansas,10062,39.791043,-96.005381,86.02879160814871,PHL_KS,Kansas Health and Environmental Laboratories,State_PHL
20133,Neosho County,Kansas,15552,37.564283,-95.315682,168.71848830975534,PHL_KS,Kansas Health and Environmental Laboratories,State_PHL
20135,Ness County,Kansas,2617,38.480437,-99.908745,365.4313285015282,PHL_KS,Kansas Health and Environmental Laboratories,State_PHL
20137,Norton County,Kansas,5335,39.783867,-99.899235,358.3786500281788,PHL_NE,Nebraska Public Health Laboratory (UNMC),State_PHL
20139,Osage County,Kansas,15737,38.650215,-95.708255,43.735959567139126,PHL_KS,Kansas Health and Environmental Laboratories,State_PHL
20141,Osborne County,Kansas,3353,39.348261,-98.767942,261.8003534348344,PHL_KS,Kansas Health and Environmental Laboratories,State_PHL
20143,Ottawa County,Kansas,5853,39.137963,-97.654802,164.25008171075504,PHL_KS,Kansas Health and Environmental Laboratories,State_PHL
20145,Pawnee County,Kansas,6012,38.181477,-99.234772,317.04023461342484,PHL_KS,Kansas Health and Environmental Laboratories,State_PHL
20147,Phillips County,Kansas,4733,39.784506,-99.34215,317.5577124312564,PHL_NE,Nebraska Public Health Laboratory (UNMC),State_PHL
20149,Pottawatomie County,Kansas,26876,39.382187,-96.337113,62.78527339195217,PHL_KS,Kansas Health and Environmental Laboratories,State_PHL
20151,Pratt County,Kansas,9137,37.647594,-98.74012,261.2845883675315,PHL_OK,Oklahoma Public Health Laboratory,State_PHL
20153,Rawlins County,Kansas,2432,39.786198,-101.076738,325.1136885732991,ISC_CO,Colorado Dept of Public Health & Env Lab,ISC_StatePHL
20155,Reno County,Kansas,61417,37.948185,-98.078346,235.88562745570258,PHL_KS,Kansas Health and Environmental Laboratories,State_PHL
20157,Republic County,Kansas,4613,39.828906,-97.650883,184.79549561535603,PHL_KS,Kansas Health and Environmental Laboratories,State_PHL
20159,Rice County,Kansas,9284,38.347178,-98.201415,225.86543369188453,PHL_KS,Kansas Health and Environmental Laboratories,State_PHL
20161,Riley County,Kansas,72557,39.29121,-96.727488,88.25190655049668,PHL_KS,Kansas Health and Environmental Laboratories,State_PHL
20163,Rooks County,Kansas,4748,39.346006,-99.324492,309.3859317943454,PHL_KS,Kansas Health and Environmental Laboratories,State_PHL
20165,Rush County,Kansas,2810,38.523596,-99.309184,313.3386038558299,PHL_KS,Kansas Health and Environmental Laboratories,State_PHL
20167,Russell County,Kansas,6620,38.91604,-98.770949,261.00536435867275,PHL_KS,Kansas Health and Environmental Laboratories,State_PHL
20169,Saline County,Kansas,53459,38.791804,-97.651478,166.354421808982,PHL_KS,Kansas Health and Environmental Laboratories,State_PHL
20171,Scott County,Kansas,4914,38.481877,-100.90636,371.2046523469163,ISC_CO,Colorado Dept of Public Health & Env Lab,ISC_StatePHL
20173,Sedgwick County,Kansas,536081,37.681045,-97.461054,212.13244526055956,PHL_KS,Kansas Health and Environmental Laboratories,State_PHL
20175,Seward County,Kansas,21276,37.18096,-100.855257,357.58778427968275,PHL_OK,Oklahoma Public Health Laboratory,State_PHL
20177,Shawnee County,Kansas,177942,39.041805,-95.755664,0.0,PHL_KS,Kansas Health and Environmental Laboratories,State_PHL
20179,Sheridan County,Kansas,2397,39.350547,-100.441228,383.3334515701748,ISC_CO,Colorado Dept of Public Health & Env Lab,ISC_StatePHL
20181,Sherman County,Kansas,5796,39.351352,-101.719859,274.81771277506346,ISC_CO,Colorado Dept of Public Health & Env Lab,ISC_StatePHL
20183,Smith County,Kansas,3541,39.78466,-98.785429,273.0561082936826,PHL_KS,Kansas Health and Environmental Laboratories,State_PHL
20185,Stafford County,Kansas,3901,38.03563,-98.719889,281.024822857045,PHL_KS,Kansas Health and Environmental Laboratories,State_PHL
20187,Stanton County,Kansas,2071,37.565932,-101.789383,362.8305735261743,ISC_CO,Colorado Dept of Public Health & Env Lab,ISC_StatePHL
20189,Stevens County,Kansas,5035,37.2017,-101.317268,394.84338678497926,PHL_OK,Oklahoma Public Health Laboratory,State_PHL
20191,Sumner County,Kansas,22336,37.236662,-97.493352,187.18638443228113,PHL_OK,Oklahoma Public Health Laboratory,State_PHL
20193,Thomas County,Kansas,7802,39.357713,-101.083386,328.62743129056787,ISC_CO,Colorado Dept of Public Health & Env Lab,ISC_StatePHL
20195,Trego County,Kansas,2774,38.921302,-99.865423,355.4584144939003,PHL_KS,Kansas Health and Environmental Laboratories,State_PHL
20197,Wabaunsee County,Kansas,7112,38.955154,-96.201262,39.69413627131855,PHL_KS,Kansas Health and Environmental Laboratories,State_PHL
20199,Wallace County,Kansas,1472,38.926626,-101.771103,283.0852462121129,ISC_CO,Colorado Dept of Public Health & Env Lab,ISC_StatePHL
20201,Washington County,Kansas,5572,39.776714,-97.095611,141.17119902887927,PHL_KS,Kansas Health and Environmental Laboratories,State_PHL
20203,Wichita County,Kansas,2072,38.481922,-101.347434,336.3868754067543,ISC_CO,Colorado Dept of Public Health & Env Lab,ISC_StatePHL
20205,Wilson County,Kansas,8398,37.558515,-95.745175,164.93686204257062,PHL_KS,Kansas Health and Environmental Laboratories,State_PHL
20207,Woodson County,Kansas,3111,37.888193,-95.758469,128.27603416579163,PHL_KS,Kansas Health and Environmental Laboratories,State_PHL
20209,Wyandotte County,Kansas,169418,39.115384,-94.763087,86.067188033965,PHL_KS,Kansas Health and Environmental Laboratories,State_PHL
21001,Adair County,Kentucky,19239,37.105559,-85.28138,130.72390892188292,PHL_KY,Kentucky Division of Laboratory Services,State_PHL
21003,Allen County,Kentucky,22037,36.75077,-86.192458,83.60008795640424,PHL_TN,Tennessee State Public Health Laboratory,State_PHL
21005,Anderson County,Kentucky,24883,38.005396,-84.986417,27.51818827832113,PHL_KY,Kentucky Division of Laboratory Services,State_PHL
21007,Ballard County,Kentucky,7626,37.051323,-89.010367,221.54096483176582,PHL_TN,Tennessee State Public Health Laboratory,State_PHL
21009,Barren County,Kentucky,45609,36.962805,-85.932108,116.5648509603729,PHL_TN,Tennessee State Public Health Laboratory,State_PHL
21011,Bath County,Kentucky,12951,38.152249,-83.737641,99.27775232425286,PHL_KY,Kentucky Division of Laboratory Services,State_PHL
21013,Bell County,Kentucky,23051,36.728928,-83.680718,197.56121266802666,PHL_KY,Kentucky Division of Laboratory Services,State_PHL
21015,Boone County,Kentucky,144135,38.9589,-84.736371,81.32129388150688,PHL_KY,Kentucky Division of Laboratory Services,State_PHL
21017,Bourbon County,Kentucky,20333,38.202562,-84.20986,57.676512376059506,PHL_KY,Kentucky Division of Laboratory Services,State_PHL
21019,Boyd County,Kentucky,47777,38.360003,-82.681406,101.041523136477,PHL_WV,West Virginia Office of Laboratory Services,State_PHL
21021,Boyle County,Kentucky,31394,37.618104,-84.868352,68.5867092416011,PHL_KY,Kentucky Division of Laboratory Services,State_PHL
21023,Bracken County,Kentucky,8497,38.680365,-84.115235,82.20995569903621,PHL_KY,Kentucky Division of Laboratory Services,State_PHL
21025,Breathitt County,Kentucky,12804,37.517807,-83.317158,157.81033247401228,PHL_KY,Kentucky Division of Laboratory Services,State_PHL
21027,Breckinridge County,Kentucky,21221,37.777988,-86.432919,146.1546566045496,PHL_KY,Kentucky Division of Laboratory Services,State_PHL
21029,Bullitt County,Kentucky,85802,37.969945,-85.702635,78.68612264063458,PHL_KY,Kentucky Division of Laboratory Services,State_PHL
21031,Butler County,Kentucky,12551,37.207013,-86.682471,115.7674751271352,PHL_TN,Tennessee State Public Health Laboratory,State_PHL
21033,Caldwell County,Kentucky,12611,37.148642,-87.870509,145.7448856783295,PHL_TN,Tennessee State Public Health Laboratory,State_PHL
21035,Calloway County,Kentucky,38975,36.620978,-88.274086,142.45299420772534,PHL_TN,Tennessee State Public Health Laboratory,State_PHL
21037,Campbell County,Kentucky,94008,38.946981,-84.379583,89.87092631073139,PHL_KY,Kentucky Division of Laboratory Services,State_PHL
21039,Carlisle County,Kentucky,4777,36.85718,-88.976614,210.28672570808882,PHL_TN,Tennessee State Public Health Laboratory,State_PHL
21041,Carroll County,Kentucky,11111,38.668394,-85.124024,53.07786429639162,PHL_KY,Kentucky Division of Laboratory Services,State_PHL
21043,Carter County,Kentucky,26098,38.314094,-83.038988,132.2140740609358,PHL_WV,West Virginia Office of Laboratory Services,State_PHL
21045,Casey County,Kentucky,15948,37.321962,-84.92822,101.65047540831706,PHL_KY,Kentucky Division of Laboratory Services,State_PHL
21047,Christian County,Kentucky,71006,36.892059,-87.492986,102.30222586806568,PHL_TN,Tennessee State Public Health Laboratory,State_PHL
21049,Clark County,Kentucky,37673,37.970314,-84.145115,69.82289808645652,PHL_KY,Kentucky Division of Laboratory Services,State_PHL
21051,Clay County,Kentucky,19592,37.164273,-83.715454,156.42360900651653,PHL_KY,Kentucky Division of Laboratory Services,State_PHL
21053,Clinton County,Kentucky,9183,36.727258,-85.136098,159.99057018764117,PHL_TN,Tennessee State Public Health Laboratory,State_PHL
21055,Crittenden County,Kentucky,8982,37.358149,-88.10501,176.9450805982572,PHL_TN,Tennessee State Public Health Laboratory,State_PHL
21057,Cumberland County,Kentucky,6047,36.782372,-85.388484,142.25354426972194,PHL_TN,Tennessee State Public Health Laboratory,State_PHL
21059,Daviess County,Kentucky,104457,37.731671,-87.087139,175.81144752338855,PHL_TN,Tennessee State Public Health Laboratory,State_PHL
21061,Edmonson County,Kentucky,12635,37.227514,-86.218015,128.0758452477029,PHL_TN,Tennessee State Public Health Laboratory,State_PHL
21063,Elliott County,Kentucky,7263,38.116883,-83.096116,139.367277998747,PHL_WV,West Virginia Office of Laboratory Services,State_PHL
21065,Estill County,Kentucky,14002,37.692449,-83.963983,99.64973365041152,PHL_KY,Kentucky Division of Laboratory Services,State_PHL
21067,Fayette County,Kentucky,329437,38.040678,-84.458272,41.89866109506001,PHL_KY,Kentucky Division of Laboratory Services,State_PHL
21069,Fleming County,Kentucky,15591,38.367848,-83.699205,103.12343544251722,PHL_KY,Kentucky Division of Laboratory Services,State_PHL
21071,Floyd County,Kentucky,34532,37.552456,-82.739724,137.15879709083228,PHL_WV,West Virginia Office of Laboratory Services,State_PHL
21073,Franklin County,Kentucky,52442,38.234919,-84.868786,0.0,PHL_KY,Kentucky Division of Laboratory Services,State_PHL
21075,Fulton County,Kentucky,6282,36.552511,-89.187659,219.34137878216848,PHL_TN,Tennessee State Public Health Laboratory,State_PHL
21077,Gallatin County,Kentucky,8805,38.755663,-84.865143,57.90495880649111,PHL_KY,Kentucky Division of Laboratory Services,State_PHL
21079,Garrard County,Kentucky,18040,37.630162,-84.545856,72.96662622010702,PHL_KY,Kentucky Division of Laboratory Services,State_PHL
21081,Grant County,Kentucky,25722,38.649167,-84.625924,50.686356825155286,PHL_KY,Kentucky Division of Laboratory Services,State_PHL
21083,Graves County,Kentucky,36821,36.723344,-88.649897,177.84223942118706,PHL_TN,Tennessee State Public Health Laboratory,State_PHL
21085,Grayson County,Kentucky,27070,37.458577,-86.344011,148.65174546452565,PHL_TN,Tennessee State Public Health Laboratory,State_PHL
21087,Green County,Kentucky,11552,37.278065,-85.537925,121.57567391058897,PHL_KY,Kentucky Division of Laboratory Services,State_PHL
21089,Greenup County,Kentucky,35273,38.563562,-82.93382,125.57884192337433,PHL_WV,West Virginia Office of Laboratory Services,State_PHL
21091,Hancock County,Kentucky,9013,37.843325,-86.792761,174.0257194448323,PHL_KY,Kentucky Division of Laboratory Services,State_PHL
21093,Hardin County,Kentucky,112826,37.695836,-85.963183,113.12500097051144,PHL_KY,Kentucky Division of Laboratory Services,State_PHL
21095,Harlan County,Kentucky,25052,36.859223,-83.221497,210.92056741404667,PHL_KY,Kentucky Division of Laboratory Services,State_PHL
21097,Harrison County,Kentucky,19525,38.444578,-84.334131,52.13300853729995,PHL_KY,Kentucky Division of Laboratory Services,State_PHL
21099,Hart County,Kentucky,19923,37.305827,-85.878443,136.19172247649067,PHL_KY,Kentucky Division of Laboratory Services,State_PHL
21101,Henderson County,Kentucky,44175,37.792542,-87.572577,193.6015460040246,PHL_TN,Tennessee State Public Health Laboratory,State_PHL
21103,Henry County,Kentucky,16198,38.451383,-85.119647,32.52676954010064,PHL_KY,Kentucky Division of Laboratory Services,State_PHL
21105,Hickman County,Kentucky,4393,36.675896,-88.972084,203.65161545576217,PHL_TN,Tennessee State Public Health Laboratory,State_PHL
21107,Hopkins County,Kentucky,45218,37.31107,-87.542196,143.79814498164777,PHL_TN,Tennessee State Public Health Laboratory,State_PHL
21109,Jackson County,Kentucky,13358,37.403458,-84.020576,118.73723809624317,PHL_KY,Kentucky Division of Laboratory Services,State_PHL
21111,Jefferson County,Kentucky,793881,38.189532,-85.657624,69.1040135308715,PHL_KY,Kentucky Division of Laboratory Services,State_PHL
21113,Jessamine County,Kentucky,56495,37.873291,-84.58396,47.316796887378146,PHL_KY,Kentucky Division of Laboratory Services,State_PHL
21115,Johnson County,Kentucky,22098,37.847756,-82.830121,126.20681928844941,PHL_WV,West Virginia Office of Laboratory Services,State_PHL
21117,Kenton County,Kentucky,174862,38.930503,-84.533438,82.65563111717577,PHL_KY,Kentucky Division of Laboratory Services,State_PHL
21119,Knott County,Kentucky,13438,37.354368,-82.952546,165.73449984793046,PHL_WV,West Virginia Office of Laboratory Services,State_PHL
21121,Knox County,Kentucky,29657,36.8885,-83.855551,174.32681549073286,PHL_KY,Kentucky Division of Laboratory Services,State_PHL
21123,Larue County,Kentucky,15128,37.544462,-85.696841,105.7095512618822,PHL_KY,Kentucky Division of Laboratory Services,State_PHL
21125,Laurel County,Kentucky,63353,37.113268,-84.119395,141.0855632295649,PHL_KY,Kentucky Division of Laboratory Services,State_PHL
21127,Lawrence County,Kentucky,15798,38.074453,-82.73829,109.83033181109066,PHL_WV,West Virginia Office of Laboratory Services,State_PHL
21129,Lee County,Kentucky,7313,37.608116,-83.719248,122.57521216181557,PHL_KY,Kentucky Division of Laboratory Services,State_PHL
21131,Leslie County,Kentucky,9729,37.087846,-83.388617,182.32673953349848,PHL_KY,Kentucky Division of Laboratory Services,State_PHL
21133,Letcher County,Kentucky,20139,37.118536,-82.861251,178.68989952450912,PHL_WV,West Virginia Office of Laboratory Services,State_PHL
21135,Lewis County,Kentucky,12875,38.535047,-83.370143,134.8169587947179,PHL_KY,Kentucky Division of Laboratory Services,State_PHL
21137,Lincoln County,Kentucky,24910,37.457174,-84.658335,88.43343078375678,PHL_KY,Kentucky Division of Laboratory Services,State_PHL
21139,Livingston County,Kentucky,8815,37.209517,-88.363426,182.19434664490416,PHL_TN,Tennessee State Public Health Laboratory,State_PHL
21141,Logan County,Kentucky,28467,36.859607,-86.881288,77.26044329557672,PHL_TN,Tennessee State Public Health Laboratory,State_PHL
21143,Lyon County,Kentucky,9078,37.023976,-88.083391,149.91448458349274,PHL_TN,Tennessee State Public Health Laboratory,State_PHL
21145,McCracken County,Kentucky,67550,37.054111,-88.712454,198.20208255357073,PHL_TN,Tennessee State Public Health Laboratory,State_PHL
21147,McCreary County,Kentucky,16824,36.731136,-84.491052,170.5019574978502,PHL_KY,Kentucky Division of Laboratory Services,State_PHL
21149,McLean County,Kentucky,9126,37.526707,-87.265597,156.90059175383647,PHL_TN,Tennessee State Public Health Laboratory,State_PHL
21151,Madison County,Kentucky,99582,37.725511,-84.278362,76.72255235697844,PHL_KY,Kentucky Division of Laboratory Services,State_PHL
21153,Magoffin County,Kentucky,11118,37.698983,-83.069721,152.45007852604246,PHL_WV,West Virginia Office of Laboratory Services,State_PHL
21155,Marion County,Kentucky,19851,37.552604,-85.268959,83.6018724090136,PHL_KY,Kentucky Division of Laboratory Services,State_PHL
21157,Marshall County,Kentucky,31734,36.882017,-88.332752,159.41963388844025,PHL_TN,Tennessee State Public Health Laboratory,State_PHL
21159,Martin County,Kentucky,10696,37.796774,-82.506623,104.39255149980495,PHL_WV,West Virginia Office of Laboratory Services,State_PHL
21161,Mason County,Kentucky,16956,38.594137,-83.828125,99.0754723109474,PHL_KY,Kentucky Division of Laboratory Services,State_PHL
21163,Meade County,Kentucky,30442,37.967476,-86.200863,120.29164333121938,PHL_KY,Kentucky Division of Laboratory Services,State_PHL
21165,Menifee County,Kentucky,6341,37.935485,-83.589355,116.82102349502011,PHL_KY,Kentucky Division of Laboratory Services,State_PHL
21167,Mercer County,Kentucky,23515,37.812085,-84.879695,47.02670496697929,PHL_KY,Kentucky Division of Laboratory Services,State_PHL
21169,Metcalfe County,Kentucky,10558,36.99243,-85.633456,137.6551826324365,PHL_TN,Tennessee State Public Health Laboratory,State_PHL
21171,Monroe County,Kentucky,11163,36.714077,-85.713508,113.37827629427203,PHL_TN,Tennessee State Public Health Laboratory,State_PHL
21173,Montgomery County,Kentucky,28771,38.038109,-83.912416,86.45859688632096,PHL_KY,Kentucky Division of Laboratory Services,State_PHL
21175,Morgan County,Kentucky,14300,37.92294,-83.258944,145.11219721813714,PHL_KY,Kentucky Division of Laboratory Services,State_PHL
21177,Muhlenberg County,Kentucky,30512,37.213816,-87.134092,120.26630050031824,PHL_TN,Tennessee State Public Health Laboratory,State_PHL
21179,Nelson County,Kentucky,48706,37.80312,-85.465931,71.00432789973726,PHL_KY,Kentucky Division of Laboratory Services,State_PHL
21181,Nicholas County,Kentucky,7816,38.338031,-84.026223,74.42656867428504,PHL_KY,Kentucky Division of Laboratory Services,State_PHL
21183,Ohio County,Kentucky,23933,37.477859,-86.844871,145.62235391248595,PHL_TN,Tennessee State Public Health Laboratory,State_PHL
21185,Oldham County,Kentucky,70525,38.400127,-85.45615,54.436048118020686,PHL_KY,Kentucky Division of Laboratory Services,State_PHL
21187,Owen County,Kentucky,11435,38.499395,-84.84159,29.50381380099969,PHL_KY,Kentucky Division of Laboratory Services,State_PHL
21189,Owsley County,Kentucky,3928,37.423622,-83.691637,137.2078362150069,PHL_KY,Kentucky Division of Laboratory Services,State_PHL
21191,Pendleton County,Kentucky,14844,38.696284,-84.351943,68.23958210115376,PHL_KY,Kentucky Division of Laboratory Services,State_PHL
21193,Perry County,Kentucky,26739,37.241282,-83.217772,182.4366620184842,PHL_KY,Kentucky Division of Laboratory Services,State_PHL
21195,Pike County,Kentucky,55430,37.486031,-82.410912,121.76864695819269,PHL_WV,West Virginia Office of Laboratory Services,State_PHL
21197,Powell County,Kentucky,12928,37.809567,-83.831235,102.45483399943275,PHL_KY,Kentucky Division of Laboratory Services,State_PHL
21199,Pulaski County,Kentucky,66842,37.107428,-84.576969,127.97487354922018,PHL_KY,Kentucky Division of Laboratory Services,State_PHL
21201,Robertson County,Kentucky,2382,38.513473,-84.06423,76.67077401421722,PHL_KY,Kentucky Division of Laboratory Services,State_PHL
21203,Rockcastle County,Kentucky,16226,37.36105,-84.314368,108.69594024058411,PHL_KY,Kentucky Division of Laboratory Services,State_PHL
21205,Rowan County,Kentucky,24675,38.204266,-83.428079,125.9047185729721,PHL_KY,Kentucky Division of Laboratory Services,State_PHL
21207,Russell County,Kentucky,18458,36.990587,-85.05495,139.33160461009777,PHL_KY,Kentucky Division of Laboratory Services,State_PHL
21209,Scott County,Kentucky,61700,38.28571,-84.57834,25.98036558595152,PHL_KY,Kentucky Division of Laboratory Services,State_PHL
21211,Shelby County,Kentucky,50124,38.239011,-85.228247,31.39821200833303,PHL_KY,Kentucky Division of Laboratory Services,State_PHL
21213,Simpson County,Kentucky,20350,36.740929,-86.581787,66.12266231854986,PHL_TN,Tennessee State Public Health Laboratory,State_PHL
21215,Spencer County,Kentucky,20823,38.025313,-85.317312,45.63229976880808,PHL_KY,Kentucky Division of Laboratory Services,State_PHL
21217,Taylor County,Kentucky,26809,37.36621,-85.328059,104.68517251111157,PHL_KY,Kentucky Division of Laboratory Services,State_PHL
21219,Todd County,Kentucky,12757,36.840338,-87.183642,82.71159930763743,PHL_TN,Tennessee State Public Health Laboratory,State_PHL
21221,Trigg County,Kentucky,14559,36.807681,-87.858652,119.40450980594554,PHL_TN,Tennessee State Public Health Laboratory,State_PHL
21223,Trimble County,Kentucky,8591,38.62004,-85.351208,59.99842467413084,PHL_KY,Kentucky Division of Laboratory Services,State_PHL
21225,Union County,Kentucky,13178,37.658029,-87.95165,195.37057993360813,PHL_TN,Tennessee State Public Health Laboratory,State_PHL
21227,Warren County,Kentucky,147936,36.995634,-86.423579,97.39794117434411,PHL_TN,Tennessee State Public Health Laboratory,State_PHL
21229,Washington County,Kentucky,12269,37.754209,-85.175416,59.825939733521714,PHL_KY,Kentucky Division of Laboratory Services,State_PHL
21231,Wayne County,Kentucky,19629,36.800772,-84.82659,159.5132822460114,PHL_KY,Kentucky Division of Laboratory Services,State_PHL
21233,Webster County,Kentucky,12854,37.520375,-87.685206,170.27781963921035,PHL_TN,Tennessee State Public Health Laboratory,State_PHL
21235,Whitley County,Kentucky,37233,36.758024,-84.144648,176.20957970319537,PHL_KY,Kentucky Division of Laboratory Services,State_PHL
21237,Wolfe County,Kentucky,6364,37.743893,-83.49511,132.1839692031047,PHL_KY,Kentucky Division of Laboratory Services,State_PHL
21239,Woodford County,Kentucky,27728,38.043103,-84.748855,23.768427207532262,PHL_KY,Kentucky Division of Laboratory Services,State_PHL
22001,Acadia Parish,Louisiana,56604,30.291497,-92.411037,129.45251993765066,PHL_LA,Louisiana Office of Public Health Laboratory,State_PHL
22003,Allen Parish,Louisiana,22501,30.652744,-92.819605,165.6846373181779,PHL_LA,Louisiana Office of Public Health Laboratory,State_PHL
22005,Ascension Parish,Louisiana,133534,30.206444,-90.912502,41.33417105424534,PHL_LA,Louisiana Office of Public Health Laboratory,State_PHL
22007,Assumption Parish,Louisiana,20050,29.9033,-91.065219,71.28526756262694,PHL_LA,Louisiana Office of Public Health Laboratory,State_PHL
22009,Avoyelles Parish,Louisiana,38373,31.088503,-91.983275,104.36699004176933,PHL_LA,Louisiana Office of Public Health Laboratory,State_PHL
22011,Beauregard Parish,Louisiana,36695,30.645018,-93.340253,215.3745360895687,PHL_LA,Louisiana Office of Public Health Laboratory,State_PHL
22013,Bienville Parish,Louisiana,12412,32.340952,-93.041151,242.1529996479978,PHL_MS,Mississippi Public Health Laboratory,State_PHL
22015,Bossier Parish,Louisiana,131102,32.698481,-93.626561,260.4305576183927,PHL_AR,Arkansas Department of Health Lab,State_PHL
22017,Caddo Parish,Louisiana,224893,32.580106,-93.88497,283.66332604907205,PHL_AR,Arkansas Department of Health Lab,State_PHL
22019,Calcasieu Parish,Louisiana,206861,30.229559,-93.358015,200.20523065984045,MUN_HOU,Houston Health Department Laboratory,ELC_Direct_City
22021,Caldwell Parish,Louisiana,9393,32.101219,-92.114231,156.2110832663778,PHL_MS,Mississippi Public Health Laboratory,State_PHL
22023,Cameron Parish,Louisiana,4678,29.871812,-93.164948,212.65239670181808,PHL_LA,Louisiana Office of Public Health Laboratory,State_PHL
22025,Catahoula Parish,Louisiana,8280,31.666517,-91.846703,143.97425995995022,PHL_LA,Louisiana Office of Public Health Laboratory,State_PHL
22027,Claiborne Parish,Louisiana,13537,32.82716,-92.989728,224.9332025021369,PHL_AR,Arkansas Department of Health Lab,State_PHL
22029,Concordia Parish,Louisiana,17797,31.469805,-91.626315,114.80998948646553,PHL_LA,Louisiana Office of Public Health Laboratory,State_PHL
22031,De Soto Parish,Louisiana,27274,32.059248,-93.740797,291.1450012678339,MUN_HOU,Houston Health Department Laboratory,ELC_Direct_City
22033,East Baton Rouge Parish,Louisiana,453022,30.54393,-91.093131,0.0,PHL_LA,Louisiana Office of Public Health Laboratory,State_PHL
22035,East Carroll Parish,Louisiana,6892,32.73017,-91.234141,88.50183413652701,PHL_MS,Mississippi Public Health Laboratory,State_PHL
22037,East Feliciana Parish,Louisiana,19112,30.839784,-91.043434,33.238899551800166,PHL_LA,Louisiana Office of Public Health Laboratory,State_PHL
22039,Evangeline Parish,Louisiana,31745,30.720693,-92.404086,126.95969036391102,PHL_LA,Louisiana Office of Public Health Laboratory,State_PHL
22041,Franklin Parish,Louisiana,19107,32.139076,-91.672371,114.40257406975165,PHL_MS,Mississippi Public Health Laboratory,State_PHL
22043,Grant Parish,Louisiana,22109,31.597787,-92.561716,182.4673558400894,PHL_LA,Louisiana Office of Public Health Laboratory,State_PHL
22045,Iberia Parish,Louisiana,67540,29.606013,-91.842706,126.80258022715464,PHL_LA,Louisiana Office of Public Health Laboratory,State_PHL
22047,Iberville Parish,Louisiana,29766,30.270658,-91.36587,40.093051504619204,PHL_LA,Louisiana Office of Public Health Laboratory,State_PHL
22049,Jackson Parish,Louisiana,14797,32.30429,-92.5617,197.03979118202278,PHL_MS,Mississippi Public Health Laboratory,State_PHL
22051,Jefferson Parish,Louisiana,427253,29.5033,-90.036231,154.08576585963297,PHL_LA,Louisiana Office of Public Health Laboratory,State_PHL
22053,Jefferson Davis Parish,Louisiana,31436,30.269529,-92.816221,168.0367285537303,PHL_LA,Louisiana Office of Public Health Laboratory,State_PHL
22055,Lafayette Parish,Louisiana,254241,30.206507,-92.06417,100.42482080755268,PHL_LA,Louisiana Office of Public Health Laboratory,State_PHL
22057,Lafourche Parish,Louisiana,95342,29.491992,-90.394849,134.9137620643467,PHL_LA,Louisiana Office of Public Health Laboratory,State_PHL
22059,LaSalle Parish,Louisiana,14702,31.680083,-92.161596,162.191987302582,PHL_LA,Louisiana Office of Public Health Laboratory,State_PHL
22061,Lincoln Parish,Louisiana,48243,32.601823,-92.662303,209.43441669475163,PHL_MS,Mississippi Public Health Laboratory,State_PHL
22063,Livingston Parish,Louisiana,152886,30.440419,-90.727474,36.8781158529536,PHL_LA,Louisiana Office of Public Health Laboratory,State_PHL
22065,Madison Parish,Louisiana,9093,32.346878,-91.231932,72.51670488148726,PHL_MS,Mississippi Public Health Laboratory,State_PHL
22067,Morehouse Parish,Louisiana,23787,32.820008,-91.800399,139.33621746995658,PHL_MS,Mississippi Public Health Laboratory,State_PHL
22069,Natchitoches Parish,Louisiana,35982,31.732509,-93.082546,230.8975478038487,PHL_LA,Louisiana Office of Public Health Laboratory,State_PHL
22071,Orleans Parish,Louisiana,362701,30.05342,-89.934502,123.88713905201944,PHL_LA,Louisiana Office of Public Health Laboratory,State_PHL
22073,Ouachita Parish,Louisiana,157874,32.480932,-92.151581,160.0566971464302,PHL_MS,Mississippi Public Health Laboratory,State_PHL
22075,Plaquemines Parish,Louisiana,22289,29.282447,-89.576068,202.61602509200125,PHL_LA,Louisiana Office of Public Health Laboratory,State_PHL
22077,Pointe Coupee Parish,Louisiana,19845,30.708319,-91.604621,52.24366413541707,PHL_LA,Louisiana Office of Public Health Laboratory,State_PHL
22079,Rapides Parish,Louisiana,125899,31.193204,-92.535953,155.48367392230656,PHL_LA,Louisiana Office of Public Health Laboratory,State_PHL
22081,Red River Parish,Louisiana,7238,32.101213,-93.34905,271.94085152523957,PHL_MS,Mississippi Public Health Laboratory,State_PHL
22083,Richland Parish,Louisiana,19643,32.413158,-91.748353,121.5502243243815,PHL_MS,Mississippi Public Health Laboratory,State_PHL
22085,Sabine Parish,Louisiana,21746,31.560402,-93.559579,258.0374757985809,MUN_HOU,Houston Health Department Laboratory,ELC_Direct_City
22087,St. Bernard Parish,Louisiana,44783,29.91811,-89.263494,189.04802070422946,PHL_LA,Louisiana Office of Public Health Laboratory,State_PHL
22089,St. Charles Parish,Louisiana,50400,29.905722,-90.357855,100.13295361203346,PHL_LA,Louisiana Office of Public Health Laboratory,State_PHL
22091,St. Helena Parish,Louisiana,10857,30.822539,-90.708307,48.10383523519777,PHL_LA,Louisiana Office of Public Health Laboratory,State_PHL
22093,St. James Parish,Louisiana,19110,30.024777,-90.793956,64.47986071234295,PHL_LA,Louisiana Office of Public Health Laboratory,State_PHL
22095,St. John the Baptist Parish,Louisiana,39694,30.144068,-90.49096,72.91134524395541,PHL_LA,Louisiana Office of Public Health Laboratory,State_PHL
22097,St. Landry Parish,Louisiana,80869,30.583441,-91.989274,85.91428778447506,PHL_LA,Louisiana Office of Public Health Laboratory,State_PHL
22099,St. Martin Parish,Louisiana,51218,30.121433,-91.611481,68.4242826826175,PHL_LA,Louisiana Office of Public Health Laboratory,State_PHL
22101,St. Mary Parish,Louisiana,46799,29.629349,-91.463804,107.76863477784721,PHL_LA,Louisiana Office of Public Health Laboratory,State_PHL
22103,St. Tammany Parish,Louisiana,277615,30.410022,-89.951962,110.36839379801853,PHL_LA,Louisiana Office of Public Health Laboratory,State_PHL
22105,Tangipahoa Parish,Louisiana,139823,30.621348,-90.40649,66.29148984276001,PHL_LA,Louisiana Office of Public Health Laboratory,State_PHL
22107,Tensas Parish,Louisiana,3844,32.001489,-91.342576,87.68730690820266,PHL_MS,Mississippi Public Health Laboratory,State_PHL
22109,Terrebonne Parish,Louisiana,103864,29.33413,-90.843674,136.6540620680542,PHL_LA,Louisiana Office of Public Health Laboratory,State_PHL
22111,Union Parish,Louisiana,20617,32.829349,-92.37565,189.5657369807461,PHL_MS,Mississippi Public Health Laboratory,State_PHL
22113,Vermilion Parish,Louisiana,57641,29.806638,-92.321394,143.7396357150045,PHL_LA,Louisiana Office of Public Health Laboratory,State_PHL
22115,Vernon Parish,Louisiana,45819,31.102841,-93.18833,209.49396385654111,PHL_LA,Louisiana Office of Public Health Laboratory,State_PHL
22117,Washington Parish,Louisiana,45090,30.852144,-90.046253,105.79937149058513,PHL_LA,Louisiana Office of Public Health Laboratory,State_PHL
22119,Webster Parish,Louisiana,35184,32.732152,-93.339825,245.70860126187083,PHL_AR,Arkansas Department of Health Lab,State_PHL
22121,West Baton Rouge Parish,Louisiana,28425,30.464052,-91.309808,22.579065057681692,PHL_LA,Louisiana Office of Public Health Laboratory,State_PHL
22123,West Carroll Parish,Louisiana,9254,32.79248,-91.451998,109.30680606400611,PHL_MS,Mississippi Public Health Laboratory,State_PHL
22125,West Feliciana Parish,Louisiana,15155,30.873364,-91.421776,48.259990638704494,PHL_LA,Louisiana Office of Public Health Laboratory,State_PHL
22127,Winn Parish,Louisiana,13405,31.941187,-92.641269,208.0788392886045,PHL_MS,Mississippi Public Health Laboratory,State_PHL
23001,Androscoggin County,Maine,115272,44.167681,-70.207435,44.7703994527924,PHL_ME,Maine Health & Environmental Testing Lab,State_PHL
23003,Aroostook County,Maine,66776,46.709193,-68.612409,270.2234710993135,PHL_ME,Maine Health & Environmental Testing Lab,State_PHL
23005,Cumberland County,Maine,313809,43.808348,-70.330375,81.31643561055515,PHL_ME,Maine Health & Environmental Testing Lab,State_PHL
23007,Franklin County,Maine,30902,44.976724,-70.414935,80.6612307450423,PHL_ME,Maine Health & Environmental Testing Lab,State_PHL
23009,Hancock County,Maine,56946,44.564906,-68.370703,111.87303871575126,PHL_ME,Maine Health & Environmental Testing Lab,State_PHL
23011,Kennebec County,Maine,128461,44.417012,-69.765764,0.0,PHL_ME,Maine Health & Environmental Testing Lab,State_PHL
23013,Knox County,Maine,40981,44.042045,-69.038514,71.38613267194984,PHL_ME,Maine Health & Environmental Testing Lab,State_PHL
23015,Lincoln County,Maine,36491,43.994781,-69.513624,51.070648019669136,PHL_ME,Maine Health & Environmental Testing Lab,State_PHL
23017,Oxford County,Maine,60039,44.4945,-70.734421,77.3631391253334,PHL_ME,Maine Health & Environmental Testing Lab,State_PHL
23019,Penobscot County,Maine,156840,45.409284,-68.666616,140.23036659010782,PHL_ME,Maine Health & Environmental Testing Lab,State_PHL
23021,Piscataquis County,Maine,17432,45.915639,-69.102231,174.56864213911044,PHL_ME,Maine Health & Environmental Testing Lab,State_PHL
23023,Sagadahoc County,Maine,37582,43.916845,-69.844227,55.967033711616956,PHL_ME,Maine Health & Environmental Testing Lab,State_PHL
23025,Somerset County,Maine,51338,45.503646,-69.95611,121.75271507362446,PHL_ME,Maine Health & Environmental Testing Lab,State_PHL
23027,Waldo County,Maine,40617,44.475023,-69.117429,51.869440759890836,PHL_ME,Maine Health & Environmental Testing Lab,State_PHL
23029,Washington County,Maine,31383,44.967009,-67.609354,181.09200180517615,PHL_ME,Maine Health & Environmental Testing Lab,State_PHL
23031,York County,Maine,220143,43.426019,-70.668425,82.9792421508443,PHL_NH,New Hampshire Public Health Laboratories,State_PHL
24001,Allegany County,Maryland,67097,39.612313,-78.703104,165.1791765883933,PHL_DC,DC Public Health Laboratory (DFS),State_PHL
24003,Anne Arundel County,Maryland,602350,38.991617,-76.560894,34.55970302736558,PHL_MD,Maryland Laboratories Administration,State_PHL
24005,Baltimore County,Maryland,852425,39.443167,-76.616569,15.92450104425794,PHL_MD,Maryland Laboratories Administration,State_PHL
24009,Calvert County,Maryland,94913,38.522719,-76.529762,59.86118752859547,PHL_DC,DC Public Health Laboratory (DFS),State_PHL
24011,Caroline County,Maryland,34248,38.871531,-75.831662,37.89614669978678,PHL_DE,Delaware Public Health Laboratory,State_PHL
24013,Carroll County,Maryland,177108,39.563328,-77.01533,45.4550293548795,PHL_MD,Maryland Laboratories Administration,State_PHL
24015,Cecil County,Maryland,106305,39.562354,-75.941585,48.6238290379933,PHL_PA,Pennsylvania Bureau of Laboratories,State_PHL
24017,Charles County,Maryland,174478,38.472853,-77.015427,47.96891747485003,PHL_DC,DC Public Health Laboratory (DFS),State_PHL
24019,Dorchester County,Maryland,33138,38.429196,-76.047433,87.99865098762717,PHL_DE,Delaware Public Health Laboratory,State_PHL
24021,Frederick County,Maryland,299317,39.470177,-77.397636,70.2458428146265,PHL_MD,Maryland Laboratories Administration,State_PHL
24023,Garrett County,Maryland,28393,39.547299,-79.274619,207.22800005483205,PHL_DC,DC Public Health Laboratory (DFS),State_PHL
24025,Harford County,Maryland,265514,39.537429,-76.299789,37.53774246149825,PHL_MD,Maryland Laboratories Administration,State_PHL
24027,Howard County,Maryland,339668,39.252264,-76.924406,27.539038555866657,PHL_MD,Maryland Laboratories Administration,State_PHL
24029,Kent County,Maryland,19557,39.241279,-76.125987,42.214870267972735,PHL_MD,Maryland Laboratories Administration,State_PHL
24031,Montgomery County,Maryland,1082273,39.137381,-77.203063,30.524234594393697,PHL_DC,DC Public Health Laboratory (DFS),State_PHL
24033,Prince George's County,Maryland,966629,38.829278,-76.848188,16.78919530761815,PHL_DC,DC Public Health Laboratory (DFS),State_PHL
24035,Queen Anne's County,Maryland,53688,39.040693,-76.082405,50.413309937371224,PHL_DE,Delaware Public Health Laboratory,State_PHL
24037,St. Mary's County,Maryland,116469,38.223077,-76.534487,86.56410699511447,PHL_DC,DC Public Health Laboratory (DFS),State_PHL
24039,Somerset County,Maryland,25241,38.07445,-75.853323,117.71851560064454,PHL_DE,Delaware Public Health Laboratory,State_PHL
24041,Talbot County,Maryland,38244,38.748349,-76.178476,70.1319410064689,PHL_DE,Delaware Public Health Laboratory,State_PHL
24043,Washington County,Maryland,157228,39.603621,-77.814671,103.78085074426636,PHL_DC,DC Public Health Laboratory (DFS),State_PHL
24045,Wicomico County,Maryland,106329,38.367368,-75.632084,81.91024059375152,PHL_DE,Delaware Public Health Laboratory,State_PHL
24047,Worcester County,Maryland,54337,38.222133,-75.309931,98.72393139082057,PHL_DE,Delaware Public Health Laboratory,State_PHL
24510,Baltimore city,Maryland,568271,39.300032,-76.610476,0.0,PHL_MD,Maryland Laboratories Administration,State_PHL
25001,Barnstable County,Massachusetts,232570,41.706123,-70.164823,99.57399055649151,ISC_MA,Massachusetts State Public Health Laboratory,ISC_StatePHL
25003,Berkshire County,Massachusetts,128726,42.371493,-73.217928,66.52372793508785,NIRC_NY,Wadsworth Center (NYSDOH),NIRC_StatePHL
25005,Bristol County,Massachusetts,588593,41.748588,-71.088894,42.76760789456256,PHL_RI,Rhode Island State Health Laboratories,State_PHL
25007,Dukes County,Massachusetts,21061,41.38097,-70.701499,90.93507133185047,PHL_RI,Rhode Island State Health Laboratories,State_PHL
25009,Essex County,Massachusetts,823938,42.642708,-70.864909,36.082214071006135,ISC_MA,Massachusetts State Public Health Laboratory,ISC_StatePHL
25011,Franklin County,Massachusetts,70871,42.584504,-72.591792,85.35594290012686,PHL_CT,Connecticut Dept of Public Health Lab,State_PHL
25013,Hampden County,Massachusetts,464151,42.136198,-72.635648,35.83865440304213,PHL_CT,Connecticut Dept of Public Health Lab,State_PHL
25015,Hampshire County,Massachusetts,165399,42.339459,-72.663694,58.54835547305434,PHL_CT,Connecticut Dept of Public Health Lab,State_PHL
25017,Middlesex County,Massachusetts,1668956,42.481718,-71.394916,34.78078610294205,ISC_MA,Massachusetts State Public Health Laboratory,ISC_StatePHL
25019,Nantucket County,Massachusetts,14670,41.293392,-70.102164,138.51987192155386,PHL_RI,Rhode Island State Health Laboratories,State_PHL
25021,Norfolk County,Massachusetts,740754,42.171738,-71.18111,22.88466082198542,ISC_MA,Massachusetts State Public Health Laboratory,ISC_StatePHL
25023,Plymouth County,Massachusetts,542090,41.987196,-70.741942,45.22204567337194,ISC_MA,Massachusetts State Public Health Laboratory,ISC_StatePHL
25025,Suffolk County,Massachusetts,793144,42.338551,-71.018253,0.0,ISC_MA,Massachusetts State Public Health Laboratory,ISC_StatePHL
25027,Worcester County,Massachusetts,881248,42.311693,-71.940282,57.49156022994046,PHL_RI,Rhode Island State Health Laboratories,State_PHL
26001,Alcona County,Michigan,10624,44.657509,-83.29458,244.3446172538035,ISC_MI,Michigan Dept of Health & Human Services Lab,ISC_StatePHL
26003,Alger County,Michigan,8695,46.521736,-86.657119,441.50327505760066,NIRC_WI,Wisconsin State Laboratory of Hygiene,NIRC_StatePHL
26005,Allegan County,Michigan,122429,42.421251,-86.261403,128.2509381632129,MUN_CHI,Chicago Public Health Laboratory,ELC_Direct_City
26007,Alpena County,Michigan,28903,44.894954,-83.426574,265.90648589226737,ISC_MI,Michigan Dept of Health & Human Services Lab,ISC_StatePHL
26009,Antrim County,Michigan,24536,45.005455,-85.175639,274.7192727708007,ISC_MI,Michigan Dept of Health & Human Services Lab,ISC_StatePHL
26011,Arenac County,Michigan,15087,44.036833,-83.740675,167.40213830159146,ISC_MI,Michigan Dept of Health & Human Services Lab,ISC_StatePHL
26013,Baraga County,Michigan,8169,46.695859,-88.36181,411.6919458736262,ISC_MN,Minnesota Dept of Health Public Health Lab,ISC_StatePHL
26015,Barry County,Michigan,64025,42.582811,-85.31455,77.04224007637467,ISC_MI,Michigan Dept of Health & Human Services Lab,ISC_StatePHL
26017,Bay County,Michigan,102651,43.699711,-83.978701,126.03263473904217,ISC_MI,Michigan Dept of Health & Human Services Lab,ISC_StatePHL
26019,Benzie County,Michigan,18520,44.636844,-86.231999,271.0766874899841,ISC_MI,Michigan Dept of Health & Human Services Lab,ISC_StatePHL
26021,Berrien County,Michigan,152703,41.791382,-86.742543,75.66511079815425,MUN_CHI,Chicago Public Health Laboratory,ELC_Direct_City
26023,Branch County,Michigan,46187,41.918455,-85.066885,95.1626390961419,ISC_MI,Michigan Dept of Health & Human Services Lab,ISC_StatePHL
26025,Calhoun County,Michigan,133785,42.24299,-85.012385,65.9893675748507,ISC_MI,Michigan Dept of Health & Human Services Lab,ISC_StatePHL
26027,Cass County,Michigan,51550,41.917243,-86.000142,136.1816570305291,MUN_CHI,Chicago Public Health Laboratory,ELC_Direct_City
26029,Charlevoix County,Michigan,26105,45.618554,-85.543684,348.0107031769298,ISC_MI,Michigan Dept of Health & Human Services Lab,ISC_StatePHL
26031,Cheboygan County,Michigan,25964,45.476022,-84.495431,319.553882530733,ISC_MI,Michigan Dept of Health & Human Services Lab,ISC_StatePHL
26033,Chippewa County,Michigan,36253,46.321819,-84.52063,413.6183497185319,ISC_MI,Michigan Dept of Health & Human Services Lab,ISC_StatePHL
26035,Clare County,Michigan,31405,43.991137,-84.838325,158.8070796664578,ISC_MI,Michigan Dept of Health & Human Services Lab,ISC_StatePHL
26037,Clinton County,Michigan,80050,42.950455,-84.591695,42.47743255857241,ISC_MI,Michigan Dept of Health & Human Services Lab,ISC_StatePHL
26039,Crawford County,Michigan,13599,44.680175,-84.611343,231.70134362822844,ISC_MI,Michigan Dept of Health & Human Services Lab,ISC_StatePHL
26041,Delta County,Michigan,36687,45.805229,-86.901938,364.0657318205865,NIRC_WI,Wisconsin State Laboratory of Hygiene,NIRC_StatePHL
26043,Dickinson County,Michigan,25995,46.012833,-87.866139,349.81925111695085,NIRC_WI,Wisconsin State Laboratory of Hygiene,NIRC_StatePHL
26045,Eaton County,Michigan,109494,42.58953,-84.84645,38.71905360464677,ISC_MI,Michigan Dept of Health & Human Services Lab,ISC_StatePHL
26047,Emmet County,Michigan,33949,45.590094,-84.986822,335.67584708357833,ISC_MI,Michigan Dept of Health & Human Services Lab,ISC_StatePHL
26049,Genesee County,Michigan,402279,43.021077,-83.706372,71.55178171123129,ISC_MI,Michigan Dept of Health & Human Services Lab,ISC_StatePHL
26051,Gladwin County,Michigan,25995,43.98975,-84.389816,154.14562757100364,ISC_MI,Michigan Dept of Health & Human Services Lab,ISC_StatePHL
26053,Gogebic County,Michigan,14217,46.488054,-89.788314,304.6611800024128,ISC_MN,Minnesota Dept of Health Public Health Lab,ISC_StatePHL
26055,Grand Traverse County,Michigan,96625,44.718688,-85.553848,253.62016742793583,ISC_MI,Michigan Dept of Health & Human Services Lab,ISC_StatePHL
26057,Gratiot County,Michigan,41372,43.292326,-84.60469,78.86168326070859,ISC_MI,Michigan Dept of Health & Human Services Lab,ISC_StatePHL
26059,Hillsdale County,Michigan,45590,41.927461,-84.637479,78.24413834949743,ISC_MI,Michigan Dept of Health & Human Services Lab,ISC_StatePHL
26061,Houghton County,Michigan,38041,46.998427,-88.651903,408.1277884028958,ISC_MN,Minnesota Dept of Health Public Health Lab,ISC_StatePHL
26063,Huron County,Michigan,30780,43.907616,-82.857045,190.03253351369102,ISC_MI,Michigan Dept of Health & Human Services Lab,ISC_StatePHL
26065,Ingham County,Michigan,290427,42.603534,-84.373811,0.0,ISC_MI,Michigan Dept of Health & Human Services Lab,ISC_StatePHL
26067,Ionia County,Michigan,66250,42.94465,-85.073766,68.57572012896834,ISC_MI,Michigan Dept of Health & Human Services Lab,ISC_StatePHL
26069,Iosco County,Michigan,25361,44.386912,-83.380141,213.88440675539397,ISC_MI,Michigan Dept of Health & Human Services Lab,ISC_StatePHL
26071,Iron County,Michigan,11709,46.170254,-88.540526,351.92577486820164,NIRC_WI,Wisconsin State Laboratory of Hygiene,NIRC_StatePHL
26073,Isabella County,Michigan,65072,43.645233,-84.839424,121.83912656877439,ISC_MI,Michigan Dept of Health & Human Services Lab,ISC_StatePHL
26075,Jackson County,Michigan,160233,42.248474,-84.420868,39.6693439299428,ISC_MI,Michigan Dept of Health & Human Services Lab,ISC_StatePHL
26077,Kalamazoo County,Michigan,264780,42.246266,-85.532854,103.09434963314288,ISC_MI,Michigan Dept of Health & Human Services Lab,ISC_StatePHL
26079,Kalkaska County,Michigan,18618,44.678881,-85.088992,237.832970855459,ISC_MI,Michigan Dept of Health & Human Services Lab,ISC_StatePHL
26081,Kent County,Michigan,673002,43.032497,-85.547446,106.94962240792604,ISC_MI,Michigan Dept of Health & Human Services Lab,ISC_StatePHL
26083,Keweenaw County,Michigan,2161,47.367297,-88.351332,449.3253982062993,ISC_MN,Minnesota Dept of Health Public Health Lab,ISC_StatePHL
26085,Lake County,Michigan,13005,43.995187,-85.8114,193.591328141946,ISC_MI,Michigan Dept of Health & Human Services Lab,ISC_StatePHL
26087,Lapeer County,Michigan,89168,43.088633,-83.224325,108.12694949785424,ISC_MI,Michigan Dept of Health & Human Services Lab,ISC_StatePHL
26089,Leelanau County,Michigan,22871,45.146182,-86.051574,313.064770431396,ISC_MI,Michigan Dept of Health & Human Services Lab,ISC_StatePHL
26091,Lenawee County,Michigan,97746,41.896022,-84.074356,82.44227674960696,ISC_MI,Michigan Dept of Health & Human Services Lab,ISC_StatePHL
26093,Livingston County,Michigan,196976,42.602532,-83.911718,37.82070894555468,ISC_MI,Michigan Dept of Health & Human Services Lab,ISC_StatePHL
26095,Luce County,Michigan,6328,46.510988,-85.517552,443.8246161988609,ISC_MI,Michigan Dept of Health & Human Services Lab,ISC_StatePHL
26097,Mackinac County,Michigan,11144,46.167868,-85.303762,403.1578426464015,ISC_MI,Michigan Dept of Health & Human Services Lab,ISC_StatePHL
26099,Macomb County,Michigan,886175,42.671553,-82.911456,119.85934837906579,ISC_MI,Michigan Dept of Health & Human Services Lab,ISC_StatePHL
26101,Manistee County,Michigan,25519,44.245268,-86.327537,241.27317221393386,ISC_MI,Michigan Dept of Health & Human Services Lab,ISC_StatePHL
26103,Marquette County,Michigan,67979,46.656596,-87.584028,424.42575464145017,NIRC_WI,Wisconsin State Laboratory of Hygiene,NIRC_StatePHL
26105,Mason County,Michigan,29093,43.957196,-86.442937,225.17886841514604,ISC_MI,Michigan Dept of Health & Human Services Lab,ISC_StatePHL
26107,Mecosta County,Michigan,41947,43.635295,-85.332751,138.6338553602359,ISC_MI,Michigan Dept of Health & Human Services Lab,ISC_StatePHL
26109,Menominee County,Michigan,23050,45.535568,-87.501457,313.94331519054725,NIRC_WI,Wisconsin State Laboratory of Hygiene,NIRC_StatePHL
26111,Midland County,Michigan,84022,43.648203,-84.379414,116.16278272814202,ISC_MI,Michigan Dept of Health & Human Services Lab,ISC_StatePHL
26113,Missaukee County,Michigan,15239,44.325424,-85.085471,199.89204593380984,ISC_MI,Michigan Dept of Health & Human Services Lab,ISC_StatePHL
26115,Monroe County,Michigan,156045,41.916097,-83.487106,105.67705967128165,ISC_MI,Michigan Dept of Health & Human Services Lab,ISC_StatePHL
26117,Montcalm County,Michigan,69314,43.312782,-85.149468,101.01372510848155,ISC_MI,Michigan Dept of Health & Human Services Lab,ISC_StatePHL
26119,Montmorency County,Michigan,9828,45.024134,-84.130107,269.8674080547161,ISC_MI,Michigan Dept of Health & Human Services Lab,ISC_StatePHL
26121,Muskegon County,Michigan,177428,43.428739,-86.420908,190.04247957078977,ISC_MI,Michigan Dept of Health & Human Services Lab,ISC_StatePHL
26123,Newaygo County,Michigan,51504,43.562712,-85.791372,156.9316341349159,ISC_MI,Michigan Dept of Health & Human Services Lab,ISC_StatePHL
26125,Oakland County,Michigan,1296888,42.660452,-83.38421,81.20403953853345,ISC_MI,Michigan Dept of Health & Human Services Lab,ISC_StatePHL
26127,Oceana County,Michigan,27014,43.603954,-86.467177,203.11026517851803,ISC_MI,Michigan Dept of Health & Human Services Lab,ISC_StatePHL
26129,Ogemaw County,Michigan,20985,44.33328,-84.128073,193.358332082781,ISC_MI,Michigan Dept of Health & Human Services Lab,ISC_StatePHL
26131,Ontonagon County,Michigan,5824,46.835203,-89.276943,358.25350794103286,ISC_MN,Minnesota Dept of Health Public Health Lab,ISC_StatePHL
26133,Osceola County,Michigan,23484,43.997552,-85.322283,172.96662953255344,ISC_MI,Michigan Dept of Health & Human Services Lab,ISC_StatePHL
26135,Oscoda County,Michigan,8596,44.687257,-84.126905,232.54925425595076,ISC_MI,Michigan Dept of Health & Human Services Lab,ISC_StatePHL
26137,Otsego County,Michigan,26083,45.021787,-84.576603,269.389070811731,ISC_MI,Michigan Dept of Health & Human Services Lab,ISC_StatePHL
26139,Ottawa County,Michigan,306235,43.054969,-86.219349,158.6471753218296,ISC_MI,Michigan Dept of Health & Human Services Lab,ISC_StatePHL
26141,Presque Isle County,Michigan,13230,45.252397,-83.432283,304.03182584601694,ISC_MI,Michigan Dept of Health & Human Services Lab,ISC_StatePHL
26143,Roscommon County,Michigan,23932,44.339517,-84.611271,193.9809982920634,ISC_MI,Michigan Dept of Health & Human Services Lab,ISC_StatePHL
26145,Saginaw County,Michigan,187714,43.328267,-84.05541,84.64855466213804,ISC_MI,Michigan Dept of Health & Human Services Lab,ISC_StatePHL
26147,St. Clair County,Michigan,160308,42.928803,-82.668913,143.79357640932494,ISC_MI,Michigan Dept of Health & Human Services Lab,ISC_StatePHL
26149,St. Joseph County,Michigan,61171,41.911488,-85.52287,121.91733771085639,ISC_MI,Michigan Dept of Health & Human Services Lab,ISC_StatePHL
26151,Sanilac County,Michigan,40293,43.449155,-82.642815,169.22902008242713,ISC_MI,Michigan Dept of Health & Human Services Lab,ISC_StatePHL
26153,Schoolcraft County,Michigan,8178,46.021122,-86.197029,406.73402495193653,ISC_MI,Michigan Dept of Health & Human Services Lab,ISC_StatePHL
26155,Shiawassee County,Michigan,67982,42.951545,-84.146352,42.91965469333346,ISC_MI,Michigan Dept of Health & Human Services Lab,ISC_StatePHL
26157,Tuscola County,Michigan,52757,43.487902,-83.436618,124.37782603645253,ISC_MI,Michigan Dept of Health & Human Services Lab,ISC_StatePHL
26159,Van Buren County,Michigan,76129,42.28215,-86.306076,118.63921607027828,MUN_CHI,Chicago Public Health Laboratory,ELC_Direct_City
26161,Washtenaw County,Michigan,373875,42.252217,-83.843423,58.4898898473612,ISC_MI,Michigan Dept of Health & Human Services Lab,ISC_StatePHL
26163,Wayne County,Michigan,1771063,42.284664,-83.261953,97.87996809061639,ISC_MI,Michigan Dept of Health & Human Services Lab,ISC_StatePHL
26165,Wexford County,Michigan,34460,44.331375,-85.570046,215.01076806677182,ISC_MI,Michigan Dept of Health & Human Services Lab,ISC_StatePHL
27001,Aitkin County,Minnesota,16335,46.602409,-93.419694,178.22007142244468,ISC_MN,Minnesota Dept of Health Public Health Lab,ISC_StatePHL
27003,Anoka County,Minnesota,376840,45.27411,-93.242723,30.889525199484954,ISC_MN,Minnesota Dept of Health Public Health Lab,ISC_StatePHL
27005,Becker County,Minnesota,35444,46.937629,-95.741757,295.5505457678697,ISC_MN,Minnesota Dept of Health Public Health Lab,ISC_StatePHL
27007,Beltrami County,Minnesota,46762,47.879508,-95.00505,350.3193626607347,ISC_MN,Minnesota Dept of Health Public Health Lab,ISC_StatePHL
27009,Benton County,Minnesota,41881,45.701225,-94.00144,103.82588045025636,ISC_MN,Minnesota Dept of Health Public Health Lab,ISC_StatePHL
27011,Big Stone County,Minnesota,5067,45.419925,-96.402226,262.52387998773565,ISC_MN,Minnesota Dept of Health Public Health Lab,ISC_StatePHL
27013,Blue Earth County,Minnesota,70700,44.03371,-94.064012,133.23391625460673,ISC_MN,Minnesota Dept of Health Public Health Lab,ISC_StatePHL
27015,Brown County,Minnesota,25710,44.246541,-94.733647,154.9712047757289,ISC_MN,Minnesota Dept of Health Public Health Lab,ISC_StatePHL
27017,Carlton County,Minnesota,36745,46.603818,-92.671044,179.7461084044777,ISC_MN,Minnesota Dept of Health Public Health Lab,ISC_StatePHL
27019,Carver County,Minnesota,112628,44.82132,-93.800091,59.19247978235479,ISC_MN,Minnesota Dept of Health Public Health Lab,ISC_StatePHL
27021,Cass County,Minnesota,31442,46.951745,-94.333705,235.4817939185432,ISC_MN,Minnesota Dept of Health Public Health Lab,ISC_StatePHL
27023,Chippewa County,Minnesota,12299,45.028625,-95.564108,193.6715595007074,ISC_MN,Minnesota Dept of Health Public Health Lab,ISC_StatePHL
27025,Chisago County,Minnesota,59105,45.505444,-92.903849,56.632043551573396,ISC_MN,Minnesota Dept of Health Public Health Lab,ISC_StatePHL
27027,Clay County,Minnesota,66848,46.898377,-96.494901,301.8616181656616,PHL_ND,North Dakota Public Health Laboratory,State_PHL
27029,Clearwater County,Minnesota,8630,47.575873,-95.371117,333.9103088958062,ISC_MN,Minnesota Dept of Health Public Health Lab,ISC_StatePHL
27031,Cook County,Minnesota,5571,47.758556,-90.344319,371.05965016582616,ISC_MN,Minnesota Dept of Health Public Health Lab,ISC_StatePHL
27033,Cottonwood County,Minnesota,11338,44.010639,-95.183152,199.39378057499604,ISC_MN,Minnesota Dept of Health Public Health Lab,ISC_StatePHL
27035,Crow Wing County,Minnesota,68642,46.491653,-94.070718,180.62179548018517,ISC_MN,Minnesota Dept of Health Public Health Lab,ISC_StatePHL
27037,Dakota County,Minnesota,453156,44.670893,-93.062481,38.399527046773905,ISC_MN,Minnesota Dept of Health Public Health Lab,ISC_StatePHL
27039,Dodge County,Minnesota,21242,44.020706,-92.869353,112.08437387015145,ISC_MN,Minnesota Dept of Health Public Health Lab,ISC_StatePHL
27041,Douglas County,Minnesota,39933,45.936835,-95.462155,210.75993573741272,ISC_MN,Minnesota Dept of Health Public Health Lab,ISC_StatePHL
27043,Faribault County,Minnesota,13886,43.676522,-93.947234,163.38954960260023,ISC_MN,Minnesota Dept of Health Public Health Lab,ISC_StatePHL
27045,Fillmore County,Minnesota,21502,43.679187,-92.093937,168.72417813121962,ISC_MN,Minnesota Dept of Health Public Health Lab,ISC_StatePHL
27047,Freeborn County,Minnesota,30314,43.674202,-93.350289,150.43520265683392,ISC_MN,Minnesota Dept of Health Public Health Lab,ISC_StatePHL
27049,Goodhue County,Minnesota,47982,44.406178,-92.716,74.20699414960502,ISC_MN,Minnesota Dept of Health Public Health Lab,ISC_StatePHL
27051,Grant County,Minnesota,6109,45.930743,-96.010699,248.72998027468353,ISC_MN,Minnesota Dept of Health Public Health Lab,ISC_StatePHL
27053,Hennepin County,Minnesota,1273334,45.006121,-93.475228,29.517452531152113,ISC_MN,Minnesota Dept of Health Public Health Lab,ISC_StatePHL
27055,Houston County,Minnesota,18352,43.66699,-91.501556,181.14211622577014,NIRC_WI,Wisconsin State Laboratory of Hygiene,NIRC_StatePHL
27057,Hubbard County,Minnesota,22050,47.095551,-94.91329,270.33313224728334,ISC_MN,Minnesota Dept of Health Public Health Lab,ISC_StatePHL
27059,Isanti County,Minnesota,43687,45.562431,-93.296339,62.758063976319086,ISC_MN,Minnesota Dept of Health Public Health Lab,ISC_StatePHL
27061,Itasca County,Minnesota,45442,47.490817,-93.611102,278.0650308571625,ISC_MN,Minnesota Dept of Health Public Health Lab,ISC_StatePHL
27063,Jackson County,Minnesota,9861,43.671111,-95.149731,221.13609623646164,ISC_MN,Minnesota Dept of Health Public Health Lab,ISC_StatePHL
27065,Kanabec County,Minnesota,16608,45.94776,-93.297788,104.83606443415944,ISC_MN,Minnesota Dept of Health Public Health Lab,ISC_StatePHL
27067,Kandiyohi County,Minnesota,44674,45.152714,-95.004981,150.3414209801115,ISC_MN,Minnesota Dept of Health Public Health Lab,ISC_StatePHL
27069,Kittson County,Minnesota,3992,48.77604,-96.780349,339.9936488585289,PHL_ND,North Dakota Public Health Laboratory,State_PHL
27071,Koochiching County,Minnesota,11594,48.245374,-93.782896,362.93990827091966,ISC_MN,Minnesota Dept of Health Public Health Lab,ISC_StatePHL
27073,Lac qui Parle County,Minnesota,6636,44.999826,-96.176851,241.88512047738752,ISC_MN,Minnesota Dept of Health Public Health Lab,ISC_StatePHL
27075,Lake County,Minnesota,10698,47.517111,-91.411704,306.96060569591646,ISC_MN,Minnesota Dept of Health Public Health Lab,ISC_StatePHL
27077,Lake of the Woods County,Minnesota,3797,48.7681,-94.904633,439.2230644066937,ISC_MN,Minnesota Dept of Health Public Health Lab,ISC_StatePHL
27079,Le Sueur County,Minnesota,29458,44.373421,-93.730106,87.02617276970322,ISC_MN,Minnesota Dept of Health Public Health Lab,ISC_StatePHL
27081,Lincoln County,Minnesota,5564,44.408238,-96.272032,259.56830285801254,ISC_MN,Minnesota Dept of Health Public Health Lab,ISC_StatePHL
27083,Lyon County,Minnesota,25577,44.409195,-95.847268,227.297609712501,ISC_MN,Minnesota Dept of Health Public Health Lab,ISC_StatePHL
27085,McLeod County,Minnesota,36780,44.821657,-94.272323,94.78440956547652,ISC_MN,Minnesota Dept of Health Public Health Lab,ISC_StatePHL
27087,Mahnomen County,Minnesota,5296,47.328387,-95.811089,331.2274627008489,ISC_MN,Minnesota Dept of Health Public Health Lab,ISC_StatePHL
27089,Marshall County,Minnesota,8771,48.362728,-96.357761,344.1307431185571,PHL_ND,North Dakota Public Health Laboratory,State_PHL
27091,Martin County,Minnesota,19561,43.677173,-94.547096,188.08384591851734,ISC_MN,Minnesota Dept of Health Public Health Lab,ISC_StatePHL
27093,Meeker County,Minnesota,23491,45.123155,-94.527346,112.73400628864681,ISC_MN,Minnesota Dept of Health Public Health Lab,ISC_StatePHL
27095,Mille Lacs County,Minnesota,27577,45.929266,-93.632748,109.80103965655415,ISC_MN,Minnesota Dept of Health Public Health Lab,ISC_StatePHL
27097,Morrison County,Minnesota,34520,46.020484,-94.266619,144.07127798570536,ISC_MN,Minnesota Dept of Health Public Health Lab,ISC_StatePHL
27099,Mower County,Minnesota,40900,43.666249,-92.759514,152.42046049838564,ISC_MN,Minnesota Dept of Health Public Health Lab,ISC_StatePHL
27101,Murray County,Minnesota,8044,44.015594,-95.761581,238.5010576869336,ISC_MN,Minnesota Dept of Health Public Health Lab,ISC_StatePHL
27103,Nicollet County,Minnesota,34493,44.35882,-94.245684,116.32004663033719,ISC_MN,Minnesota Dept of Health Public Health Lab,ISC_StatePHL
27105,Nobles County,Minnesota,21969,43.677686,-95.763132,258.75520891303364,ISC_MN,Minnesota Dept of Health Public Health Lab,ISC_StatePHL
27107,Norman County,Minnesota,6284,47.329453,-96.463776,305.36197495177197,PHL_ND,North Dakota Public Health Laboratory,State_PHL
27109,Olmsted County,Minnesota,166424,43.9995,-92.410096,125.49173857838262,ISC_MN,Minnesota Dept of Health Public Health Lab,ISC_StatePHL
27111,Otter Tail County,Minnesota,60884,46.405727,-95.714581,255.1657472384203,ISC_MN,Minnesota Dept of Health Public Health Lab,ISC_StatePHL
27113,Pennington County,Minnesota,13652,48.069247,-96.037725,354.11153615902276,PHL_ND,North Dakota Public Health Laboratory,State_PHL
27115,Pine County,Minnesota,30319,46.10094,-92.763094,123.54409339610783,ISC_MN,Minnesota Dept of Health Public Health Lab,ISC_StatePHL
27117,Pipestone County,Minnesota,9100,44.015361,-96.257015,273.87272378195564,ISC_MN,Minnesota Dept of Health Public Health Lab,ISC_StatePHL
27119,Polk County,Minnesota,30413,47.774254,-96.400027,318.8935046426257,PHL_ND,North Dakota Public Health Laboratory,State_PHL
27121,Pope County,Minnesota,11495,45.589623,-95.446705,194.32722904550508,ISC_MN,Minnesota Dept of Health Public Health Lab,ISC_StatePHL
27123,Ramsey County,Minnesota,542015,45.015204,-93.099965,0.0,ISC_MN,Minnesota Dept of Health Public Health Lab,ISC_StatePHL
27125,Red Lake County,Minnesota,3882,47.865487,-96.08718,344.0693386537776,PHL_ND,North Dakota Public Health Laboratory,State_PHL
27127,Redwood County,Minnesota,15254,44.403536,-95.254241,183.31677551913225,ISC_MN,Minnesota Dept of Health Public Health Lab,ISC_StatePHL
27129,Renville County,Minnesota,14453,44.723697,-94.955617,149.78143828062178,ISC_MN,Minnesota Dept of Health Public Health Lab,ISC_StatePHL
27131,Rice County,Minnesota,69025,44.350775,-93.298513,75.53023500363314,ISC_MN,Minnesota Dept of Health Public Health Lab,ISC_StatePHL
27133,Rock County,Minnesota,9525,43.669587,-96.263238,263.96130126255395,PHL_NE,Nebraska Public Health Laboratory (UNMC),State_PHL
27135,Roseau County,Minnesota,15265,48.761068,-95.821504,399.2428516109204,PHL_ND,North Dakota Public Health Laboratory,State_PHL
27137,St. Louis County,Minnesota,200794,47.578635,-92.514585,288.56405005165493,ISC_MN,Minnesota Dept of Health Public Health Lab,ISC_StatePHL
27139,Scott County,Minnesota,157206,44.651811,-93.533733,52.940589309922295,ISC_MN,Minnesota Dept of Health Public Health Lab,ISC_StatePHL
27141,Sherburne County,Minnesota,103059,45.453166,-93.769164,71.5363146416435,ISC_MN,Minnesota Dept of Health Public Health Lab,ISC_StatePHL
27143,Sibley County,Minnesota,15194,44.575734,-94.230123,101.68707875692297,ISC_MN,Minnesota Dept of Health Public Health Lab,ISC_StatePHL
27145,Stearns County,Minnesota,163997,45.555235,-94.610482,132.55253009100934,ISC_MN,Minnesota Dept of Health Public Health Lab,ISC_StatePHL
27147,Steele County,Minnesota,37434,44.015261,-93.220453,111.5982094577117,ISC_MN,Minnesota Dept of Health Public Health Lab,ISC_StatePHL
27149,Stevens County,Minnesota,9819,45.593461,-95.992315,235.15043260411804,ISC_MN,Minnesota Dept of Health Public Health Lab,ISC_StatePHL
27151,Swift County,Minnesota,9666,45.27581,-95.690124,205.18494382648055,ISC_MN,Minnesota Dept of Health Public Health Lab,ISC_StatePHL
27153,Todd County,Minnesota,25955,46.066569,-94.900576,182.56339946553962,ISC_MN,Minnesota Dept of Health Public Health Lab,ISC_StatePHL
27155,Traverse County,Minnesota,3134,45.769935,-96.474832,276.5445304766675,ISC_MN,Minnesota Dept of Health Public Health Lab,ISC_StatePHL
27157,Wabasha County,Minnesota,21574,44.289634,-92.233454,105.86339688545132,ISC_MN,Minnesota Dept of Health Public Health Lab,ISC_StatePHL
27159,Wadena County,Minnesota,14437,46.586986,-94.988608,227.97901007884283,ISC_MN,Minnesota Dept of Health Public Health Lab,ISC_StatePHL
27161,Waseca County,Minnesota,18684,44.01846,-93.589844,117.4410361845691,ISC_MN,Minnesota Dept of Health Public Health Lab,ISC_StatePHL
27163,Washington County,Minnesota,283960,45.037929,-92.890117,16.684458905418765,ISC_MN,Minnesota Dept of Health Public Health Lab,ISC_StatePHL
27165,Watonwan County,Minnesota,11204,43.978109,-94.613798,166.47278082032008,ISC_MN,Minnesota Dept of Health Public Health Lab,ISC_StatePHL
27167,Wilkin County,Minnesota,6268,46.362335,-96.476657,302.0092763546921,ISC_MN,Minnesota Dept of Health Public Health Lab,ISC_StatePHL
27169,Winona County,Minnesota,49973,43.981353,-91.777044,155.6378980256456,ISC_MN,Minnesota Dept of Health Public Health Lab,ISC_StatePHL
27171,Wright County,Minnesota,154593,45.175091,-93.966396,70.29630315192185,ISC_MN,Minnesota Dept of Health Public Health Lab,ISC_StatePHL
27173,Yellow Medicine County,Minnesota,9373,44.715736,-95.862756,220.25876284690344,ISC_MN,Minnesota Dept of Health Public Health Lab,ISC_StatePHL
28001,Adams County,Mississippi,28674,31.486224,-91.351797,107.63874966629605,PHL_LA,Louisiana Office of Public Health Laboratory,State_PHL
28003,Alcorn County,Mississippi,34228,34.886569,-88.581109,216.24021507298315,PHL_TN,Tennessee State Public Health Laboratory,State_PHL
28005,Amite County,Mississippi,12451,31.203933,-90.795542,78.69285433462785,PHL_LA,Louisiana Office of Public Health Laboratory,State_PHL
28007,Attala County,Mississippi,17222,33.090468,-89.588622,122.92825815708318,PHL_MS,Mississippi Public Health Laboratory,State_PHL
28009,Benton County,Mississippi,7566,34.809593,-89.200213,265.83660948786314,PHL_TN,Tennessee State Public Health Laboratory,State_PHL
28011,Bolivar County,Mississippi,28395,33.799139,-90.88412,169.98297886116524,PHL_AR,Arkansas Department of Health Lab,State_PHL
28013,Calhoun County,Mississippi,12754,33.936634,-89.337114,213.28578220227826,PHL_MS,Mississippi Public Health Laboratory,State_PHL
28015,Carroll County,Mississippi,9378,33.440795,-89.918887,140.08694974783614,PHL_MS,Mississippi Public Health Laboratory,State_PHL
28017,Chickasaw County,Mississippi,16774,33.933277,-88.947558,233.0226571950809,PHL_MS,Mississippi Public Health Laboratory,State_PHL
28019,Choctaw County,Mississippi,8091,33.345964,-89.251332,165.10521902169015,PHL_MS,Mississippi Public Health Laboratory,State_PHL
28021,Claiborne County,Mississippi,8122,31.97281,-90.915424,53.54484171699206,PHL_MS,Mississippi Public Health Laboratory,State_PHL
28023,Clarke County,Mississippi,15155,32.045374,-88.687976,169.19503163164956,PHL_MS,Mississippi Public Health Laboratory,State_PHL
28025,Clay County,Mississippi,18213,33.65967,-88.782468,220.49964547483472,PHL_MS,Mississippi Public Health Laboratory,State_PHL
28027,Coahoma County,Mississippi,20105,34.230316,-90.60401,167.7217711773816,PHL_AR,Arkansas Department of Health Lab,State_PHL
28029,Copiah County,Mississippi,27536,31.866915,-90.448758,44.6047012399882,PHL_MS,Mississippi Public Health Laboratory,State_PHL
28031,Covington County,Mississippi,18015,31.633331,-89.548897,111.64348542052716,PHL_MS,Mississippi Public Health Laboratory,State_PHL
28033,DeSoto County,Mississippi,195871,34.874922,-89.991211,212.2526817032063,PHL_AR,Arkansas Department of Health Lab,State_PHL
28035,Forrest County,Mississippi,78435,31.18858,-89.259447,165.5947363574986,PHL_MS,Mississippi Public Health Laboratory,State_PHL
28037,Franklin County,Mississippi,7516,31.477773,-90.895457,96.75350978672263,PHL_MS,Mississippi Public Health Laboratory,State_PHL
28039,George County,Mississippi,25880,30.855431,-88.642268,233.49021532889765,PHL_MS,Mississippi Public Health Laboratory,State_PHL
28041,Greene County,Mississippi,13675,31.212845,-88.634811,209.1524927806646,PHL_MS,Mississippi Public Health Laboratory,State_PHL
28043,Grenada County,Mississippi,20931,33.770031,-89.80274,178.12016385403982,PHL_MS,Mississippi Public Health Laboratory,State_PHL
28045,Hancock County,Mississippi,46492,30.391641,-89.482791,155.2606210639305,PHL_LA,Louisiana Office of Public Health Laboratory,State_PHL
28047,Harrison County,Mississippi,213730,30.416536,-89.083376,193.10895542165906,PHL_LA,Louisiana Office of Public Health Laboratory,State_PHL
28049,Hinds County,Mississippi,211975,32.267788,-90.466017,0.0,PHL_MS,Mississippi Public Health Laboratory,State_PHL
28051,Holmes County,Mississippi,15560,33.125942,-90.091197,101.66389121920369,PHL_MS,Mississippi Public Health Laboratory,State_PHL
28053,Humphreys County,Mississippi,7121,33.130996,-90.523421,96.13452298786348,PHL_MS,Mississippi Public Health Laboratory,State_PHL
28055,Issaquena County,Mississippi,1295,32.755539,-91.003535,74.03945375870855,PHL_MS,Mississippi Public Health Laboratory,State_PHL
28057,Itawamba County,Mississippi,24198,34.281075,-88.363127,254.21389645782958,PHL_TN,Tennessee State Public Health Laboratory,State_PHL
28059,Jackson County,Mississippi,147002,30.456005,-88.625101,236.65633061198125,PHL_LA,Louisiana Office of Public Health Laboratory,State_PHL
28061,Jasper County,Mississippi,15799,32.016748,-89.119176,129.84287767129308,PHL_MS,Mississippi Public Health Laboratory,State_PHL
28063,Jefferson County,Mississippi,6900,31.733633,-91.043878,80.60415379741936,PHL_MS,Mississippi Public Health Laboratory,State_PHL
28065,Jefferson Davis County,Mississippi,11059,31.564808,-89.827086,98.72599466839476,PHL_MS,Mississippi Public Health Laboratory,State_PHL
28067,Jones County,Mississippi,65837,31.616601,-89.168532,142.23621748841978,PHL_MS,Mississippi Public Health Laboratory,State_PHL
28069,Kemper County,Mississippi,8562,32.750136,-88.625631,180.71507881765905,PHL_MS,Mississippi Public Health Laboratory,State_PHL
28071,Lafayette County,Mississippi,59843,34.353078,-89.485385,249.133084698977,PHL_MS,Mississippi Public Health Laboratory,State_PHL
28073,Lamar County,Mississippi,66734,31.197586,-89.506369,149.65758041990526,PHL_MS,Mississippi Public Health Laboratory,State_PHL
28075,Lauderdale County,Mississippi,70588,32.404017,-88.660451,170.30867722169137,PHL_MS,Mississippi Public Health Laboratory,State_PHL
28077,Lawrence County,Mississippi,11672,31.550009,-90.10753,86.69013130381475,PHL_MS,Mississippi Public Health Laboratory,State_PHL
28079,Leake County,Mississippi,21462,32.76063,-89.52225,104.08703555958395,PHL_MS,Mississippi Public Health Laboratory,State_PHL
28081,Lee County,Mississippi,83012,34.29237,-88.682439,270.64768389615904,PHL_TN,Tennessee State Public Health Laboratory,State_PHL
28083,Leflore County,Mississippi,26157,33.54979,-90.294934,143.4439068728476,PHL_MS,Mississippi Public Health Laboratory,State_PHL
28085,Lincoln County,Mississippi,34956,31.535216,-90.453566,81.46676890604425,PHL_MS,Mississippi Public Health Laboratory,State_PHL
28087,Lowndes County,Mississippi,57210,33.471424,-88.439723,231.77876051456957,PHL_MS,Mississippi Public Health Laboratory,State_PHL
28089,Madison County,Mississippi,114247,32.63437,-90.03416,57.47658426334297,PHL_MS,Mississippi Public Health Laboratory,State_PHL
28091,Marion County,Mississippi,24008,31.23151,-89.822307,130.31557056765453,PHL_MS,Mississippi Public Health Laboratory,State_PHL
28093,Marshall County,Mississippi,34374,34.76619,-89.504231,256.55245031312296,PHL_AR,Arkansas Department of Health Lab,State_PHL
28095,Monroe County,Mississippi,33483,33.89003,-88.485038,258.06905867488695,PHL_MS,Mississippi Public Health Laboratory,State_PHL
28097,Montgomery County,Mississippi,9411,33.500714,-89.639625,157.31894700766966,PHL_MS,Mississippi Public Health Laboratory,State_PHL
28099,Neshoba County,Mississippi,28973,32.752518,-89.119274,137.304389551918,PHL_MS,Mississippi Public Health Laboratory,State_PHL
28101,Newton County,Mississippi,21063,32.40197,-89.118412,127.48626095498616,PHL_MS,Mississippi Public Health Laboratory,State_PHL
28103,Noxubee County,Mississippi,9825,33.106606,-88.566152,200.77388936427187,PHL_MS,Mississippi Public Health Laboratory,State_PHL
28105,Oktibbeha County,Mississippi,51965,33.422313,-88.876151,196.31121675993924,PHL_MS,Mississippi Public Health Laboratory,State_PHL
28107,Panola County,Mississippi,32764,34.365205,-89.963065,219.82811712832935,PHL_AR,Arkansas Department of Health Lab,State_PHL
28109,Pearl River County,Mississippi,59030,30.774793,-89.586904,146.340672942057,PHL_LA,Louisiana Office of Public Health Laboratory,State_PHL
28111,Perry County,Mississippi,11406,31.169307,-88.988755,185.5864733217372,PHL_MS,Mississippi Public Health Laboratory,State_PHL
28113,Pike County,Mississippi,38980,31.177516,-90.397725,96.79514503204898,PHL_LA,Louisiana Office of Public Health Laboratory,State_PHL
28115,Pontotoc County,Mississippi,32014,34.227081,-89.037239,255.17430489556426,PHL_MS,Mississippi Public Health Laboratory,State_PHL
28117,Prentiss County,Mississippi,25489,34.620566,-88.522184,233.3388447496868,PHL_TN,Tennessee State Public Health Laboratory,State_PHL
28119,Quitman County,Mississippi,5542,34.252833,-90.290171,194.0653428146668,PHL_AR,Arkansas Department of Health Lab,State_PHL
28121,Rankin County,Mississippi,160573,32.267123,-89.946063,48.887415259883284,PHL_MS,Mississippi Public Health Laboratory,State_PHL
28123,Scott County,Mississippi,27666,32.411959,-89.533486,89.06323631366526,PHL_MS,Mississippi Public Health Laboratory,State_PHL
28125,Sharkey County,Mississippi,3234,32.892395,-90.827613,77.27614353902376,PHL_MS,Mississippi Public Health Laboratory,State_PHL
28127,Simpson County,Mississippi,25597,31.902505,-89.917709,65.71280604991702,PHL_MS,Mississippi Public Health Laboratory,State_PHL
28129,Smith County,Mississippi,14051,32.019029,-89.494876,95.52572797704295,PHL_MS,Mississippi Public Health Laboratory,State_PHL
28131,Stone County,Mississippi,19569,30.790184,-89.112297,191.42040487011948,PHL_LA,Louisiana Office of Public Health Laboratory,State_PHL
28133,Sunflower County,Mississippi,23029,33.605529,-90.59509,149.23687294660152,PHL_MS,Mississippi Public Health Laboratory,State_PHL
28135,Tallahatchie County,Mississippi,10921,33.954529,-90.172243,189.54201962044323,PHL_MS,Mississippi Public Health Laboratory,State_PHL
28137,Tate County,Mississippi,28551,34.649553,-89.943105,217.03593885857444,PHL_AR,Arkansas Department of Health Lab,State_PHL
28139,Tippah County,Mississippi,21423,34.763618,-88.918819,248.53644733007044,PHL_TN,Tennessee State Public Health Laboratory,State_PHL
28141,Tishomingo County,Mississippi,18553,34.738835,-88.234827,206.25697176940702,PHL_TN,Tennessee State Public Health Laboratory,State_PHL
28143,Tunica County,Mississippi,9157,34.652201,-90.37177,177.92187805407318,PHL_AR,Arkansas Department of Health Lab,State_PHL
28145,Union County,Mississippi,28363,34.489533,-89.002339,274.48283213279285,PHL_TN,Tennessee State Public Health Laboratory,State_PHL
28147,Walthall County,Mississippi,13839,31.164492,-90.103431,116.99025663314559,PHL_LA,Louisiana Office of Public Health Laboratory,State_PHL
28149,Warren County,Mississippi,42105,32.356095,-90.852384,37.61367694204528,PHL_MS,Mississippi Public Health Laboratory,State_PHL
28151,Washington County,Mississippi,41181,33.273174,-90.944446,120.41052978431843,PHL_MS,Mississippi Public Health Laboratory,State_PHL
28153,Wayne County,Mississippi,19749,31.642503,-88.678214,182.43482354974307,PHL_MS,Mississippi Public Health Laboratory,State_PHL
28155,Webster County,Mississippi,10039,33.612061,-89.283961,185.76813008919487,PHL_MS,Mississippi Public Health Laboratory,State_PHL
28157,Wilkinson County,Mississippi,7820,31.161091,-91.324617,72.09513263579014,PHL_LA,Louisiana Office of Public Health Laboratory,State_PHL
28159,Winston County,Mississippi,17418,33.078724,-89.037391,161.27873838924813,PHL_MS,Mississippi Public Health Laboratory,State_PHL
28161,Yalobusha County,Mississippi,12458,34.030666,-89.703807,208.46933362594135,PHL_MS,Mississippi Public Health Laboratory,State_PHL
28163,Yazoo County,Mississippi,23024,32.765675,-90.387928,55.84457596198704,PHL_MS,Mississippi Public Health Laboratory,State_PHL
29001,Adair County,Missouri,25660,40.190666,-92.603592,185.26849045291186,PHL_IA,State Hygienic Laboratory at Univ of Iowa,State_PHL
29003,Andrew County,Missouri,18091,39.988863,-94.803551,133.2662682772217,PHL_KS,Kansas Health and Environmental Laboratories,State_PHL
29005,Atchison County,Missouri,5139,40.431846,-95.437555,113.51963260691726,PHL_NE,Nebraska Public Health Laboratory (UNMC),State_PHL
29007,Audrain County,Missouri,24304,39.214481,-91.843418,87.6579133244306,PHL_MO,Missouri State Public Health Laboratory,State_PHL
29009,Barry County,Missouri,35618,36.699376,-93.834334,242.8523964210487,PHL_MO,Missouri State Public Health Laboratory,State_PHL
29011,Barton County,Missouri,11717,37.500799,-94.344089,211.05342033831556,PHL_KS,Kansas Health and Environmental Laboratories,State_PHL
29013,Bates County,Missouri,16394,38.257217,-94.339246,150.7979913734031,PHL_KS,Kansas Health and Environmental Laboratories,State_PHL
29015,Benton County,Missouri,20614,38.301036,-93.287942,90.66137807262656,PHL_MO,Missouri State Public Health Laboratory,State_PHL
29017,Bollinger County,Missouri,10610,37.318427,-90.024645,237.69831814569054,PHL_MO,Missouri State Public Health Laboratory,State_PHL
29019,Boone County,Missouri,192154,38.989861,-92.310202,54.17380502223407,PHL_MO,Missouri State Public Health Laboratory,State_PHL
29021,Buchanan County,Missouri,83574,39.660369,-94.808173,106.62010273076737,PHL_KS,Kansas Health and Environmental Laboratories,State_PHL
29023,Butler County,Missouri,41814,36.71518,-90.40313,258.5687261188151,PHL_MO,Missouri State Public Health Laboratory,State_PHL
29025,Caldwell County,Missouri,9000,39.658998,-93.979179,167.45573002139034,PHL_KS,Kansas Health and Environmental Laboratories,State_PHL
29027,Callaway County,Missouri,45126,38.835547,-91.923446,48.205483601341825,PHL_MO,Missouri State Public Health Laboratory,State_PHL
29029,Camden County,Missouri,44135,38.026504,-92.765328,67.86144348219233,PHL_MO,Missouri State Public Health Laboratory,State_PHL
29031,Cape Girardeau County,Missouri,83658,37.384141,-89.685658,259.29338705168817,PHL_MO,Missouri State Public Health Laboratory,State_PHL
29033,Carroll County,Missouri,8414,39.427375,-93.500227,147.26808230555167,PHL_MO,Missouri State Public Health Laboratory,State_PHL
29035,Carter County,Missouri,5359,36.944858,-90.945705,209.277015897518,PHL_MO,Missouri State Public Health Laboratory,State_PHL
29037,Cass County,Missouri,113873,38.646474,-94.354547,129.0586106290372,PHL_KS,Kansas Health and Environmental Laboratories,State_PHL
29039,Cedar County,Missouri,15023,37.733655,-93.850014,161.8175908850811,PHL_MO,Missouri State Public Health Laboratory,State_PHL
29041,Chariton County,Missouri,7397,39.517968,-92.96162,127.27614074751375,PHL_MO,Missouri State Public Health Laboratory,State_PHL
29043,Christian County,Missouri,96045,36.969739,-93.187614,188.2671557266298,PHL_MO,Missouri State Public Health Laboratory,State_PHL
29045,Clark County,Missouri,6623,40.407275,-91.729472,140.96532039465006,PHL_IA,State Hygienic Laboratory at Univ of Iowa,State_PHL
29047,Clay County,Missouri,263370,39.315551,-94.421502,118.95844083354376,PHL_KS,Kansas Health and Environmental Laboratories,State_PHL
29049,Clinton County,Missouri,21721,39.608723,-94.395803,132.87285142831357,PHL_KS,Kansas Health and Environmental Laboratories,State_PHL
29051,Cole County,Missouri,77625,38.503233,-92.280027,0.0,PHL_MO,Missouri State Public Health Laboratory,State_PHL
29053,Cooper County,Missouri,17122,38.847093,-92.810069,59.82575341648045,PHL_MO,Missouri State Public Health Laboratory,State_PHL
29055,Crawford County,Missouri,22808,37.966559,-91.313936,103.34836188954635,PHL_MO,Missouri State Public Health Laboratory,State_PHL
29057,Dade County,Missouri,7622,37.43235,-93.854878,182.30743867942198,PHL_MO,Missouri State Public Health Laboratory,State_PHL
29059,Dallas County,Missouri,17877,37.683583,-93.033815,112.50683232806105,PHL_MO,Missouri State Public Health Laboratory,State_PHL
29061,Daviess County,Missouri,8541,39.962839,-93.970053,184.2745877897225,PHL_KS,Kansas Health and Environmental Laboratories,State_PHL
29063,DeKalb County,Missouri,9884,39.894665,-94.40719,149.63679582102475,PHL_KS,Kansas Health and Environmental Laboratories,State_PHL
29065,Dent County,Missouri,14721,37.603072,-91.489717,121.6834525985227,PHL_MO,Missouri State Public Health Laboratory,State_PHL
29067,Douglas County,Missouri,12290,36.946517,-92.515892,174.33730088437113,PHL_MO,Missouri State Public Health Laboratory,State_PHL
29069,Dunklin County,Missouri,27002,36.153025,-90.062254,255.31533661996218,PHL_AR,Arkansas Department of Health Lab,State_PHL
29071,Franklin County,Missouri,107256,38.413003,-91.072832,105.59061193671663,PHL_MO,Missouri State Public Health Laboratory,State_PHL
29073,Gasconade County,Missouri,14655,38.441183,-91.50578,67.75456757824743,PHL_MO,Missouri State Public Health Laboratory,State_PHL
29075,Gentry County,Missouri,6298,40.208127,-94.405321,173.7611718535038,PHL_KS,Kansas Health and Environmental Laboratories,State_PHL
29077,Greene County,Missouri,307942,37.258196,-93.340641,166.8229064584829,PHL_MO,Missouri State Public Health Laboratory,State_PHL
29079,Grundy County,Missouri,9766,40.112541,-93.565054,210.34011294257806,PHL_MO,Missouri State Public Health Laboratory,State_PHL
29081,Harrison County,Missouri,8186,40.34562,-93.992582,209.21489075563193,PHL_KS,Kansas Health and Environmental Laboratories,State_PHL
29083,Henry County,Missouri,22575,38.386491,-93.792628,132.3668659382858,PHL_MO,Missouri State Public Health Laboratory,State_PHL
29085,Hickory County,Missouri,8766,37.93691,-93.322988,110.75497068098188,PHL_MO,Missouri State Public Health Laboratory,State_PHL
29087,Holt County,Missouri,4241,40.095724,-95.219072,125.89240655456611,PHL_KS,Kansas Health and Environmental Laboratories,State_PHL
29089,Howard County,Missouri,10150,39.143365,-92.695926,79.77834710720137,PHL_MO,Missouri State Public Health Laboratory,State_PHL
29091,Howell County,Missouri,40762,36.774369,-91.887368,195.32464846952436,PHL_MO,Missouri State Public Health Laboratory,State_PHL
29093,Iron County,Missouri,9420,37.625971,-90.699587,169.2853709569747,PHL_MO,Missouri State Public Health Laboratory,State_PHL
29095,Jackson County,Missouri,727362,39.005364,-94.343211,122.0820240367749,PHL_KS,Kansas Health and Environmental Laboratories,State_PHL
29097,Jasper County,Missouri,126479,37.205197,-94.337259,231.1931703986859,PHL_MO,Missouri State Public Health Laboratory,State_PHL
29099,Jefferson County,Missouri,231888,38.25763,-90.543681,153.79252662845624,PHL_MO,Missouri State Public Health Laboratory,State_PHL
29101,Johnson County,Missouri,55880,38.741528,-93.811863,135.68725979208162,PHL_MO,Missouri State Public Health Laboratory,State_PHL
29103,Knox County,Missouri,3740,40.136856,-92.146835,176.84302617168487,PHL_IA,State Hygienic Laboratory at Univ of Iowa,State_PHL
29105,Laclede County,Missouri,36738,37.659698,-92.594843,97.76014832835823,PHL_MO,Missouri State Public Health Laboratory,State_PHL
29107,Lafayette County,Missouri,33511,39.068705,-93.802639,146.18374194017105,PHL_MO,Missouri State Public Health Laboratory,State_PHL
29109,Lawrence County,Missouri,39151,37.106611,-93.830542,206.56820465641724,PHL_MO,Missouri State Public Health Laboratory,State_PHL
29111,Lewis County,Missouri,9852,40.084559,-91.728803,176.74993210676564,PHL_IA,State Hygienic Laboratory at Univ of Iowa,State_PHL
29113,Lincoln County,Missouri,65888,39.062255,-90.962916,129.9898269079973,PHL_MO,Missouri State Public Health Laboratory,State_PHL
29115,Linn County,Missouri,11910,39.86444,-93.108019,167.33728289250234,PHL_MO,Missouri State Public Health Laboratory,State_PHL
29117,Livingston County,Missouri,14658,39.778587,-93.548201,179.08401680279385,PHL_MO,Missouri State Public Health Laboratory,State_PHL
29119,McDonald County,Missouri,24054,36.627955,-94.343716,276.1974086717324,PHL_AR,Arkansas Department of Health Lab,State_PHL
29121,Macon County,Missouri,15177,39.829795,-92.56434,149.52928719706776,PHL_MO,Missouri State Public Health Laboratory,State_PHL
29123,Madison County,Missouri,12852,37.474481,-90.343413,204.66135350863487,PHL_MO,Missouri State Public Health Laboratory,State_PHL
29125,Maries County,Missouri,8506,38.162615,-91.923601,49.0001554828099,PHL_MO,Missouri State Public Health Laboratory,State_PHL
29127,Marion County,Missouri,28425,39.807538,-91.635379,155.3175320536702,PHL_MO,Missouri State Public Health Laboratory,State_PHL
29129,Mercer County,Missouri,3452,40.421413,-93.567631,216.29110923852662,PHL_IA,State Hygienic Laboratory at Univ of Iowa,State_PHL
29131,Miller County,Missouri,25668,38.21668,-92.429876,34.43794147689635,PHL_MO,Missouri State Public Health Laboratory,State_PHL
29133,Mississippi County,Missouri,11750,36.826264,-89.295929,236.04907560743484,PHL_TN,Tennessee State Public Health Laboratory,State_PHL
29135,Moniteau County,Missouri,15294,38.633037,-92.583642,30.084624733337915,PHL_MO,Missouri State Public Health Laboratory,State_PHL
29137,Monroe County,Missouri,8890,39.49827,-92.006458,113.14018600581782,PHL_MO,Missouri State Public Health Laboratory,State_PHL
29139,Montgomery County,Missouri,11511,38.935184,-91.465427,85.44806383093233,PHL_MO,Missouri State Public Health Laboratory,State_PHL
29141,Morgan County,Missouri,22399,38.420806,-92.874835,52.59338559393285,PHL_MO,Missouri State Public Health Laboratory,State_PHL
29143,New Madrid County,Missouri,15212,36.594261,-89.655948,261.3296270652813,PHL_TN,Tennessee State Public Health Laboratory,State_PHL
29145,Newton County,Missouri,61519,36.908371,-94.335034,253.23082426006414,PHL_MO,Missouri State Public Health Laboratory,State_PHL
29147,Nodaway County,Missouri,20503,40.361136,-94.883146,149.21328169733812,PHL_NE,Nebraska Public Health Laboratory (UNMC),State_PHL
29149,Oregon County,Missouri,8699,36.68531,-91.401827,216.44269391346361,PHL_MO,Missouri State Public Health Laboratory,State_PHL
29151,Osage County,Missouri,13478,38.464253,-91.859504,36.8587365765832,PHL_MO,Missouri State Public Health Laboratory,State_PHL
29153,Ozark County,Missouri,9090,36.64959,-92.458549,206.71510088869655,PHL_MO,Missouri State Public Health Laboratory,State_PHL
29155,Pemiscot County,Missouri,14407,36.209916,-89.785942,269.35651758761526,PHL_TN,Tennessee State Public Health Laboratory,State_PHL
29157,Perry County,Missouri,19100,37.71113,-89.802125,227.80005041823281,PHL_IL,Illinois Dept of Public Health Lab,State_PHL
29159,Pettis County,Missouri,43791,38.727388,-93.28519,90.81781239394759,PHL_MO,Missouri State Public Health Laboratory,State_PHL
29161,Phelps County,Missouri,45672,37.866326,-91.790349,82.74813318544749,PHL_MO,Missouri State Public Health Laboratory,State_PHL
29163,Pike County,Missouri,17961,39.339959,-91.171607,133.60630294602294,PHL_MO,Missouri State Public Health Laboratory,State_PHL
29165,Platte County,Missouri,113207,39.37869,-94.761476,93.48880583158342,PHL_KS,Kansas Health and Environmental Laboratories,State_PHL
29167,Polk County,Missouri,33070,37.616761,-93.400817,139.08414434692423,PHL_MO,Missouri State Public Health Laboratory,State_PHL
29169,Pulaski County,Missouri,53964,37.824835,-92.207022,75.70394247021365,PHL_MO,Missouri State Public Health Laboratory,State_PHL
29171,Putnam County,Missouri,4539,40.478606,-93.014531,178.37103937253966,PHL_IA,State Hygienic Laboratory at Univ of Iowa,State_PHL
29173,Ralls County,Missouri,10499,39.553455,-91.524787,133.76469813485008,PHL_MO,Missouri State Public Health Laboratory,State_PHL
29175,Randolph County,Missouri,24077,39.439249,-92.492959,105.69542914500805,PHL_MO,Missouri State Public Health Laboratory,State_PHL
29177,Ray County,Missouri,23199,39.308401,-93.995746,154.57212346488424,PHL_KS,Kansas Health and Environmental Laboratories,State_PHL
29179,Reynolds County,Missouri,5927,37.366464,-90.972282,170.67532796551157,PHL_MO,Missouri State Public Health Laboratory,State_PHL
29181,Ripley County,Missouri,10715,36.65017,-90.874834,240.3914097347232,PHL_MO,Missouri State Public Health Laboratory,State_PHL
29183,St. Charles County,Missouri,423726,38.781102,-90.674915,139.17215935274265,PHL_IL,Illinois Dept of Public Health Lab,State_PHL
29185,St. Clair County,Missouri,9848,38.04223,-93.77656,140.33606560203867,PHL_MO,Missouri State Public Health Laboratory,State_PHL
29186,Ste. Genevieve County,Missouri,18546,37.885845,-90.161531,197.44727673542872,PHL_MO,Missouri State Public Health Laboratory,State_PHL
29187,St. Francois County,Missouri,67503,37.810707,-90.473868,175.6910099314309,PHL_MO,Missouri State Public Health Laboratory,State_PHL
29189,St. Louis County,Missouri,992929,38.640688,-90.446073,141.29447727947448,PHL_IL,Illinois Dept of Public Health Lab,State_PHL
29195,Saline County,Missouri,23325,39.13584,-93.204164,106.5730712743029,PHL_MO,Missouri State Public Health Laboratory,State_PHL
29197,Schuyler County,Missouri,4069,40.469361,-92.519016,154.5995591705447,PHL_IA,State Hygienic Laboratory at Univ of Iowa,State_PHL
29199,Scotland County,Missouri,4698,40.447686,-92.142824,143.65642830963725,PHL_IA,State Hygienic Laboratory at Univ of Iowa,State_PHL
29201,Scott County,Missouri,37957,37.047793,-89.568098,266.94389408081724,PHL_TN,Tennessee State Public Health Laboratory,State_PHL
29203,Shannon County,Missouri,7275,37.152498,-91.391328,169.26278525819748,PHL_MO,Missouri State Public Health Laboratory,State_PHL
29205,Shelby County,Missouri,5926,39.797531,-92.088719,144.86162164548495,PHL_MO,Missouri State Public Health Laboratory,State_PHL
29207,Stoddard County,Missouri,28438,36.851557,-89.947481,275.4266610542819,PHL_MO,Missouri State Public Health Laboratory,State_PHL
29209,Stone County,Missouri,32630,36.745822,-93.457842,221.23390653654565,PHL_MO,Missouri State Public Health Laboratory,State_PHL
29211,Sullivan County,Missouri,5750,40.209587,-93.109783,202.70366089178796,PHL_MO,Missouri State Public Health Laboratory,State_PHL
29213,Taney County,Missouri,56744,36.649827,-93.042819,216.77294262042824,PHL_MO,Missouri State Public Health Laboratory,State_PHL
29215,Texas County,Missouri,25715,37.314257,-91.964478,135.07512001506245,PHL_MO,Missouri State Public Health Laboratory,State_PHL
29217,Vernon County,Missouri,19787,37.850196,-94.341597,180.88626444395007,PHL_KS,Kansas Health and Environmental Laboratories,State_PHL
29219,Warren County,Missouri,38478,38.761902,-91.159306,101.50714444314498,PHL_MO,Missouri State Public Health Laboratory,State_PHL
29221,Washington County,Missouri,23583,37.942611,-90.897018,135.9464759937145,PHL_MO,Missouri State Public Health Laboratory,State_PHL
29223,Wayne County,Missouri,10820,37.111074,-90.453931,222.92591970969917,PHL_MO,Missouri State Public Health Laboratory,State_PHL
29225,Webster County,Missouri,42041,37.280804,-92.87608,145.6429490723527,PHL_MO,Missouri State Public Health Laboratory,State_PHL
29227,Worth County,Missouri,1872,40.480499,-94.419198,171.78725704837646,PHL_NE,Nebraska Public Health Laboratory (UNMC),State_PHL
29229,Wright County,Missouri,19505,37.267633,-92.479989,138.50849855562032,PHL_MO,Missouri State Public Health Laboratory,State_PHL
29510,St. Louis city,Missouri,279695,38.635699,-90.244582,134.38408778063788,PHL_IL,Illinois Dept of Public Health Lab,State_PHL
30001,Beaverhead County,Montana,10006,45.133863,-112.892869,224.54694319306543,PHL_MT,Montana Public Health Laboratory,State_PHL
30003,Big Horn County,Montana,12796,45.407868,-107.518162,419.632593026514,PHL_MT,Montana Public Health Laboratory,State_PHL
30005,Blaine County,Montana,6903,48.428282,-108.967648,293.6062258294643,PHL_MT,Montana Public Health Laboratory,State_PHL
30007,Broadwater County,Montana,8302,46.329849,-111.497873,110.95487755673803,PHL_MT,Montana Public Health Laboratory,State_PHL
30009,Carbon County,Montana,11498,45.224468,-109.028554,333.46555384211524,PHL_MT,Montana Public Health Laboratory,State_PHL
30011,Carter County,Montana,1399,45.516825,-104.515324,350.9567263760469,PHL_ND,North Dakota Public Health Laboratory,State_PHL
30013,Cascade County,Montana,84523,47.316575,-111.350262,80.92876247582065,PHL_MT,Montana Public Health Laboratory,State_PHL
30015,Chouteau County,Montana,5880,47.886834,-110.4362,169.1466826951201,PHL_MT,Montana Public Health Laboratory,State_PHL
30017,Custer County,Montana,11964,46.261414,-105.550352,396.07213371777107,PHL_ND,North Dakota Public Health Laboratory,State_PHL
30019,Daniels County,Montana,1625,48.794429,-105.541739,428.60388726885856,PHL_ND,North Dakota Public Health Laboratory,State_PHL
30021,Dawson County,Montana,8731,47.26613,-104.898271,336.55486627578836,PHL_ND,North Dakota Public Health Laboratory,State_PHL
30023,Deer Lodge County,Montana,9811,46.094672,-113.141624,128.10464671724503,PHL_MT,Montana Public Health Laboratory,State_PHL
30025,Fallon County,Montana,2946,46.318184,-104.405718,309.2703298005364,PHL_ND,North Dakota Public Health Laboratory,State_PHL
30027,Fergus County,Montana,11862,47.221816,-109.232956,238.34634932742463,PHL_MT,Montana Public Health Laboratory,State_PHL
30029,Flathead County,Montana,114527,48.295422,-114.052059,180.60053895645618,PHL_MT,Montana Public Health Laboratory,State_PHL
30031,Gallatin County,Montana,126984,45.518054,-111.163921,201.4282352432632,PHL_MT,Montana Public Health Laboratory,State_PHL
30033,Garfield County,Montana,1181,47.267184,-106.995991,407.2620110819828,PHL_MT,Montana Public Health Laboratory,State_PHL
30035,Glacier County,Montana,13503,48.705671,-112.990502,181.81249724573246,PHL_MT,Montana Public Health Laboratory,State_PHL
30037,Golden Valley County,Montana,863,46.380624,-109.174586,257.93862480640644,PHL_MT,Montana Public Health Laboratory,State_PHL
30039,Granite County,Montana,3602,46.395955,-113.427356,113.35557876037826,PHL_MT,Montana Public Health Laboratory,State_PHL
30041,Hill County,Montana,16065,48.631959,-110.106321,238.75689827067043,PHL_MT,Montana Public Health Laboratory,State_PHL
30043,Jefferson County,Montana,13304,46.124232,-112.059428,113.67452350296398,PHL_MT,Montana Public Health Laboratory,State_PHL
30045,Judith Basin County,Montana,2111,47.032558,-110.30532,157.6339391066226,PHL_MT,Montana Public Health Laboratory,State_PHL
30047,Lake County,Montana,33403,47.642901,-114.083687,140.53481038755564,PHL_MT,Montana Public Health Laboratory,State_PHL
30049,Lewis and Clark County,Montana,75129,47.122105,-112.38289,0.0,PHL_MT,Montana Public Health Laboratory,State_PHL
30051,Liberty County,Montana,1934,48.559654,-111.036924,188.784661320034,PHL_MT,Montana Public Health Laboratory,State_PHL
30053,Lincoln County,Montana,22184,48.552385,-115.463185,279.5204197754706,PHL_MT,Montana Public Health Laboratory,State_PHL
30055,McCone County,Montana,1717,47.629628,-105.757222,405.1310107929565,PHL_ND,North Dakota Public Health Laboratory,State_PHL
30057,Madison County,Montana,9753,45.32529,-111.913791,203.02852489325966,PHL_MT,Montana Public Health Laboratory,State_PHL
30059,Meagher County,Montana,2065,46.5857,-110.92174,126.10293737074242,PHL_MT,Montana Public Health Laboratory,State_PHL
30061,Mineral County,Montana,5195,47.129687,-115.085385,204.45120601086802,PHL_MT,Montana Public Health Laboratory,State_PHL
30063,Missoula County,Montana,122546,47.027263,-113.892691,114.81876189631019,PHL_MT,Montana Public Health Laboratory,State_PHL
30065,Musselshell County,Montana,5452,46.505281,-108.439763,307.76918240171165,PHL_MT,Montana Public Health Laboratory,State_PHL
30067,Park County,Montana,18074,45.463081,-110.53493,232.77381360243896,PHL_MT,Montana Public Health Laboratory,State_PHL
30069,Petroleum County,Montana,525,47.141917,-108.226575,314.3842079944445,PHL_MT,Montana Public Health Laboratory,State_PHL
30071,Phillips County,Montana,4214,48.250143,-107.928897,356.1537103627028,PHL_MT,Montana Public Health Laboratory,State_PHL
30073,Pondera County,Montana,6078,48.228604,-112.220761,123.63433970029014,PHL_MT,Montana Public Health Laboratory,State_PHL
30075,Powder River County,Montana,1734,45.408926,-105.555344,428.51160108036834,PHL_ND,North Dakota Public Health Laboratory,State_PHL
30077,Powell County,Montana,7120,46.844225,-112.9311,51.80879329659705,PHL_MT,Montana Public Health Laboratory,State_PHL
30079,Prairie County,Montana,1112,46.812388,-105.503938,382.9095016665878,PHL_ND,North Dakota Public Health Laboratory,State_PHL
30081,Ravalli County,Montana,48187,46.077744,-114.105795,175.52673348324367,PHL_MT,Montana Public Health Laboratory,State_PHL
30083,Richland County,Montana,11028,47.785633,-104.563408,320.975258088911,PHL_ND,North Dakota Public Health Laboratory,State_PHL
30085,Roosevelt County,Montana,10197,48.282747,-104.99517,368.74671537912934,PHL_ND,North Dakota Public Health Laboratory,State_PHL
30087,Rosebud County,Montana,8194,46.173206,-106.666792,448.79137675936715,PHL_MT,Montana Public Health Laboratory,State_PHL
30089,Sanders County,Montana,13895,47.756497,-115.180306,221.8863531368992,PHL_MT,Montana Public Health Laboratory,State_PHL
30091,Sheridan County,Montana,3448,48.705587,-104.533916,358.91772372791945,PHL_ND,North Dakota Public Health Laboratory,State_PHL
30093,Silver Bow County,Montana,36134,45.896232,-112.660071,137.95120929295385,PHL_MT,Montana Public Health Laboratory,State_PHL
30095,Stillwater County,Montana,9450,45.658545,-109.381576,281.87280708187257,PHL_MT,Montana Public Health Laboratory,State_PHL
30097,Sweet Grass County,Montana,3757,45.811292,-109.944796,236.8615424683569,PHL_MT,Montana Public Health Laboratory,State_PHL
30099,Teton County,Montana,6444,47.819035,-112.281725,77.8672265017768,PHL_MT,Montana Public Health Laboratory,State_PHL
30101,Toole County,Montana,5153,48.645125,-111.733472,176.13846985042707,PHL_MT,Montana Public Health Laboratory,State_PHL
30103,Treasure County,Montana,739,46.227113,-107.275296,402.10973941610337,PHL_MT,Montana Public Health Laboratory,State_PHL
30105,Valley County,Montana,7434,48.34985,-106.670424,448.3554713604739,PHL_MT,Montana Public Health Laboratory,State_PHL
30107,Wheatland County,Montana,2058,46.496967,-109.857684,204.35335704072295,PHL_MT,Montana Public Health Laboratory,State_PHL
30109,Wibaux County,Montana,911,46.962966,-104.274518,288.68427910292155,PHL_ND,North Dakota Public Health Laboratory,State_PHL
30111,Yellowstone County,Montana,171583,45.936987,-108.276656,340.5932490816589,PHL_MT,Montana Public Health Laboratory,State_PHL
31001,Adams County,Nebraska,31196,40.520632,-98.500044,215.21302917048504,PHL_NE,Nebraska Public Health Laboratory (UNMC),State_PHL
31003,Antelope County,Nebraska,6358,42.183225,-98.058037,186.17674081486336,PHL_NE,Nebraska Public Health Laboratory (UNMC),State_PHL
31005,Arthur County,Nebraska,423,41.57193,-101.695917,249.06772939060528,PHL_WY,Wyoming Public Health Laboratory,State_PHL
31007,Banner County,Nebraska,665,41.53975,-103.726263,82.59174121919563,PHL_WY,Wyoming Public Health Laboratory,State_PHL
31009,Blaine County,Nebraska,454,41.931945,-99.996407,272.71151342152916,PHL_SD,South Dakota Public Health Laboratory,State_PHL
31011,Boone County,Nebraska,5354,41.703934,-98.070476,165.8810406018219,PHL_NE,Nebraska Public Health Laboratory (UNMC),State_PHL
31013,Box Butte County,Nebraska,10703,42.21038,-103.081779,166.00312523470552,PHL_WY,Wyoming Public Health Laboratory,State_PHL
31015,Boyd County,Nebraska,1700,42.894448,-98.773022,191.87072912296273,PHL_SD,South Dakota Public Health Laboratory,State_PHL
31017,Brown County,Nebraska,2877,42.359562,-99.92392,225.19635181476448,PHL_SD,South Dakota Public Health Laboratory,State_PHL
31019,Buffalo County,Nebraska,51156,40.855265,-99.074984,249.7067645284213,PHL_NE,Nebraska Public Health Laboratory (UNMC),State_PHL
31021,Burt County,Nebraska,6727,41.854179,-96.337746,63.80179688965405,PHL_NE,Nebraska Public Health Laboratory (UNMC),State_PHL
31023,Butler County,Nebraska,8439,41.226054,-97.132003,82.12212132891099,PHL_NE,Nebraska Public Health Laboratory (UNMC),State_PHL
31025,Cass County,Nebraska,27492,40.909878,-96.140609,43.070882110626435,PHL_NE,Nebraska Public Health Laboratory (UNMC),State_PHL
31027,Cedar County,Nebraska,8262,42.60456,-97.25687,171.61721403065073,PHL_NE,Nebraska Public Health Laboratory (UNMC),State_PHL
31029,Chase County,Nebraska,3764,40.53039,-101.694192,263.26342306954245,PHL_WY,Wyoming Public Health Laboratory,State_PHL
31031,Cherry County,Nebraska,5558,42.571323,-101.047653,219.37587941429808,PHL_SD,South Dakota Public Health Laboratory,State_PHL
31033,Cheyenne County,Nebraska,9602,41.214236,-103.011929,138.08031145673883,PHL_WY,Wyoming Public Health Laboratory,State_PHL
31035,Clay County,Nebraska,6103,40.523669,-98.050858,181.10922993342623,PHL_NE,Nebraska Public Health Laboratory (UNMC),State_PHL
31037,Colfax County,Nebraska,10826,41.57496,-97.088945,83.83447549295043,PHL_NE,Nebraska Public Health Laboratory (UNMC),State_PHL
31039,Cuming County,Nebraska,8952,41.915865,-96.788517,86.69797849700494,PHL_NE,Nebraska Public Health Laboratory (UNMC),State_PHL
31041,Custer County,Nebraska,10487,41.393893,-99.726866,298.4248324918497,PHL_NE,Nebraska Public Health Laboratory (UNMC),State_PHL
31043,Dakota County,Nebraska,21335,42.391624,-96.561327,126.29512367494179,PHL_NE,Nebraska Public Health Laboratory (UNMC),State_PHL
31045,Dawes County,Nebraska,8003,42.713038,-103.135436,202.02325381845822,PHL_WY,Wyoming Public Health Laboratory,State_PHL
31047,Dawson County,Nebraska,24554,40.86784,-99.815583,310.55426185061197,PHL_NE,Nebraska Public Health Laboratory (UNMC),State_PHL
31049,Deuel County,Nebraska,1892,41.111903,-102.332609,195.77686555932203,PHL_WY,Wyoming Public Health Laboratory,State_PHL
31051,Dixon County,Nebraska,5526,42.485086,-96.855784,144.3037412455917,PHL_NE,Nebraska Public Health Laboratory (UNMC),State_PHL
31053,Dodge County,Nebraska,37884,41.577008,-96.645852,51.47255816639249,PHL_NE,Nebraska Public Health Laboratory (UNMC),State_PHL
31055,Douglas County,Nebraska,601158,41.297091,-96.154066,0.0,PHL_NE,Nebraska Public Health Laboratory (UNMC),State_PHL
31057,Dundy County,Nebraska,1581,40.180165,-101.681133,276.6125508075475,ISC_CO,Colorado Dept of Public Health & Env Lab,ISC_StatePHL
31059,Fillmore County,Nebraska,5512,40.52504,-97.596705,148.54424072607426,PHL_NE,Nebraska Public Health Laboratory (UNMC),State_PHL
31061,Franklin County,Nebraska,2817,40.183203,-98.96208,267.01713847525707,PHL_NE,Nebraska Public Health Laboratory (UNMC),State_PHL
31063,Frontier County,Nebraska,2536,40.530947,-100.406683,367.30731873209544,PHL_WY,Wyoming Public Health Laboratory,State_PHL
31065,Furnas County,Nebraska,4468,40.192252,-99.908637,339.28385372863414,PHL_NE,Nebraska Public Health Laboratory (UNMC),State_PHL
31067,Gage County,Nebraska,21687,40.255234,-96.683453,124.1286938084578,PHL_NE,Nebraska Public Health Laboratory (UNMC),State_PHL
31069,Garden County,Nebraska,1804,41.633364,-102.302985,200.04644990788822,PHL_WY,Wyoming Public Health Laboratory,State_PHL
31071,Garfield County,Nebraska,1707,41.906912,-98.951283,242.25495834787665,PHL_NE,Nebraska Public Health Laboratory (UNMC),State_PHL
31073,Gosper County,Nebraska,1808,40.509095,-99.823206,320.5437243192345,PHL_NE,Nebraska Public Health Laboratory (UNMC),State_PHL
31075,Grant County,Nebraska,573,41.913957,-101.755965,251.16198553320032,PHL_WY,Wyoming Public Health Laboratory,State_PHL
31077,Greeley County,Nebraska,2197,41.567563,-98.530567,200.38482140106544,PHL_NE,Nebraska Public Health Laboratory (UNMC),State_PHL
31079,Hall County,Nebraska,62869,40.866027,-98.502664,202.59431544453108,PHL_NE,Nebraska Public Health Laboratory (UNMC),State_PHL
31081,Hamilton County,Nebraska,9564,40.872817,-98.022329,163.530862442076,PHL_NE,Nebraska Public Health Laboratory (UNMC),State_PHL
31083,Harlan County,Nebraska,3018,40.178766,-99.403418,300.65819912763055,PHL_NE,Nebraska Public Health Laboratory (UNMC),State_PHL
31085,Hayes County,Nebraska,846,40.537234,-101.047963,314.93081745467424,PHL_WY,Wyoming Public Health Laboratory,State_PHL
31087,Hitchcock County,Nebraska,2460,40.176896,-101.044217,328.9510341002327,PHL_WY,Wyoming Public Health Laboratory,State_PHL
31089,Holt County,Nebraska,10120,42.459287,-98.784766,234.6759838068813,PHL_SD,South Dakota Public Health Laboratory,State_PHL
31091,Hooker County,Nebraska,698,41.920317,-101.117324,289.2186738458989,PHL_SD,South Dakota Public Health Laboratory,State_PHL
31093,Howard County,Nebraska,6572,41.216851,-98.513342,197.4118663437216,PHL_NE,Nebraska Public Health Laboratory (UNMC),State_PHL
31095,Jefferson County,Nebraska,7136,40.175736,-97.143103,149.9686485753052,PHL_NE,Nebraska Public Health Laboratory (UNMC),State_PHL
31097,Johnson County,Nebraska,5219,40.394955,-96.265264,100.7480475437021,PHL_NE,Nebraska Public Health Laboratory (UNMC),State_PHL
31099,Kearney County,Nebraska,6749,40.50912,-98.947602,250.57921959849648,PHL_NE,Nebraska Public Health Laboratory (UNMC),State_PHL
31101,Keith County,Nebraska,8148,41.194245,-101.644449,252.3857739585706,PHL_WY,Wyoming Public Health Laboratory,State_PHL
31103,Keya Paha County,Nebraska,819,42.87548,-99.718351,169.06317269103374,PHL_SD,South Dakota Public Health Laboratory,State_PHL
31105,Kimball County,Nebraska,3305,41.199274,-103.703153,80.70386542885107,PHL_WY,Wyoming Public Health Laboratory,State_PHL
31107,Knox County,Nebraska,8306,42.634404,-97.891349,206.73589593482987,PHL_NE,Nebraska Public Health Laboratory (UNMC),State_PHL
31109,Lancaster County,Nebraska,332857,40.783547,-96.688658,72.6014781000625,PHL_NE,Nebraska Public Health Laboratory (UNMC),State_PHL
31111,Lincoln County,Nebraska,33319,41.050322,-100.744481,328.8451083937051,PHL_WY,Wyoming Public Health Laboratory,State_PHL
31113,Logan County,Nebraska,694,41.542155,-100.443665,318.33316722987007,PHL_SD,South Dakota Public Health Laboratory,State_PHL
31115,Loup County,Nebraska,582,41.898204,-99.514525,278.97723810017084,PHL_SD,South Dakota Public Health Laboratory,State_PHL
31117,McPherson County,Nebraska,376,41.648414,-101.120851,297.52398318612865,PHL_WY,Wyoming Public Health Laboratory,State_PHL
31119,Madison County,Nebraska,35579,41.909929,-97.606856,138.68763829451902,PHL_NE,Nebraska Public Health Laboratory (UNMC),State_PHL
31121,Merrick County,Nebraska,7837,41.16979,-98.031057,157.59152171628222,PHL_NE,Nebraska Public Health Laboratory (UNMC),State_PHL
31123,Morrill County,Nebraska,4485,41.732204,-102.990594,147.36531221872062,PHL_WY,Wyoming Public Health Laboratory,State_PHL
31125,Nance County,Nebraska,3262,41.402385,-97.991408,153.8118063993748,PHL_NE,Nebraska Public Health Laboratory (UNMC),State_PHL
31127,Nemaha County,Nebraska,7046,40.387238,-95.852461,104.30355010632152,PHL_NE,Nebraska Public Health Laboratory (UNMC),State_PHL
31129,Nuckolls County,Nebraska,4094,40.176492,-98.046842,202.37291353969343,PHL_NE,Nebraska Public Health Laboratory (UNMC),State_PHL
31131,Otoe County,Nebraska,16591,40.637992,-96.131027,73.31398771193969,PHL_NE,Nebraska Public Health Laboratory (UNMC),State_PHL
31133,Pawnee County,Nebraska,2521,40.137797,-96.245214,128.88591436559133,PHL_KS,Kansas Health and Environmental Laboratories,State_PHL
31135,Perkins County,Nebraska,2779,40.857624,-101.62747,258.78217745934035,PHL_WY,Wyoming Public Health Laboratory,State_PHL
31137,Phelps County,Nebraska,9042,40.516365,-99.406557,286.767957018407,PHL_NE,Nebraska Public Health Laboratory (UNMC),State_PHL
31139,Pierce County,Nebraska,7334,42.271413,-97.610992,162.25998785884434,PHL_NE,Nebraska Public Health Laboratory (UNMC),State_PHL
31141,Platte County,Nebraska,35499,41.576866,-97.513467,117.51226375375059,PHL_NE,Nebraska Public Health Laboratory (UNMC),State_PHL
31143,Polk County,Nebraska,5269,41.187925,-97.570663,119.06122041107149,PHL_NE,Nebraska Public Health Laboratory (UNMC),State_PHL
31145,Red Willow County,Nebraska,10409,40.16942,-100.468576,374.598102225723,PHL_WY,Wyoming Public Health Laboratory,State_PHL
31147,Richardson County,Nebraska,7666,40.123743,-95.718603,120.34792947485343,PHL_KS,Kansas Health and Environmental Laboratories,State_PHL
31149,Rock County,Nebraska,1241,42.394749,-99.420851,225.74007766960705,PHL_SD,South Dakota Public Health Laboratory,State_PHL
31151,Saline County,Nebraska,14740,40.516802,-97.131755,119.4923235973936,PHL_NE,Nebraska Public Health Laboratory (UNMC),State_PHL
31153,Sarpy County,Nebraska,204828,41.115064,-96.109125,20.58668847871193,PHL_NE,Nebraska Public Health Laboratory (UNMC),State_PHL
31155,Saunders County,Nebraska,23406,41.222966,-96.642696,41.666872977143534,PHL_NE,Nebraska Public Health Laboratory (UNMC),State_PHL
31157,Scotts Bluff County,Nebraska,35734,41.850506,-103.703021,100.93526915479066,PHL_WY,Wyoming Public Health Laboratory,State_PHL
31159,Seward County,Nebraska,17769,40.871944,-97.140383,95.22729229838589,PHL_NE,Nebraska Public Health Laboratory (UNMC),State_PHL
31161,Sheridan County,Nebraska,4927,42.512289,-102.36828,233.1621900025161,PHL_WY,Wyoming Public Health Laboratory,State_PHL
31163,Sherman County,Nebraska,2949,41.218743,-98.972849,235.77448966665534,PHL_NE,Nebraska Public Health Laboratory (UNMC),State_PHL
31165,Sioux County,Nebraska,1099,42.470668,-103.73217,151.84684830658017,PHL_WY,Wyoming Public Health Laboratory,State_PHL
31167,Stanton County,Nebraska,5756,41.905045,-97.177109,108.65477869895959,PHL_NE,Nebraska Public Health Laboratory (UNMC),State_PHL
31169,Thayer County,Nebraska,4870,40.17342,-97.596258,174.28506219770253,PHL_NE,Nebraska Public Health Laboratory (UNMC),State_PHL
31171,Thomas County,Nebraska,634,41.85573,-100.524703,284.68796895224904,PHL_SD,South Dakota Public Health Laboratory,State_PHL
31173,Thurston County,Nebraska,6637,42.154061,-96.533943,100.36996010518116,PHL_NE,Nebraska Public Health Laboratory (UNMC),State_PHL
31175,Valley County,Nebraska,4032,41.564094,-98.983484,237.73644907985903,PHL_NE,Nebraska Public Health Laboratory (UNMC),State_PHL
31177,Washington County,Nebraska,21254,41.533973,-96.224577,26.988362017450175,PHL_NE,Nebraska Public Health Laboratory (UNMC),State_PHL
31179,Wayne County,Nebraska,9870,42.210746,-97.126243,129.70866403104762,PHL_NE,Nebraska Public Health Laboratory (UNMC),State_PHL
31181,Webster County,Nebraska,3326,40.180646,-98.49859,233.28767732664744,PHL_NE,Nebraska Public Health Laboratory (UNMC),State_PHL
31183,Wheeler County,Nebraska,808,41.922575,-98.520853,208.69263139269898,PHL_NE,Nebraska Public Health Laboratory (UNMC),State_PHL
31185,York County,Nebraska,14375,40.873056,-97.596742,129.77875000623078,PHL_NE,Nebraska Public Health Laboratory (UNMC),State_PHL
32001,Churchill County,Nevada,26033,39.53771,-118.264166,178.21482921177184,PHL_NV,Nevada State Public Health Laboratory,State_PHL
32003,Clark County,Nevada,2398871,36.21413,-115.014398,370.6268785422997,MUN_LAC,Los Angeles County Public Health Lab,ELC_Direct_City
32005,Douglas County,Nevada,49564,38.905129,-119.609019,203.1160128563531,PHL_NV,Nevada State Public Health Laboratory,State_PHL
32007,Elko County,Nevada,54363,41.141133,-115.351424,267.1856279601224,PHL_ID,Idaho Bureau of Laboratories,State_PHL
32009,Esmeralda County,Nevada,720,37.778966,-117.632382,371.92470173377785,PHL_NV,Nevada State Public Health Laboratory,State_PHL
32011,Eureka County,Nevada,1877,39.977788,-116.272208,299.28995287087173,PHL_NV,Nevada State Public Health Laboratory,State_PHL
32013,Humboldt County,Nevada,17116,41.407914,-118.127591,149.10553901253581,PHL_NV,Nevada State Public Health Laboratory,State_PHL
32015,Lander County,Nevada,5785,39.90021,-117.04724,240.26981218253349,PHL_NV,Nevada State Public Health Laboratory,State_PHL
32017,Lincoln County,Nevada,4345,37.634605,-114.863037,421.8153539591939,PHL_UT,Utah Unified State Laboratories: Public Health,State_PHL
32019,Lyon County,Nevada,63718,39.022213,-119.197425,194.15613902124323,PHL_NV,Nevada State Public Health Laboratory,State_PHL
32021,Mineral County,Nevada,4475,38.516647,-118.416279,268.4142956296764,PHL_NV,Nevada State Public Health Laboratory,State_PHL
32023,Nye County,Nevada,55990,37.965864,-116.459011,412.8208823012593,PHL_NV,Nevada State Public Health Laboratory,State_PHL
32027,Pershing County,Nevada,6536,40.439639,-118.409477,110.73214533025077,PHL_NV,Nevada State Public Health Laboratory,State_PHL
32029,Storey County,Nevada,4112,39.438385,-119.524646,144.25063717983537,PHL_NV,Nevada State Public Health Laboratory,State_PHL
32031,Washoe County,Nevada,507280,40.73132,-119.663269,0.0,PHL_NV,Nevada State Public Health Laboratory,State_PHL
32033,White Pine County,Nevada,8534,39.418176,-114.900565,288.94589741708063,PHL_UT,Utah Unified State Laboratories: Public Health,State_PHL
32510,Carson City,Nevada,58148,39.15306,-119.747368,175.64086893849733,PHL_NV,Nevada State Public Health Laboratory,State_PHL
33001,Belknap County,New Hampshire,65257,43.519109,-71.425366,31.92333145216144,PHL_NH,New Hampshire Public Health Laboratories,State_PHL
33003,Carroll County,New Hampshire,52580,43.867774,-71.20156,74.0069426604227,PHL_NH,New Hampshire Public Health Laboratories,State_PHL
33005,Cheshire County,New Hampshire,78078,42.92546,-72.248183,62.10817094591945,PHL_NH,New Hampshire Public Health Laboratories,State_PHL
33007,Coos County,New Hampshire,31094,44.652548,-71.289431,123.57486256238623,PHL_ME,Maine Health & Environmental Testing Lab,State_PHL
33009,Grafton County,New Hampshire,93045,43.926439,-71.842424,70.91892844779802,PHL_NH,New Hampshire Public Health Laboratories,State_PHL
33011,Hillsborough County,New Hampshire,430462,42.911532,-71.723055,43.289927769800535,PHL_NH,New Hampshire Public Health Laboratories,State_PHL
33013,Merrimack County,New Hampshire,157869,43.299579,-71.680041,0.0,PHL_NH,New Hampshire Public Health Laboratories,State_PHL
33015,Rockingham County,New Hampshire,322433,42.988664,-71.09908,58.45390970895224,PHL_NH,New Hampshire Public Health Laboratories,State_PHL
33017,Strafford County,New Hampshire,134202,43.293272,-71.035589,52.15969648483386,PHL_NH,New Hampshire Public Health Laboratories,State_PHL
33019,Sullivan County,New Hampshire,44012,43.361188,-72.222084,44.374614391728755,PHL_NH,New Hampshire Public Health Laboratories,State_PHL
34001,Atlantic County,New Jersey,279114,39.469355,-74.633759,73.6912779356474,MUN_PHL,Philadelphia Public Health Laboratory,ELC_Direct_City
34003,Bergen County,New Jersey,978641,40.959698,-74.074727,22.171934829109286,MUN_NYC,NYC Public Health Laboratory,ELC_Direct_City
34005,Burlington County,New Jersey,475515,39.875786,-74.663006,42.760363039396445,MUN_PHL,Philadelphia Public Health Laboratory,ELC_Direct_City
34007,Camden County,New Jersey,533988,39.802407,-74.961249,27.29698138943089,MUN_PHL,Philadelphia Public Health Laboratory,ELC_Direct_City
34009,Cape May County,New Jersey,93875,39.085841,-74.846354,56.682555031410395,PHL_DE,Delaware Public Health Laboratory,State_PHL
34011,Cumberland County,New Jersey,155678,39.328434,-75.121628,41.72783707545602,PHL_DE,Delaware Public Health Laboratory,State_PHL
34013,Essex County,New Jersey,881527,40.7874,-74.246292,23.277906233512354,MUN_NYC,NYC Public Health Laboratory,ELC_Direct_City
34015,Gloucester County,New Jersey,311783,39.722875,-75.145679,31.874841765077747,MUN_PHL,Philadelphia Public Health Laboratory,ELC_Direct_City
34017,Hudson County,New Jersey,736185,40.731375,-74.078601,10.427291856835502,MUN_NYC,NYC Public Health Laboratory,ELC_Direct_City
34019,Hunterdon County,New Jersey,131708,40.565283,-74.911969,36.04777531549146,PHL_NJ,New Jersey Public Health & Env Laboratories,State_PHL
34021,Mercer County,New Jersey,392138,40.282503,-74.703724,0.0,PHL_NJ,New Jersey Public Health & Env Laboratories,State_PHL
34023,Middlesex County,New Jersey,890119,40.439621,-74.40743,30.58524905378566,PHL_NJ,New Jersey Public Health & Env Laboratories,State_PHL
34025,Monmouth County,New Jersey,647520,40.287048,-74.152446,46.76423645111568,PHL_NJ,New Jersey Public Health & Env Laboratories,State_PHL
34027,Morris County,New Jersey,523053,40.858896,-74.547292,49.41789786827199,MUN_NYC,NYC Public Health Laboratory,ELC_Direct_City
34029,Ocean County,New Jersey,666434,39.865669,-74.258864,59.84202850940904,PHL_NJ,New Jersey Public Health & Env Laboratories,State_PHL
34031,Passaic County,New Jersey,526597,41.036655,-74.299408,40.01729908956465,MUN_NYC,NYC Public Health Laboratory,ELC_Direct_City
34033,Salem County,New Jersey,65874,39.573828,-75.357356,52.07536905662669,MUN_PHL,Philadelphia Public Health Laboratory,ELC_Direct_City
34035,Somerset County,New Jersey,357467,40.565527,-74.619938,32.26011668374223,PHL_NJ,New Jersey Public Health & Env Laboratories,State_PHL
34037,Sussex County,New Jersey,147444,41.137461,-74.691914,72.68304131757182,MUN_NYC,NYC Public Health Laboratory,ELC_Direct_City
34039,Union County,New Jersey,594160,40.659871,-74.308696,31.344523168023894,MUN_NYC,NYC Public Health Laboratory,ELC_Direct_City
34041,Warren County,New Jersey,112031,40.853491,-75.009498,68.5431903383758,PHL_NJ,New Jersey Public Health & Env Laboratories,State_PHL
35001,Bernalillo County,New Mexico,671747,35.053628,-106.66908,0.0,PHL_NM,New Mexico Scientific Laboratory Division,State_PHL
35003,Catron County,New Mexico,3795,33.901621,-108.391928,203.33617541717086,PHL_NM,New Mexico Scientific Laboratory Division,State_PHL
35005,Chaves County,New Mexico,63697,33.361604,-104.469837,276.2075853969335,PHL_NM,New Mexico Scientific Laboratory Division,State_PHL
35006,Cibola County,New Mexico,26686,34.928272,-107.99268,121.37626416834091,PHL_NM,New Mexico Scientific Laboratory Division,State_PHL
35007,Colfax County,New Mexico,12307,36.612964,-104.64011,252.01814256319324,PHL_NM,New Mexico Scientific Laboratory Division,State_PHL
35009,Curry County,New Mexico,47156,34.572984,-103.346055,308.02455520182,PHL_NM,New Mexico Scientific Laboratory Division,State_PHL
35011,De Baca County,New Mexico,1657,34.359273,-104.368696,223.99979575934813,PHL_NM,New Mexico Scientific Laboratory Division,State_PHL
35013,Doña Ana County,New Mexico,229366,32.349919,-106.834968,301.0299565027257,PHL_NM,New Mexico Scientific Laboratory Division,State_PHL
35015,Eddy County,New Mexico,61436,32.457835,-104.306434,361.939876960748,PHL_NM,New Mexico Scientific Laboratory Division,State_PHL
35017,Grant County,New Mexico,27541,32.732087,-108.381504,302.67456931034013,PHL_NM,New Mexico Scientific Laboratory Division,State_PHL
35019,Guadalupe County,New Mexico,4385,34.869748,-104.784898,172.91248437726333,PHL_NM,New Mexico Scientific Laboratory Division,State_PHL
35021,Harding County,New Mexico,635,35.859352,-103.853424,270.2930136685066,PHL_NM,New Mexico Scientific Laboratory Division,State_PHL
35023,Hidalgo County,New Mexico,3966,31.898052,-108.751929,386.01959405367023,PHL_AZ,Arizona State Public Health Laboratory,State_PHL
35025,Lea County,New Mexico,75151,32.795687,-103.413271,391.46287220075516,PHL_NM,New Mexico Scientific Laboratory Division,State_PHL
35027,Lincoln County,New Mexico,20025,33.740841,-105.449805,183.90830304346716,PHL_NM,New Mexico Scientific Laboratory Division,State_PHL
35028,Los Alamos County,New Mexico,19675,35.870047,-106.307968,96.49301913947096,PHL_NM,New Mexico Scientific Laboratory Division,State_PHL
35029,Luna County,New Mexico,25878,32.184523,-107.747191,334.27677777685864,PHL_NM,New Mexico Scientific Laboratory Division,State_PHL
35031,McKinley County,New Mexico,68945,35.584062,-108.253294,155.36287455956827,PHL_NM,New Mexico Scientific Laboratory Division,State_PHL
35033,Mora County,New Mexico,4096,35.982841,-104.921898,188.88734281171511,PHL_NM,New Mexico Scientific Laboratory Division,State_PHL
35035,Otero County,New Mexico,69711,32.615599,-105.751308,284.0360430679391,PHL_NM,New Mexico Scientific Laboratory Division,State_PHL
35037,Quay County,New Mexico,8403,35.107018,-103.548071,284.0499129817569,PHL_NM,New Mexico Scientific Laboratory Division,State_PHL
35039,Rio Arriba County,New Mexico,39955,36.509669,-106.693983,161.9199538794754,PHL_NM,New Mexico Scientific Laboratory Division,State_PHL
35041,Roosevelt County,New Mexico,18713,34.021207,-103.483004,313.5841206159038,PHL_NM,New Mexico Scientific Laboratory Division,State_PHL
35043,Sandoval County,New Mexico,157757,35.685091,-106.883119,72.84815319746842,PHL_NM,New Mexico Scientific Laboratory Division,State_PHL
35045,San Juan County,New Mexico,120817,36.511624,-108.324578,220.41098670708197,PHL_NM,New Mexico Scientific Laboratory Division,State_PHL
35047,San Miguel County,New Mexico,26428,35.476859,-104.803519,175.78622932478393,PHL_NM,New Mexico Scientific Laboratory Division,State_PHL
35049,Santa Fe County,New Mexico,157765,35.514531,-105.963972,81.99192497080666,PHL_NM,New Mexico Scientific Laboratory Division,State_PHL
35051,Sierra County,New Mexico,11389,33.119468,-107.188161,220.31600938080413,PHL_NM,New Mexico Scientific Laboratory Division,State_PHL
35053,Socorro County,New Mexico,15967,33.991658,-106.939136,120.64946552358377,PHL_NM,New Mexico Scientific Laboratory Division,State_PHL
35055,Taos County,New Mexico,34482,36.577183,-105.638878,193.20408963684548,PHL_NM,New Mexico Scientific Laboratory Division,State_PHL
35057,Torrance County,New Mexico,15986,34.554998,-105.890577,90.14632458314284,PHL_NM,New Mexico Scientific Laboratory Division,State_PHL
35059,Union County,New Mexico,3926,36.488085,-103.475723,329.2812380049106,PHL_NM,New Mexico Scientific Laboratory Division,State_PHL
35061,Valencia County,New Mexico,80813,34.71684,-106.806582,39.493501332821346,PHL_NM,New Mexico Scientific Laboratory Division,State_PHL
36001,Albany County,New York,319964,42.58824,-73.97401,0.0,NIRC_NY,Wadsworth Center (NYSDOH),NIRC_StatePHL
36003,Allegany County,New York,47299,42.247853,-78.026153,316.67139972666143,PHL_PA,Pennsylvania Bureau of Laboratories,State_PHL
36005,Bronx County,New York,1384724,40.848711,-73.852939,12.711570638686812,MUN_NYC,NYC Public Health Laboratory,ELC_Direct_City
36007,Broome County,New York,196397,42.161977,-75.830283,159.67642357881468,NIRC_NY,Wadsworth Center (NYSDOH),NIRC_StatePHL
36009,Cattaraugus County,New York,75475,42.239099,-78.662332,350.6482433167759,PHL_PA,Pennsylvania Bureau of Laboratories,State_PHL
36011,Cayuga County,New York,74567,43.008546,-76.574587,217.25522875516083,NIRC_NY,Wadsworth Center (NYSDOH),NIRC_StatePHL
36013,Chautauqua County,New York,124105,42.304216,-79.407595,397.85377694300325,PHL_OH,Ohio Department of Health Laboratory,State_PHL
36015,Chemung County,New York,81115,42.148697,-76.752471,233.42299553841357,NIRC_NY,Wadsworth Center (NYSDOH),NIRC_StatePHL
36017,Chenango County,New York,45776,42.478024,-75.602241,133.9736630142026,NIRC_NY,Wadsworth Center (NYSDOH),NIRC_StatePHL
36019,Clinton County,New York,77871,44.752712,-73.705643,59.76716655963141,PHL_VT,Vermont Department of Health Laboratory,State_PHL
36021,Columbia County,New York,60299,42.247696,-73.626718,47.398697078773445,NIRC_NY,Wadsworth Center (NYSDOH),NIRC_StatePHL
36023,Cortland County,New York,45945,42.594039,-76.07624,172.08932838848128,NIRC_NY,Wadsworth Center (NYSDOH),NIRC_StatePHL
36025,Delaware County,New York,44191,42.193986,-74.966728,92.56455891022296,NIRC_NY,Wadsworth Center (NYSDOH),NIRC_StatePHL
36027,Dutchess County,New York,299963,41.754825,-73.740014,94.65649802854969,NIRC_NY,Wadsworth Center (NYSDOH),NIRC_StatePHL
36029,Erie County,New York,950602,42.752759,-78.778192,393.1508280113136,NIRC_NY,Wadsworth Center (NYSDOH),NIRC_StatePHL
36031,Essex County,New York,36744,44.109601,-73.778431,68.79129740703048,PHL_VT,Vermont Department of Health Laboratory,State_PHL
36033,Franklin County,New York,47086,44.594376,-74.31067,99.46751679454812,PHL_VT,Vermont Department of Health Laboratory,State_PHL
36035,Fulton County,New York,52073,43.115609,-74.423678,69.15478239578052,NIRC_NY,Wadsworth Center (NYSDOH),NIRC_StatePHL
36037,Genesee County,New York,57604,43.00091,-78.192778,347.23372383847874,NIRC_NY,Wadsworth Center (NYSDOH),NIRC_StatePHL
36039,Greene County,New York,46903,42.28697,-74.149542,36.46538135812676,NIRC_NY,Wadsworth Center (NYSDOH),NIRC_StatePHL
36041,Hamilton County,New York,5082,43.657879,-74.502456,126.43408429834848,NIRC_NY,Wadsworth Center (NYSDOH),NIRC_StatePHL
36043,Herkimer County,New York,59585,43.571009,-74.841097,130.00280517345297,NIRC_NY,Wadsworth Center (NYSDOH),NIRC_StatePHL
36045,Jefferson County,New York,113140,43.996389,-76.052968,229.8299412600761,NIRC_NY,Wadsworth Center (NYSDOH),NIRC_StatePHL
36047,Kings County,New York,2617631,40.635045,-73.95064,15.830847028655542,MUN_NYC,NYC Public Health Laboratory,ELC_Direct_City
36049,Lewis County,New York,26570,43.782706,-75.444132,178.45304481261866,NIRC_NY,Wadsworth Center (NYSDOH),NIRC_StatePHL
36051,Livingston County,New York,61561,42.729042,-77.778463,311.46946467020433,NIRC_NY,Wadsworth Center (NYSDOH),NIRC_StatePHL
36053,Madison County,New York,67072,42.910026,-75.663575,142.52154665142717,NIRC_NY,Wadsworth Center (NYSDOH),NIRC_StatePHL
36055,Monroe County,New York,752202,43.250347,-77.700518,312.221450128821,NIRC_NY,Wadsworth Center (NYSDOH),NIRC_StatePHL
36057,Montgomery County,New York,49648,42.900891,-74.435357,51.26311137820809,NIRC_NY,Wadsworth Center (NYSDOH),NIRC_StatePHL
36059,Nassau County,New York,1392438,40.729612,-73.589414,32.4973121256933,MUN_NYC,NYC Public Health Laboratory,ELC_Direct_City
36061,New York County,New York,1660664,40.776642,-73.970187,0.0,MUN_NYC,NYC Public Health Laboratory,ELC_Direct_City
36063,Niagara County,New York,209570,43.272672,-78.812943,401.1828655714347,NIRC_NY,Wadsworth Center (NYSDOH),NIRC_StatePHL
36065,Oneida County,New York,228347,43.242727,-75.434282,139.4150548062391,NIRC_NY,Wadsworth Center (NYSDOH),NIRC_StatePHL
36067,Onondaga County,New York,469812,43.006516,-76.196134,187.16833294487967,NIRC_NY,Wadsworth Center (NYSDOH),NIRC_StatePHL
36069,Ontario County,New York,113012,42.856357,-77.303497,273.5945710013424,NIRC_NY,Wadsworth Center (NYSDOH),NIRC_StatePHL
36071,Orange County,New York,411767,41.40241,-74.306252,75.06584538769927,MUN_NYC,NYC Public Health Laboratory,ELC_Direct_City
36073,Orleans County,New York,39686,43.339906,-78.207028,354.3939567124428,NIRC_NY,Wadsworth Center (NYSDOH),NIRC_StatePHL
36075,Oswego County,New York,118305,43.461443,-76.209262,206.00845194094134,NIRC_NY,Wadsworth Center (NYSDOH),NIRC_StatePHL
36077,Otsego County,New York,60524,42.629776,-75.028841,86.448609163116,NIRC_NY,Wadsworth Center (NYSDOH),NIRC_StatePHL
36079,Putnam County,New York,98409,41.427907,-73.743861,74.85910373791683,MUN_NYC,NYC Public Health Laboratory,ELC_Direct_City
36081,Queens County,New York,2316841,40.654658,-73.841209,17.38238013018716,MUN_NYC,NYC Public Health Laboratory,ELC_Direct_City
36083,Rensselaer County,New York,160749,42.710421,-73.513845,40.011861509957036,NIRC_NY,Wadsworth Center (NYSDOH),NIRC_StatePHL
36085,Richmond County,New York,498212,40.561263,-74.1399,27.90044988110748,MUN_NYC,NYC Public Health Laboratory,ELC_Direct_City
36087,Rockland County,New York,348144,41.154628,-74.024662,42.27826782805086,MUN_NYC,NYC Public Health Laboratory,ELC_Direct_City
36089,St. Lawrence County,New York,106198,44.488112,-75.074311,159.0944408494064,PHL_VT,Vermont Department of Health Laboratory,State_PHL
36091,Saratoga County,New York,240360,43.106135,-73.855387,58.39363969127129,NIRC_NY,Wadsworth Center (NYSDOH),NIRC_StatePHL
36093,Schenectady County,New York,162261,42.817552,-74.043559,26.124000903167193,NIRC_NY,Wadsworth Center (NYSDOH),NIRC_StatePHL
36095,Schoharie County,New York,30151,42.591294,-74.438172,37.99948976544716,NIRC_NY,Wadsworth Center (NYSDOH),NIRC_StatePHL
36097,Schuyler County,New York,17121,42.419776,-76.938603,243.73442281676463,NIRC_NY,Wadsworth Center (NYSDOH),NIRC_StatePHL
36099,Seneca County,New York,32650,42.782294,-76.827088,234.19006833812622,NIRC_NY,Wadsworth Center (NYSDOH),NIRC_StatePHL
36101,Steuben County,New York,92015,42.266725,-77.385525,282.25839313218836,NIRC_NY,Wadsworth Center (NYSDOH),NIRC_StatePHL
36103,Suffolk County,New York,1535909,40.943554,-72.692218,97.60319780791926,PHL_CT,Connecticut Dept of Public Health Lab,State_PHL
36105,Sullivan County,New York,80450,41.719993,-74.771577,116.8037765110358,NIRC_NY,Wadsworth Center (NYSDOH),NIRC_StatePHL
36107,Tioga County,New York,47574,42.178057,-76.297456,196.20281038524078,NIRC_NY,Wadsworth Center (NYSDOH),NIRC_StatePHL
36109,Tompkins County,New York,105602,42.453006,-76.473483,205.38657633598774,NIRC_NY,Wadsworth Center (NYSDOH),NIRC_StatePHL
36111,Ulster County,New York,182977,41.947212,-74.265458,75.2051524749838,NIRC_NY,Wadsworth Center (NYSDOH),NIRC_StatePHL
36113,Warren County,New York,65288,43.555105,-73.838139,108.07542770579329,NIRC_NY,Wadsworth Center (NYSDOH),NIRC_StatePHL
36115,Washington County,New York,59839,43.312377,-73.439428,91.52296019683169,NIRC_NY,Wadsworth Center (NYSDOH),NIRC_StatePHL
36117,Wayne County,New York,90757,43.218114,-77.049402,260.0828342398131,NIRC_NY,Wadsworth Center (NYSDOH),NIRC_StatePHL
36119,Westchester County,New York,1006447,41.152686,-73.745753,45.864359090260294,MUN_NYC,NYC Public Health Laboratory,ELC_Direct_City
36121,Wyoming County,New York,39588,42.701365,-78.228576,348.1772340098048,NIRC_NY,Wadsworth Center (NYSDOH),NIRC_StatePHL
36123,Yates County,New York,24387,42.638237,-77.104324,256.2082640182816,NIRC_NY,Wadsworth Center (NYSDOH),NIRC_StatePHL
37001,Alamance County,North Carolina,183040,36.043954,-79.400573,73.20764385630699,PHL_NC,North Carolina State Lab of Public Health,State_PHL
37003,Alexander County,North Carolina,36693,35.920951,-81.177467,211.8995050863244,PHL_SC,South Carolina Public Health Laboratory,State_PHL
37005,Alleghany County,North Carolina,11379,36.489356,-81.132299,207.3541181312271,PHL_WV,West Virginia Office of Laboratory Services,State_PHL
37007,Anson County,North Carolina,22432,34.974972,-80.109763,127.59180355981482,PHL_SC,South Carolina Public Health Laboratory,State_PHL
37009,Ashe County,North Carolina,27266,36.443469,-81.499334,209.56873587658117,PHL_WV,West Virginia Office of Laboratory Services,State_PHL
37011,Avery County,North Carolina,17811,36.07209,-81.920285,245.485832584564,PHL_SC,South Carolina Public Health Laboratory,State_PHL
37013,Beaufort County,North Carolina,44576,35.482313,-76.842014,166.98368482435404,PHL_NC,North Carolina State Lab of Public Health,State_PHL
37015,Bertie County,North Carolina,16939,36.059043,-76.962364,154.93564055914433,PHL_NC,North Carolina State Lab of Public Health,State_PHL
37017,Bladen County,North Carolina,29777,34.591938,-78.539489,133.58355896013742,PHL_NC,North Carolina State Lab of Public Health,State_PHL
37019,Brunswick County,North Carolina,167112,34.038754,-78.227765,198.4925774604722,PHL_NC,North Carolina State Lab of Public Health,State_PHL
37021,Buncombe County,North Carolina,279210,35.609371,-82.530423,230.38757712682025,PHL_SC,South Carolina Public Health Laboratory,State_PHL
37023,Burke County,North Carolina,88545,35.746182,-81.70618,204.66333457633726,PHL_SC,South Carolina Public Health Laboratory,State_PHL
37025,Cabarrus County,North Carolina,244925,35.388346,-80.552728,154.4021796505851,PHL_SC,South Carolina Public Health Laboratory,State_PHL
37027,Caldwell County,North Carolina,80739,35.966396,-81.51254,222.56967823260462,PHL_SC,South Carolina Public Health Laboratory,State_PHL
37029,Camden County,North Carolina,11184,36.342344,-76.162488,176.37656745360252,PHL_VA,Virginia Division of Consolidated Lab Services,State_PHL
37031,Carteret County,North Carolina,70259,34.858343,-76.53586,218.02457517111208,PHL_NC,North Carolina State Lab of Public Health,State_PHL
37033,Caswell County,North Carolina,22363,36.394298,-79.339609,91.37780947990856,PHL_NC,North Carolina State Lab of Public Health,State_PHL
37035,Catawba County,North Carolina,167054,35.661883,-81.214906,183.8457037497165,PHL_SC,South Carolina Public Health Laboratory,State_PHL
37037,Chatham County,North Carolina,83874,35.704994,-79.251454,55.03707800790591,PHL_NC,North Carolina State Lab of Public Health,State_PHL
37039,Cherokee County,North Carolina,30373,35.13715,-84.061449,152.69689272771114,FED_CDC,CDC NCIRD Influenza Division,Federal_HQ
37041,Chowan County,North Carolina,13891,36.128979,-76.602752,174.23468201057656,PHL_VA,Virginia Division of Consolidated Lab Services,State_PHL
37043,Clay County,North Carolina,12042,35.052997,-83.752264,149.07337263100533,FED_CDC,CDC NCIRD Influenza Division,Federal_HQ
37045,Cleveland County,North Carolina,102194,35.33463,-81.557114,157.17970228651302,PHL_SC,South Carolina Public Health Laboratory,State_PHL
37047,Columbus County,North Carolina,50054,34.261602,-78.639308,169.93610293760597,PHL_NC,North Carolina State Lab of Public Health,State_PHL
37049,Craven County,North Carolina,104167,35.116829,-77.08132,160.63777772094366,PHL_NC,North Carolina State Lab of Public Health,State_PHL
37051,Cumberland County,North Carolina,338430,35.050192,-78.828719,83.81407220184349,PHL_NC,North Carolina State Lab of Public Health,State_PHL
37053,Currituck County,North Carolina,32278,36.372174,-75.941224,187.65144390722065,PHL_VA,Virginia Division of Consolidated Lab Services,State_PHL
37055,Dare County,North Carolina,38183,35.606269,-75.767536,261.1373533821116,PHL_NC,North Carolina State Lab of Public Health,State_PHL
37057,Davidson County,North Carolina,177809,35.795131,-80.207107,140.3862836038734,PHL_NC,North Carolina State Lab of Public Health,State_PHL
37059,Davie County,North Carolina,45383,35.929355,-80.542552,171.1991611383155,PHL_NC,North Carolina State Lab of Public Health,State_PHL
37061,Duplin County,North Carolina,50539,34.934403,-77.933543,115.2218365763406,PHL_NC,North Carolina State Lab of Public Health,State_PHL
37063,Durham County,North Carolina,343628,36.033828,-78.878125,33.99692391126387,PHL_NC,North Carolina State Lab of Public Health,State_PHL
37065,Edgecombe County,North Carolina,49124,35.917077,-77.602742,95.49412171743329,PHL_NC,North Carolina State Lab of Public Health,State_PHL
37067,Forsyth County,North Carolina,398143,36.132466,-80.256961,149.50822862952148,PHL_NC,North Carolina State Lab of Public Health,State_PHL
37069,Franklin County,North Carolina,79771,36.088247,-78.283082,46.859768500966794,PHL_NC,North Carolina State Lab of Public Health,State_PHL
37071,Gaston County,North Carolina,242010,35.292834,-81.177364,142.8246143066241,PHL_SC,South Carolina Public Health Laboratory,State_PHL
37073,Gates County,North Carolina,10299,36.442135,-76.702355,139.2538810639653,PHL_VA,Virginia Division of Consolidated Lab Services,State_PHL
37075,Graham County,North Carolina,8179,35.348364,-83.830915,179.13009668189986,FED_CDC,CDC NCIRD Influenza Division,Federal_HQ
37077,Granville County,North Carolina,61544,36.299884,-78.657634,56.71713977205946,PHL_NC,North Carolina State Lab of Public Health,State_PHL
37079,Greene County,North Carolina,20671,35.481959,-77.681688,94.01887980165363,PHL_NC,North Carolina State Lab of Public Health,State_PHL
37081,Guilford County,North Carolina,558816,36.079065,-79.788665,107.38922015025571,PHL_NC,North Carolina State Lab of Public Health,State_PHL
37083,Halifax County,North Carolina,46992,36.251438,-77.644842,104.00170948408227,PHL_NC,North Carolina State Lab of Public Health,State_PHL
37085,Harnett County,North Carolina,146096,35.36866,-78.871665,50.92149560385552,PHL_NC,North Carolina State Lab of Public Health,State_PHL
37087,Haywood County,North Carolina,63048,35.558882,-82.981307,229.130642709522,FED_CDC,CDC NCIRD Influenza Division,Federal_HQ
37089,Henderson County,North Carolina,120771,35.336427,-82.479583,205.04176347290138,PHL_SC,South Carolina Public Health Laboratory,State_PHL
37091,Hertford County,North Carolina,19169,36.363517,-76.981616,137.09244623591107,PHL_VA,Virginia Division of Consolidated Lab Services,State_PHL
37093,Hoke County,North Carolina,55382,35.017233,-79.241964,101.2571269443506,PHL_NC,North Carolina State Lab of Public Health,State_PHL
37095,Hyde County,North Carolina,4583,35.408157,-76.153687,229.7054349840342,PHL_NC,North Carolina State Lab of Public Health,State_PHL
37097,Iredell County,North Carolina,206361,35.806251,-80.874524,197.62235754544076,PHL_SC,South Carolina Public Health Laboratory,State_PHL
37099,Jackson County,North Carolina,45281,35.285454,-83.123966,196.38692161421872,FED_CDC,CDC NCIRD Influenza Division,Federal_HQ
37101,Johnston County,North Carolina,249794,35.513419,-78.367348,39.99864207316015,PHL_NC,North Carolina State Lab of Public Health,State_PHL
37103,Jones County,North Carolina,9462,35.032268,-77.356195,144.4186776008734,PHL_NC,North Carolina State Lab of Public Health,State_PHL
37105,Lee County,North Carolina,68537,35.476336,-79.172117,58.621622964827296,PHL_NC,North Carolina State Lab of Public Health,State_PHL
37107,Lenoir County,North Carolina,55332,35.240066,-77.635514,110.35496588338474,PHL_NC,North Carolina State Lab of Public Health,State_PHL
37109,Lincoln County,North Carolina,97611,35.488491,-81.226893,165.03445113306455,PHL_SC,South Carolina Public Health Laboratory,State_PHL
37111,McDowell County,North Carolina,45269,35.682268,-82.048045,211.6612324636026,PHL_SC,South Carolina Public Health Laboratory,State_PHL
37113,Macon County,North Carolina,38717,35.152959,-83.421901,170.48089007169662,FED_CDC,CDC NCIRD Influenza Division,Federal_HQ
37115,Madison County,North Carolina,22352,35.864206,-82.712631,262.6520882428209,PHL_SC,South Carolina Public Health Laboratory,State_PHL
37117,Martin County,North Carolina,21523,35.847301,-77.119602,138.19107461163975,PHL_NC,North Carolina State Lab of Public Health,State_PHL
37119,Mecklenburg County,North Carolina,1206285,35.246862,-80.833832,135.5368422179245,PHL_SC,South Carolina Public Health Laboratory,State_PHL
37121,Mitchell County,North Carolina,15030,36.013102,-82.163554,248.8902808748962,PHL_SC,South Carolina Public Health Laboratory,State_PHL
37123,Montgomery County,North Carolina,26364,35.327548,-79.910752,125.04371584277258,PHL_NC,North Carolina State Lab of Public Health,State_PHL
37125,Moore County,North Carolina,108417,35.308273,-79.492723,93.12062090868177,PHL_NC,North Carolina State Lab of Public Health,State_PHL
37127,Nash County,North Carolina,97990,35.965945,-77.987555,62.868041430843064,PHL_NC,North Carolina State Lab of Public Health,State_PHL
37129,New Hanover County,North Carolina,243333,34.183445,-77.864204,192.45335754149124,PHL_NC,North Carolina State Lab of Public Health,State_PHL
37131,Northampton County,North Carolina,16580,36.421774,-77.398352,123.57734704590513,PHL_VA,Virginia Division of Consolidated Lab Services,State_PHL
37133,Onslow County,North Carolina,212954,34.763109,-77.499469,154.7685908237595,PHL_NC,North Carolina State Lab of Public Health,State_PHL
37135,Orange County,North Carolina,152877,36.062525,-79.120033,52.01739446835052,PHL_NC,North Carolina State Lab of Public Health,State_PHL
37137,Pamlico County,North Carolina,12550,35.147575,-76.665268,193.4550457637563,PHL_NC,North Carolina State Lab of Public Health,State_PHL
37139,Pasquotank County,North Carolina,41418,36.265199,-76.260691,177.48472463135772,PHL_VA,Virginia Division of Consolidated Lab Services,State_PHL
37141,Pender County,North Carolina,70077,34.512556,-77.888106,158.04286523741018,PHL_NC,North Carolina State Lab of Public Health,State_PHL
37143,Perquimans County,North Carolina,13460,36.180897,-76.403244,177.93096642637036,PHL_VA,Virginia Division of Consolidated Lab Services,State_PHL
37145,Person County,North Carolina,40143,36.386357,-78.965633,72.11622620035405,PHL_NC,North Carolina State Lab of Public Health,State_PHL
37147,Pitt County,North Carolina,180783,35.59249,-77.372739,117.47225740100701,PHL_NC,North Carolina State Lab of Public Health,State_PHL
37149,Polk County,North Carolina,20320,35.277901,-82.167621,181.01563136719918,PHL_SC,South Carolina Public Health Laboratory,State_PHL
37151,Randolph County,North Carolina,148389,35.709915,-79.806215,104.66149239587497,PHL_NC,North Carolina State Lab of Public Health,State_PHL
37153,Richmond County,North Carolina,41990,35.004636,-79.755695,132.8750925795308,PHL_NC,North Carolina State Lab of Public Health,State_PHL
37155,Robeson County,North Carolina,118624,34.63921,-79.100881,134.32384684501815,PHL_NC,North Carolina State Lab of Public Health,State_PHL
37157,Rockingham County,North Carolina,93517,36.381806,-79.782754,121.16964581801136,PHL_NC,North Carolina State Lab of Public Health,State_PHL
37159,Rowan County,North Carolina,153384,35.641355,-80.521721,169.72854691851904,PHL_NC,North Carolina State Lab of Public Health,State_PHL
37161,Rutherford County,North Carolina,65587,35.402747,-81.919582,179.01761209256614,PHL_SC,South Carolina Public Health Laboratory,State_PHL
37163,Sampson County,North Carolina,60404,34.989298,-78.371261,92.54886630044362,PHL_NC,North Carolina State Lab of Public Health,State_PHL
37165,Scotland County,North Carolina,33898,34.840023,-79.477337,129.54102128864596,PHL_NC,North Carolina State Lab of Public Health,State_PHL
37167,Stanly County,North Carolina,67326,35.310449,-80.254374,154.15959019781175,PHL_SC,South Carolina Public Health Laboratory,State_PHL
37169,Stokes County,North Carolina,45857,36.393797,-80.269921,160.24725138195578,PHL_NC,North Carolina State Lab of Public Health,State_PHL
37171,Surry County,North Carolina,71547,36.415416,-80.686463,195.678012070061,PHL_NC,North Carolina State Lab of Public Health,State_PHL
37173,Swain County,North Carolina,13945,35.568849,-83.465614,211.70436726983598,FED_CDC,CDC NCIRD Influenza Division,Federal_HQ
37175,Transylvania County,North Carolina,34103,35.210103,-82.816666,205.68892622763627,FED_CDC,CDC NCIRD Influenza Division,Federal_HQ
37177,Tyrrell County,North Carolina,3517,35.87042,-76.165345,218.5455645283813,PHL_VA,Virginia Division of Consolidated Lab Services,State_PHL
37179,Union County,North Carolina,263386,34.99182,-80.530426,112.22397403222672,PHL_SC,South Carolina Public Health Laboratory,State_PHL
37181,Vance County,North Carolina,42337,36.365481,-78.405434,67.69434185949399,PHL_NC,North Carolina State Lab of Public Health,State_PHL
37183,Wake County,North Carolina,1232444,35.789846,-78.650624,0.0,PHL_NC,North Carolina State Lab of Public Health,State_PHL
37185,Warren County,North Carolina,19081,36.398105,-78.099899,83.80376063334272,PHL_NC,North Carolina State Lab of Public Health,State_PHL
37187,Washington County,North Carolina,10654,35.844713,-76.572291,187.49189061984467,PHL_NC,North Carolina State Lab of Public Health,State_PHL
37189,Watauga County,North Carolina,54997,36.235368,-81.709888,233.28092762471084,PHL_WV,West Virginia Office of Laboratory Services,State_PHL
37191,Wayne County,North Carolina,120338,35.35419,-78.00867,75.61569464795673,PHL_NC,North Carolina State Lab of Public Health,State_PHL
37193,Wilkes County,North Carolina,66186,36.208883,-81.166095,231.02991832018301,PHL_NC,North Carolina State Lab of Public Health,State_PHL
37195,Wilson County,North Carolina,79958,35.700357,-77.921598,66.54153752477553,PHL_NC,North Carolina State Lab of Public Health,State_PHL
37197,Yadkin County,North Carolina,37995,36.158765,-80.665164,185.86365109756042,PHL_NC,North Carolina State Lab of Public Health,State_PHL
37199,Yancey County,North Carolina,18993,35.889326,-82.303954,243.305884460695,PHL_SC,South Carolina Public Health Laboratory,State_PHL
38001,Adams County,North Dakota,2141,46.096815,-102.533198,185.82427609336574,PHL_ND,North Dakota Public Health Laboratory,State_PHL
38003,Barnes County,North Dakota,10798,46.94255,-98.070195,182.124605827112,PHL_ND,North Dakota Public Health Laboratory,State_PHL
38005,Benson County,North Dakota,5756,48.071743,-99.351152,147.7137431648992,PHL_ND,North Dakota Public Health Laboratory,State_PHL
38007,Billings County,North Dakota,1063,47.007044,-103.364016,219.5413577592024,PHL_ND,North Dakota Public Health Laboratory,State_PHL
38009,Bottineau County,North Dakota,6391,48.794412,-100.831257,203.6768045970024,PHL_ND,North Dakota Public Health Laboratory,State_PHL
38011,Bowman County,North Dakota,2886,46.110144,-103.505943,251.4872867620689,PHL_ND,North Dakota Public Health Laboratory,State_PHL
38013,Burke County,North Dakota,2154,48.786453,-102.520087,252.5338091522506,PHL_ND,North Dakota Public Health Laboratory,State_PHL
38015,Burleigh County,North Dakota,103107,46.978829,-100.469533,0.0,PHL_ND,North Dakota Public Health Laboratory,State_PHL
38017,Cass County,North Dakota,200945,46.927003,-97.252375,244.2381383470268,PHL_ND,North Dakota Public Health Laboratory,State_PHL
38019,Cavalier County,North Dakota,3567,48.768439,-98.46379,248.93722394689237,PHL_ND,North Dakota Public Health Laboratory,State_PHL
38021,Dickey County,North Dakota,4930,46.107756,-98.496518,179.30018147184276,PHL_ND,North Dakota Public Health Laboratory,State_PHL
38023,Divide County,North Dakota,2124,48.814754,-103.509326,304.9704336335069,PHL_ND,North Dakota Public Health Laboratory,State_PHL
38025,Dunn County,North Dakota,4031,47.354557,-102.612322,167.284948006626,PHL_ND,North Dakota Public Health Laboratory,State_PHL
38027,Eddy County,North Dakota,2309,47.723436,-98.900474,144.31326841499742,PHL_ND,North Dakota Public Health Laboratory,State_PHL
38029,Emmons County,North Dakota,3209,46.284255,-100.237842,79.23325222671586,PHL_ND,North Dakota Public Health Laboratory,State_PHL
38031,Foster County,North Dakota,3323,47.471431,-98.872876,132.42632648905123,PHL_ND,North Dakota Public Health Laboratory,State_PHL
38033,Golden Valley County,North Dakota,1795,46.938924,-103.844612,256.1638565636534,PHL_ND,North Dakota Public Health Laboratory,State_PHL
38035,Grand Forks County,North Dakota,73771,47.926003,-97.450851,250.19703515654834,PHL_ND,North Dakota Public Health Laboratory,State_PHL
38037,Grant County,North Dakota,2247,46.357827,-101.639049,112.83321451895036,PHL_ND,North Dakota Public Health Laboratory,State_PHL
38039,Griggs County,North Dakota,2227,47.456334,-98.232286,177.10732829033753,PHL_ND,North Dakota Public Health Laboratory,State_PHL
38041,Hettinger County,North Dakota,2419,46.435704,-102.454238,162.93182343814834,PHL_ND,North Dakota Public Health Laboratory,State_PHL
38043,Kidder County,North Dakota,2371,46.938273,-99.731198,56.2158378998355,PHL_ND,North Dakota Public Health Laboratory,State_PHL
38045,LaMoure County,North Dakota,4051,46.464195,-98.526057,158.81175688912987,PHL_ND,North Dakota Public Health Laboratory,State_PHL
38047,Logan County,North Dakota,1880,46.469278,-99.504585,92.84512728653702,PHL_ND,North Dakota Public Health Laboratory,State_PHL
38049,McHenry County,North Dakota,5135,48.233842,-100.633267,140.08980849645206,PHL_ND,North Dakota Public Health Laboratory,State_PHL
38051,McIntosh County,North Dakota,2461,46.108682,-99.416487,125.8859027835645,PHL_ND,North Dakota Public Health Laboratory,State_PHL
38053,McKenzie County,North Dakota,14782,47.742475,-103.403215,236.7034668408423,PHL_ND,North Dakota Public Health Laboratory,State_PHL
38055,McLean County,North Dakota,9845,47.653206,-101.421914,103.81390865258517,PHL_ND,North Dakota Public Health Laboratory,State_PHL
38057,Mercer County,North Dakota,8348,47.307147,-101.833328,109.41421774075711,PHL_ND,North Dakota Public Health Laboratory,State_PHL
38059,Morton County,North Dakota,34194,46.710029,-101.310041,70.56704290413454,PHL_ND,North Dakota Public Health Laboratory,State_PHL
38061,Mountrail County,North Dakota,9474,48.210073,-102.364895,197.33081941353876,PHL_ND,North Dakota Public Health Laboratory,State_PHL
38063,Nelson County,North Dakota,3007,47.918667,-98.204428,199.8178529782374,PHL_ND,North Dakota Public Health Laboratory,State_PHL
38065,Oliver County,North Dakota,1882,47.118079,-101.33142,67.1119192441458,PHL_ND,North Dakota Public Health Laboratory,State_PHL
38067,Pembina County,North Dakota,6588,48.766896,-97.545405,295.0862007022522,PHL_ND,North Dakota Public Health Laboratory,State_PHL
38069,Pierce County,North Dakota,3853,48.238883,-99.966497,145.09685083327543,PHL_ND,North Dakota Public Health Laboratory,State_PHL
38071,Ramsey County,North Dakota,11510,48.266163,-98.739031,193.1514047968192,PHL_ND,North Dakota Public Health Laboratory,State_PHL
38073,Ransom County,North Dakota,5590,46.449276,-97.647554,223.0448416954465,PHL_ND,North Dakota Public Health Laboratory,State_PHL
38075,Renville County,North Dakota,2376,48.712781,-101.658152,212.22509146838553,PHL_ND,North Dakota Public Health Laboratory,State_PHL
38077,Richland County,North Dakota,16658,46.265219,-96.93796,281.1063565501964,PHL_ND,North Dakota Public Health Laboratory,State_PHL
38079,Rolette County,North Dakota,11692,48.768271,-99.840463,204.43195463317088,PHL_ND,North Dakota Public Health Laboratory,State_PHL
38081,Sargent County,North Dakota,3710,46.108204,-97.630051,237.74631040746672,PHL_ND,North Dakota Public Health Laboratory,State_PHL
38083,Sheridan County,North Dakota,1268,47.581359,-100.330986,67.80854020742036,PHL_ND,North Dakota Public Health Laboratory,State_PHL
38085,Sioux County,North Dakota,3713,46.110618,-101.061284,106.62104913098202,PHL_ND,North Dakota Public Health Laboratory,State_PHL
38087,Slope County,North Dakota,660,46.445834,-103.462462,235.7413373854281,PHL_ND,North Dakota Public Health Laboratory,State_PHL
38089,Stark County,North Dakota,33767,46.817031,-102.662026,167.54761677730954,PHL_ND,North Dakota Public Health Laboratory,State_PHL
38091,Steele County,North Dakota,1767,47.451062,-97.71892,214.27175793330122,PHL_ND,North Dakota Public Health Laboratory,State_PHL
38093,Stutsman County,North Dakota,21546,46.972223,-98.956123,114.82220697594393,PHL_ND,North Dakota Public Health Laboratory,State_PHL
38095,Towner County,North Dakota,2051,48.682183,-99.248158,210.19880571210007,PHL_ND,North Dakota Public Health Laboratory,State_PHL
38097,Traill County,North Dakota,7989,47.446271,-97.164636,254.95991611738174,PHL_ND,North Dakota Public Health Laboratory,State_PHL
38099,Walsh County,North Dakota,10214,48.376979,-97.72223,257.80122004302604,PHL_ND,North Dakota Public Health Laboratory,State_PHL
38101,Ward County,North Dakota,68427,48.216686,-101.540537,159.3535365781228,PHL_ND,North Dakota Public Health Laboratory,State_PHL
38103,Wells County,North Dakota,3803,47.580851,-99.682213,89.49039562937172,PHL_ND,North Dakota Public Health Laboratory,State_PHL
38105,Williams County,North Dakota,40763,48.355765,-103.501333,273.7995604370531,PHL_ND,North Dakota Public Health Laboratory,State_PHL
39001,Adams County,Ohio,27671,38.834468,-83.478082,132.52587324972473,PHL_OH,Ohio Department of Health Laboratory,State_PHL
39003,Allen County,Ohio,100866,40.771627,-84.106103,128.77961387840205,PHL_OH,Ohio Department of Health Laboratory,State_PHL
39005,Ashland County,Ohio,52420,40.843273,-82.270127,115.52631181474469,PHL_OH,Ohio Department of Health Laboratory,State_PHL
39007,Ashtabula County,Ohio,96906,41.906637,-80.745592,287.2547457712924,PHL_OH,Ohio Department of Health Laboratory,State_PHL
39009,Athens County,Ohio,63218,39.332755,-82.045885,108.71447335985648,PHL_OH,Ohio Department of Health Laboratory,State_PHL
39011,Auglaize County,Ohio,45922,40.561309,-84.224018,122.27399943362109,PHL_OH,Ohio Department of Health Laboratory,State_PHL
39013,Belmont County,Ohio,64692,40.017682,-80.967727,173.9767416138819,PHL_OH,Ohio Department of Health Laboratory,State_PHL
39015,Brown County,Ohio,44292,38.931377,-83.866772,116.54536265813064,PHL_KY,Kentucky Division of Laboratory Services,State_PHL
39017,Butler County,Ohio,399542,39.439747,-84.565734,136.51761737058678,PHL_KY,Kentucky Division of Laboratory Services,State_PHL
39019,Carroll County,Ohio,26460,40.579884,-81.090787,176.3062069280012,PHL_OH,Ohio Department of Health Laboratory,State_PHL
39021,Champaign County,Ohio,38907,40.132775,-83.767604,67.05478184974014,PHL_OH,Ohio Department of Health Laboratory,State_PHL
39023,Clark County,Ohio,134985,39.917032,-83.783676,66.29507612201891,PHL_OH,Ohio Department of Health Laboratory,State_PHL
39025,Clermont County,Ohio,214123,39.052054,-84.149485,110.2636763831783,PHL_KY,Kentucky Division of Laboratory Services,State_PHL
39027,Clinton County,Ohio,42019,39.416681,-83.804583,91.74063707143313,PHL_OH,Ohio Department of Health Laboratory,State_PHL
39029,Columbiana County,Ohio,99823,40.770073,-80.778455,208.86325697828366,PHL_OH,Ohio Department of Health Laboratory,State_PHL
39031,Coshocton County,Ohio,37003,40.29671,-81.930109,98.6640682530041,PHL_OH,Ohio Department of Health Laboratory,State_PHL
39033,Crawford County,Ohio,41626,40.848524,-82.924783,97.96167757925487,PHL_OH,Ohio Department of Health Laboratory,State_PHL
39035,Cuyahoga County,Ohio,1240594,41.555037,-81.604957,212.24998603996193,PHL_OH,Ohio Department of Health Laboratory,State_PHL
39037,Darke County,Ohio,51462,40.131467,-84.621191,134.78342232328694,PHL_IN,Indiana Department of Health Laboratories,State_PHL
39039,Defiance County,Ohio,38644,41.321679,-84.486433,142.83957763316312,ISC_MI,Michigan Dept of Health & Human Services Lab,ISC_StatePHL
39041,Delaware County,Ohio,237966,40.278941,-83.007462,34.36684858950838,PHL_OH,Ohio Department of Health Laboratory,State_PHL
39043,Erie County,Ohio,73841,41.394143,-82.586835,162.32388460103002,PHL_OH,Ohio Department of Health Laboratory,State_PHL
39045,Fairfield County,Ohio,167762,39.747694,-82.626685,40.935790530359554,PHL_OH,Ohio Department of Health Laboratory,State_PHL
39047,Fayette County,Ohio,28782,39.555246,-83.461893,60.1964671398398,PHL_OH,Ohio Department of Health Laboratory,State_PHL
39049,Franklin County,Ohio,1356303,39.969875,-83.009086,0.0,PHL_OH,Ohio Department of Health Laboratory,State_PHL
39051,Fulton County,Ohio,42028,41.597264,-84.124267,113.77031173739785,ISC_MI,Michigan Dept of Health & Human Services Lab,ISC_StatePHL
39053,Gallia County,Ohio,28886,38.817046,-82.301746,86.79503603565654,PHL_WV,West Virginia Office of Laboratory Services,State_PHL
39055,Geauga County,Ohio,95362,41.499322,-81.173505,229.86315408268933,PHL_OH,Ohio Department of Health Laboratory,State_PHL
39057,Greene County,Ohio,172347,39.687479,-83.894894,81.9005643393833,PHL_OH,Ohio Department of Health Laboratory,State_PHL
39059,Guernsey County,Ohio,38219,40.056665,-81.497875,129.06006199523202,PHL_OH,Ohio Department of Health Laboratory,State_PHL
39061,Hamilton County,Ohio,837359,39.196927,-84.544187,110.6152503126189,PHL_KY,Kentucky Division of Laboratory Services,State_PHL
39063,Hancock County,Ohio,75016,41.000217,-83.665947,127.32545327599345,PHL_OH,Ohio Department of Health Laboratory,State_PHL
39065,Hardin County,Ohio,30402,40.660415,-83.664077,94.76156864401797,PHL_OH,Ohio Department of Health Laboratory,State_PHL
39067,Harrison County,Ohio,14042,40.292318,-81.091565,166.91338738057635,PHL_OH,Ohio Department of Health Laboratory,State_PHL
39069,Henry County,Ohio,27536,41.331584,-84.0689,143.66308208543128,ISC_MI,Michigan Dept of Health & Human Services Lab,ISC_StatePHL
39071,Highland County,Ohio,43785,39.184422,-83.601359,101.0175323183042,PHL_OH,Ohio Department of Health Laboratory,State_PHL
39073,Hocking County,Ohio,27429,39.490342,-82.483447,69.74027498216604,PHL_OH,Ohio Department of Health Laboratory,State_PHL
39075,Holmes County,Ohio,44668,40.565597,-81.930001,113.00416592199079,PHL_OH,Ohio Department of Health Laboratory,State_PHL
39077,Huron County,Ohio,58168,41.14508,-82.594641,135.28555166203563,PHL_OH,Ohio Department of Health Laboratory,State_PHL
39079,Jackson County,Ohio,32723,39.013477,-82.614142,111.61579943453576,PHL_OH,Ohio Department of Health Laboratory,State_PHL
39081,Jefferson County,Ohio,63900,40.399384,-80.763527,196.64054363575337,PHL_OH,Ohio Department of Health Laboratory,State_PHL
39083,Knox County,Ohio,63848,40.40362,-82.422393,69.3535015733586,PHL_OH,Ohio Department of Health Laboratory,State_PHL
39085,Lake County,Ohio,232360,41.778142,-81.19733,252.24458769942476,PHL_OH,Ohio Department of Health Laboratory,State_PHL
39087,Lawrence County,Ohio,55829,38.603866,-82.517186,91.7861951202127,PHL_WV,West Virginia Office of Laboratory Services,State_PHL
39089,Licking County,Ohio,184898,40.091505,-82.483435,46.753756638702306,PHL_OH,Ohio Department of Health Laboratory,State_PHL
39091,Logan County,Ohio,46085,40.387553,-83.766343,79.34622014012321,PHL_OH,Ohio Department of Health Laboratory,State_PHL
39093,Lorain County,Ohio,322030,41.438805,-82.179722,177.6678519447815,PHL_OH,Ohio Department of Health Laboratory,State_PHL
39095,Lucas County,Ohio,426291,41.682321,-83.468903,126.7227011748576,ISC_MI,Michigan Dept of Health & Human Services Lab,ISC_StatePHL
39097,Madison County,Ohio,45531,39.89661,-83.400887,34.38529166761321,PHL_OH,Ohio Department of Health Laboratory,State_PHL
39099,Mahoning County,Ohio,225786,41.01088,-80.770396,221.88845026247085,PHL_OH,Ohio Department of Health Laboratory,State_PHL
39101,Marion County,Ohio,64976,40.588034,-83.168803,70.05874082031946,PHL_OH,Ohio Department of Health Laboratory,State_PHL
39103,Medina County,Ohio,184625,41.116174,-81.899764,158.2157628854989,PHL_OH,Ohio Department of Health Laboratory,State_PHL
39105,Meigs County,Ohio,21491,39.089807,-82.028397,95.35933948602231,PHL_WV,West Virginia Office of Laboratory Services,State_PHL
39107,Mercer County,Ohio,42648,40.535333,-84.632059,151.40218894399658,PHL_OH,Ohio Department of Health Laboratory,State_PHL
39109,Miami County,Ohio,111950,40.053326,-84.228413,104.25786755302879,PHL_OH,Ohio Department of Health Laboratory,State_PHL
39111,Monroe County,Ohio,13051,39.726253,-81.090983,159.89693715810034,PHL_WV,West Virginia Office of Laboratory Services,State_PHL
39113,Montgomery County,Ohio,537443,39.753736,-84.290591,111.98769833257695,PHL_OH,Ohio Department of Health Laboratory,State_PHL
39115,Morgan County,Ohio,13532,39.624946,-81.861697,105.25962694588051,PHL_OH,Ohio Department of Health Laboratory,State_PHL
39117,Morrow County,Ohio,35927,40.525266,-82.797729,64.30901196474606,PHL_OH,Ohio Department of Health Laboratory,State_PHL
39119,Muskingum County,Ohio,86582,39.966046,-81.943506,90.809410090452,PHL_OH,Ohio Department of Health Laboratory,State_PHL
39121,Noble County,Ohio,14269,39.767232,-81.452493,134.7414421372592,PHL_OH,Ohio Department of Health Laboratory,State_PHL
39123,Ottawa County,Ohio,39692,41.545495,-83.012613,162.67162267984781,ISC_MI,Michigan Dept of Health & Human Services Lab,ISC_StatePHL
39125,Paulding County,Ohio,18755,41.118948,-84.582125,165.9772232901166,ISC_MI,Michigan Dept of Health & Human Services Lab,ISC_StatePHL
39127,Perry County,Ohio,35682,39.743187,-82.237952,70.48417863982695,PHL_OH,Ohio Department of Health Laboratory,State_PHL
39129,Pickaway County,Ohio,62158,39.648947,-83.052827,35.880621781363864,PHL_OH,Ohio Department of Health Laboratory,State_PHL
39131,Pike County,Ohio,27065,39.071341,-83.052911,99.98310898346142,PHL_OH,Ohio Department of Health Laboratory,State_PHL
39133,Portage County,Ohio,163839,41.16897,-81.196962,202.98347123575925,PHL_OH,Ohio Department of Health Laboratory,State_PHL
39135,Preble County,Ohio,40801,39.73881,-84.644758,127.54356788077374,PHL_IN,Indiana Department of Health Laboratories,State_PHL
39137,Putnam County,Ohio,34206,41.024533,-84.129879,150.77605821105536,PHL_OH,Ohio Department of Health Laboratory,State_PHL
39139,Richland County,Ohio,124853,40.774159,-82.542781,97.76767391953732,PHL_OH,Ohio Department of Health Laboratory,State_PHL
39141,Ross County,Ohio,76046,39.323895,-83.059538,71.95946390333434,PHL_OH,Ohio Department of Health Laboratory,State_PHL
39143,Sandusky County,Ohio,58866,41.355319,-83.142776,154.46643672461315,PHL_OH,Ohio Department of Health Laboratory,State_PHL
39145,Scioto County,Ohio,71798,38.814889,-82.998675,128.4316993330019,PHL_OH,Ohio Department of Health Laboratory,State_PHL
39147,Seneca County,Ohio,54730,41.119992,-83.127547,128.2782525036623,PHL_OH,Ohio Department of Health Laboratory,State_PHL
39149,Shelby County,Ohio,47952,40.33668,-84.204142,109.44869175910206,PHL_OH,Ohio Department of Health Laboratory,State_PHL
39151,Stark County,Ohio,374091,40.814131,-81.365667,167.87576209976288,PHL_OH,Ohio Department of Health Laboratory,State_PHL
39153,Summit County,Ohio,538370,41.121847,-81.534928,178.6645036877948,PHL_OH,Ohio Department of Health Laboratory,State_PHL
39155,Trumbull County,Ohio,200300,41.306374,-80.7704,240.334815428131,PHL_OH,Ohio Department of Health Laboratory,State_PHL
39157,Tuscarawas County,Ohio,92048,40.447439,-81.471166,140.97985881744395,PHL_OH,Ohio Department of Health Laboratory,State_PHL
39159,Union County,Ohio,71721,40.295901,-83.367042,47.33178542732008,PHL_OH,Ohio Department of Health Laboratory,State_PHL
39161,Van Wert County,Ohio,28887,40.85552,-84.585775,165.87794261425643,PHL_OH,Ohio Department of Health Laboratory,State_PHL
39163,Vinton County,Ohio,12545,39.252042,-82.485961,91.53815291013535,PHL_OH,Ohio Department of Health Laboratory,State_PHL
39165,Warren County,Ohio,256059,39.425663,-84.16994,116.29971492536089,PHL_OH,Ohio Department of Health Laboratory,State_PHL
39167,Washington County,Ohio,58332,39.450676,-81.490636,124.860744709148,PHL_WV,West Virginia Office of Laboratory Services,State_PHL
39169,Wayne County,Ohio,116632,40.829661,-81.887194,134.7763762374734,PHL_OH,Ohio Department of Health Laboratory,State_PHL
39171,Williams County,Ohio,36554,41.564959,-84.584324,116.78352130088646,ISC_MI,Michigan Dept of Health & Human Services Lab,ISC_StatePHL
39173,Wood County,Ohio,133077,41.360183,-83.622682,151.55342322428993,ISC_MI,Michigan Dept of Health & Human Services Lab,ISC_StatePHL
39175,Wyandot County,Ohio,21394,40.839782,-83.313681,100.10835041037802,PHL_OH,Ohio Department of Health Laboratory,State_PHL
40001,Adair County,Oklahoma,19821,35.898043,-94.651026,246.373737850715,PHL_AR,Arkansas Department of Health Lab,State_PHL
40003,Alfalfa County,Oklahoma,5712,36.729703,-98.323445,154.3023803542189,PHL_OK,Oklahoma Public Health Laboratory,State_PHL
40005,Atoka County,Oklahoma,14600,34.392469,-96.036558,179.8443824152648,PHL_OK,Oklahoma Public Health Laboratory,State_PHL
40007,Beaver County,Oklahoma,5025,36.748334,-100.483056,306.2099366617267,PHL_OK,Oklahoma Public Health Laboratory,State_PHL
40009,Beckham County,Oklahoma,22248,35.270601,-99.690057,209.07567558592945,PHL_OK,Oklahoma Public Health Laboratory,State_PHL
40011,Blaine County,Oklahoma,8573,35.877795,-98.429031,98.81866098828331,PHL_OK,Oklahoma Public Health Laboratory,State_PHL
40013,Bryan County,Oklahoma,50305,33.964004,-96.265135,205.443768689722,PHL_OK,Oklahoma Public Health Laboratory,State_PHL
40015,Caddo County,Oklahoma,26337,35.16792,-98.381045,98.04137689836885,PHL_OK,Oklahoma Public Health Laboratory,State_PHL
40017,Canadian County,Oklahoma,181760,35.543354,-97.979889,51.62731321965598,PHL_OK,Oklahoma Public Health Laboratory,State_PHL
40019,Carter County,Oklahoma,49135,34.251848,-97.287927,145.28352979405756,PHL_OK,Oklahoma Public Health Laboratory,State_PHL
40021,Cherokee County,Oklahoma,48729,35.904367,-94.996796,221.2157189332662,PHL_OK,Oklahoma Public Health Laboratory,State_PHL
40023,Choctaw County,Oklahoma,14174,34.027699,-95.554079,239.84610356725997,PHL_OK,Oklahoma Public Health Laboratory,State_PHL
40025,Cimarron County,Oklahoma,2133,36.74839,-102.517698,393.492069704355,ISC_CO,Colorado Dept of Public Health & Env Lab,ISC_StatePHL
40027,Cleveland County,Oklahoma,303952,35.206376,-97.323088,39.50471971598844,PHL_OK,Oklahoma Public Health Laboratory,State_PHL
40029,Coal County,Oklahoma,5414,34.582861,-96.288039,148.62666884591854,PHL_OK,Oklahoma Public Health Laboratory,State_PHL
40031,Comanche County,Oklahoma,121396,34.66263,-98.476612,138.78418636123916,PHL_OK,Oklahoma Public Health Laboratory,State_PHL
40033,Cotton County,Oklahoma,5503,34.290676,-98.373438,165.76093725168502,PHL_OK,Oklahoma Public Health Laboratory,State_PHL
40035,Craig County,Oklahoma,14506,36.76389,-95.201553,239.5077064202815,PHL_OK,Oklahoma Public Health Laboratory,State_PHL
40037,Creek County,Oklahoma,73971,35.907398,-96.380177,100.84413753349992,PHL_OK,Oklahoma Public Health Laboratory,State_PHL
40039,Custer County,Oklahoma,28266,35.645601,-98.997386,143.92824946996382,PHL_OK,Oklahoma Public Health Laboratory,State_PHL
40041,Delaware County,Oklahoma,41771,36.393437,-94.808189,251.96590133832657,PHL_OK,Oklahoma Public Health Laboratory,State_PHL
40043,Dewey County,Oklahoma,4268,35.97796,-99.014385,152.2657456771906,PHL_OK,Oklahoma Public Health Laboratory,State_PHL
40045,Ellis County,Oklahoma,3601,36.224258,-99.750139,223.61758421682768,PHL_OK,Oklahoma Public Health Laboratory,State_PHL
40047,Garfield County,Oklahoma,62007,36.378132,-97.788741,97.72799648290467,PHL_OK,Oklahoma Public Health Laboratory,State_PHL
40049,Garvin County,Oklahoma,26149,34.70935,-97.312723,94.39901232339474,PHL_OK,Oklahoma Public Health Laboratory,State_PHL
40051,Grady County,Oklahoma,58353,35.021058,-97.88689,73.4715760249925,PHL_OK,Oklahoma Public Health Laboratory,State_PHL
40053,Grant County,Oklahoma,4123,36.788254,-97.788151,141.3246483152247,PHL_OK,Oklahoma Public Health Laboratory,State_PHL
40055,Greer County,Oklahoma,5433,34.933853,-99.552968,206.5331188356122,PHL_OK,Oklahoma Public Health Laboratory,State_PHL
40057,Harmon County,Oklahoma,2315,34.745971,-99.844194,238.9217613132696,PHL_OK,Oklahoma Public Health Laboratory,State_PHL
40059,Harper County,Oklahoma,3209,36.80035,-99.662805,245.13087166590753,PHL_OK,Oklahoma Public Health Laboratory,State_PHL
40061,Haskell County,Oklahoma,11811,35.232431,-95.109642,211.51306113253716,PHL_OK,Oklahoma Public Health Laboratory,State_PHL
40063,Hughes County,Oklahoma,13371,35.052934,-96.251183,118.98888156907971,PHL_OK,Oklahoma Public Health Laboratory,State_PHL
40065,Jackson County,Oklahoma,24541,34.594006,-99.412235,211.24919924863102,PHL_OK,Oklahoma Public Health Laboratory,State_PHL
40067,Jefferson County,Oklahoma,5374,34.105082,-97.83889,165.87835148252987,PHL_OK,Oklahoma Public Health Laboratory,State_PHL
40069,Johnston County,Oklahoma,10293,34.313455,-96.654254,154.22410203157565,PHL_OK,Oklahoma Public Health Laboratory,State_PHL
40071,Kay County,Oklahoma,43437,36.814885,-97.143862,142.14779782080936,PHL_OK,Oklahoma Public Health Laboratory,State_PHL
40073,Kingfisher County,Oklahoma,15820,35.949436,-97.934557,64.60073314116855,PHL_OK,Oklahoma Public Health Laboratory,State_PHL
40075,Kiowa County,Oklahoma,8257,34.921489,-98.981617,159.19708469933664,PHL_OK,Oklahoma Public Health Laboratory,State_PHL
40077,Latimer County,Oklahoma,9509,34.875137,-95.272262,208.32681158797598,PHL_OK,Oklahoma Public Health Laboratory,State_PHL
40079,Le Flore County,Oklahoma,49854,34.897356,-94.695074,217.86584829222272,PHL_AR,Arkansas Department of Health Lab,State_PHL
40081,Lincoln County,Oklahoma,34972,35.703117,-96.881392,50.49766650769376,PHL_OK,Oklahoma Public Health Laboratory,State_PHL
40083,Logan County,Oklahoma,53860,35.914277,-97.450952,40.168498958812584,PHL_OK,Oklahoma Public Health Laboratory,State_PHL
40085,Love County,Oklahoma,10423,33.957804,-97.245093,178.190097980079,PHL_OK,Oklahoma Public Health Laboratory,State_PHL
40087,McClain County,Oklahoma,48434,35.016436,-97.449803,59.95458424900157,PHL_OK,Oklahoma Public Health Laboratory,State_PHL
40089,McCurtain County,Oklahoma,30805,34.117073,-94.766086,236.3781274040229,PHL_AR,Arkansas Department of Health Lab,State_PHL
40091,McIntosh County,Oklahoma,19710,35.369108,-95.671787,158.71691259084278,PHL_OK,Oklahoma Public Health Laboratory,State_PHL
40093,Major County,Oklahoma,7569,36.313119,-98.542015,132.33196073817604,PHL_OK,Oklahoma Public Health Laboratory,State_PHL
40095,Marshall County,Oklahoma,16147,34.027007,-96.770533,179.59980325186805,PHL_OK,Oklahoma Public Health Laboratory,State_PHL
40097,Mayes County,Oklahoma,40144,36.303804,-95.235638,212.70843187118058,PHL_OK,Oklahoma Public Health Laboratory,State_PHL
40099,Murray County,Oklahoma,13754,34.485766,-97.071557,122.76717592319174,PHL_OK,Oklahoma Public Health Laboratory,State_PHL
40101,Muskogee County,Oklahoma,66752,35.617551,-95.383911,183.29223172458362,PHL_OK,Oklahoma Public Health Laboratory,State_PHL
40103,Noble County,Oklahoma,10896,36.384901,-97.236335,93.62846310526436,PHL_OK,Oklahoma Public Health Laboratory,State_PHL
40105,Nowata County,Oklahoma,9561,36.789615,-95.613312,211.77131847735177,PHL_OK,Oklahoma Public Health Laboratory,State_PHL
40107,Okfuskee County,Oklahoma,11364,35.466804,-96.327762,98.38801567728311,PHL_OK,Oklahoma Public Health Laboratory,State_PHL
40109,Oklahoma County,Oklahoma,816490,35.554611,-97.409401,0.0,PHL_OK,Oklahoma Public Health Laboratory,State_PHL
40111,Okmulgee County,Oklahoma,37084,35.6435,-95.965947,130.88063125301846,PHL_OK,Oklahoma Public Health Laboratory,State_PHL
40113,Osage County,Oklahoma,46495,36.624299,-96.408112,149.13742622747776,PHL_OK,Oklahoma Public Health Laboratory,State_PHL
40115,Ottawa County,Oklahoma,30404,36.835764,-94.802681,259.1414017284735,PHL_KS,Kansas Health and Environmental Laboratories,State_PHL
40117,Pawnee County,Oklahoma,16111,36.313704,-96.696669,106.0291806939765,PHL_OK,Oklahoma Public Health Laboratory,State_PHL
40119,Payne County,Oklahoma,84199,36.079225,-96.975255,70.25136598827696,PHL_OK,Oklahoma Public Health Laboratory,State_PHL
40121,Pittsburg County,Oklahoma,43395,34.92554,-95.74813,166.2959480819183,PHL_OK,Oklahoma Public Health Laboratory,State_PHL
40123,Pontotoc County,Oklahoma,38310,34.721421,-96.691804,113.31826668362083,PHL_OK,Oklahoma Public Health Laboratory,State_PHL
40125,Pottawatomie County,Oklahoma,74446,35.211391,-96.957004,56.02293439854893,PHL_OK,Oklahoma Public Health Laboratory,State_PHL
40127,Pushmataha County,Oklahoma,10800,34.377899,-95.408082,224.44100178349032,PHL_OK,Oklahoma Public Health Laboratory,State_PHL
40129,Roger Mills County,Oklahoma,3304,35.708554,-99.741572,211.46345076636797,PHL_OK,Oklahoma Public Health Laboratory,State_PHL
40131,Rogers County,Oklahoma,101371,36.377794,-95.601383,186.68993513087153,PHL_OK,Oklahoma Public Health Laboratory,State_PHL
40133,Seminole County,Oklahoma,23351,35.158366,-96.602857,85.3881799970828,PHL_OK,Oklahoma Public Health Laboratory,State_PHL
40135,Sequoyah County,Oklahoma,40555,35.502435,-94.750757,236.14113477632839,PHL_AR,Arkansas Department of Health Lab,State_PHL
40137,Stephens County,Oklahoma,44075,34.481361,-97.855607,126.06753502776337,PHL_OK,Oklahoma Public Health Laboratory,State_PHL
40139,Texas County,Oklahoma,20577,36.746317,-101.483855,389.04994698680974,PHL_OK,Oklahoma Public Health Laboratory,State_PHL
40141,Tillman County,Oklahoma,6736,34.371085,-98.931701,191.2092331885267,PHL_OK,Oklahoma Public Health Laboratory,State_PHL
40143,Tulsa County,Oklahoma,693514,36.120318,-95.941813,146.48486288302132,PHL_OK,Oklahoma Public Health Laboratory,State_PHL
40145,Wagoner County,Oklahoma,91257,35.963388,-95.514201,176.94325967946264,PHL_OK,Oklahoma Public Health Laboratory,State_PHL
40147,Washington County,Oklahoma,54060,36.704403,-95.906253,185.92625668628153,PHL_OK,Oklahoma Public Health Laboratory,State_PHL
40149,Washita County,Oklahoma,10839,35.289908,-98.992272,146.41590084356713,PHL_OK,Oklahoma Public Health Laboratory,State_PHL
40151,Woods County,Oklahoma,8582,36.726984,-98.863649,184.51457065201842,PHL_OK,Oklahoma Public Health Laboratory,State_PHL
40153,Woodward County,Oklahoma,19991,36.425619,-99.273661,193.6760368388873,PHL_OK,Oklahoma Public Health Laboratory,State_PHL
41001,Baker County,Oregon,16750,44.703427,-117.691933,180.96555499594646,PHL_ID,Idaho Bureau of Laboratories,State_PHL
41003,Benton County,Oregon,98899,44.493882,-123.424664,120.59956923902257,PHL_OR,Oregon State Public Health Laboratory,State_PHL
41005,Clackamas County,Oregon,425857,45.160493,-122.195127,82.96096507403273,PHL_OR,Oregon State Public Health Laboratory,State_PHL
41007,Clatsop County,Oregon,41043,46.024509,-123.705037,70.43171463964093,PHL_OR,Oregon State Public Health Laboratory,State_PHL
41009,Columbia County,Oregon,54063,45.941932,-123.081079,43.20605350093738,PHL_OR,Oregon State Public Health Laboratory,State_PHL
41011,Coos County,Oregon,64326,43.18591,-124.094133,274.92015347770166,PHL_OR,Oregon State Public Health Laboratory,State_PHL
41013,Crook County,Oregon,27336,44.163054,-120.371585,264.690107749456,PHL_OR,Oregon State Public Health Laboratory,State_PHL
41015,Curry County,Oregon,22774,42.466439,-124.210929,354.6185983283139,PHL_OR,Oregon State Public Health Laboratory,State_PHL
41017,Deschutes County,Oregon,211535,43.915118,-121.225575,234.62910404696854,PHL_OR,Oregon State Public Health Laboratory,State_PHL
41019,Douglas County,Oregon,112255,43.286328,-123.154476,252.14311586071958,PHL_OR,Oregon State Public Health Laboratory,State_PHL
41021,Gilliam County,Oregon,1971,45.382955,-120.276246,220.81914079953222,PHL_OR,Oregon State Public Health Laboratory,State_PHL
41023,Grant County,Oregon,7093,44.496326,-119.014057,250.22166523277602,PHL_ID,Idaho Bureau of Laboratories,State_PHL
41025,Harney County,Oregon,7402,43.064449,-118.987169,226.23238922542822,PHL_ID,Idaho Bureau of Laboratories,State_PHL
41027,Hood River County,Oregon,23764,45.511775,-121.655976,112.38711014469693,PHL_OR,Oregon State Public Health Laboratory,State_PHL
41029,Jackson County,Oregon,221331,42.411621,-122.675611,312.54424451659537,PHL_NV,Nevada State Public Health Laboratory,State_PHL
41031,Jefferson County,Oregon,25536,44.645151,-121.178632,181.34649404665637,PHL_OR,Oregon State Public Health Laboratory,State_PHL
41033,Josephine County,Oregon,88276,42.386983,-123.57162,354.1407549638867,PHL_OR,Oregon State Public Health Laboratory,State_PHL
41035,Klamath County,Oregon,70438,42.683761,-121.646168,272.4298818488544,PHL_NV,Nevada State Public Health Laboratory,State_PHL
41037,Lake County,Oregon,8194,42.788401,-120.38979,236.53896948233083,PHL_NV,Nevada State Public Health Laboratory,State_PHL
41039,Lane County,Oregon,382396,43.928334,-122.897581,181.40399802799524,PHL_OR,Oregon State Public Health Laboratory,State_PHL
41041,Lincoln County,Oregon,51212,44.641061,-123.911212,119.88631884474663,PHL_OR,Oregon State Public Health Laboratory,State_PHL
41043,Linn County,Oregon,132474,44.488898,-122.537208,126.3107721657327,PHL_OR,Oregon State Public Health Laboratory,State_PHL
41045,Malheur County,Oregon,32315,43.188625,-117.603191,113.74311014287245,PHL_ID,Idaho Bureau of Laboratories,State_PHL
41047,Marion County,Oregon,352867,44.900898,-122.57626,83.26751128368667,PHL_OR,Oregon State Public Health Laboratory,State_PHL
41049,Morrow County,Oregon,12360,45.425496,-119.602311,272.81621834245254,PHL_OR,Oregon State Public Health Laboratory,State_PHL
41051,Multnomah County,Oregon,795897,45.547711,-122.417363,52.97329516996699,PHL_OR,Oregon State Public Health Laboratory,State_PHL
41053,Polk County,Oregon,90549,44.900372,-123.39864,76.35927429722454,PHL_OR,Oregon State Public Health Laboratory,State_PHL
41055,Sherman County,Oregon,2002,45.399216,-120.678512,189.38972884652804,PHL_OR,Oregon State Public Health Laboratory,State_PHL
41057,Tillamook County,Oregon,27264,45.45589,-123.759299,52.69639531338299,PHL_OR,Oregon State Public Health Laboratory,State_PHL
41059,Umatilla County,Oregon,80491,45.5912,-118.73388,309.100606190461,PHL_ID,Idaho Bureau of Laboratories,State_PHL
41061,Union County,Oregon,26058,45.304081,-117.999149,248.75390521568457,PHL_ID,Idaho Bureau of Laboratories,State_PHL
41063,Wallowa County,Oregon,7522,45.593753,-117.18558,249.61847369245555,PHL_ID,Idaho Bureau of Laboratories,State_PHL
41065,Wasco County,Oregon,26507,45.164536,-121.165069,157.06347494746524,PHL_OR,Oregon State Public Health Laboratory,State_PHL
41067,Washington County,Oregon,611272,45.553542,-123.097615,0.0,PHL_OR,Oregon State Public Health Laboratory,State_PHL
41069,Wheeler County,Oregon,1456,44.736415,-120.026861,257.3800337530338,PHL_OR,Oregon State Public Health Laboratory,State_PHL
41071,Yamhill County,Oregon,110886,45.247827,-123.316399,38.04425267410527,PHL_OR,Oregon State Public Health Laboratory,State_PHL
42001,Adams County,Pennsylvania,107914,39.869437,-77.21775,81.9571097018093,PHL_MD,Maryland Laboratories Administration,State_PHL
42003,Allegheny County,Pennsylvania,1231814,40.469757,-79.980451,263.07170704463294,PHL_OH,Ohio Department of Health Laboratory,State_PHL
42005,Armstrong County,Pennsylvania,63679,40.81238,-79.464129,295.38447232816725,PHL_MD,Maryland Laboratories Administration,State_PHL
42007,Beaver County,Pennsylvania,165540,40.68414,-80.350721,238.92599001967614,PHL_OH,Ohio Department of Health Laboratory,State_PHL
42009,Bedford County,Pennsylvania,47643,39.998634,-78.494747,175.82895235812717,PHL_DC,DC Public Health Laboratory (DFS),State_PHL
42011,Berks County,Pennsylvania,439117,40.413957,-75.92686,51.178540456521375,PHL_PA,Pennsylvania Bureau of Laboratories,State_PHL
42013,Blair County,Pennsylvania,120269,40.498683,-78.309597,196.9023825385135,PHL_MD,Maryland Laboratories Administration,State_PHL
42015,Bradford County,Pennsylvania,59699,41.791504,-76.502123,211.7582969152302,PHL_PA,Pennsylvania Bureau of Laboratories,State_PHL
42017,Bucks County,Pennsylvania,650131,40.336887,-75.10706,34.73042619428526,PHL_NJ,New Jersey Public Health & Env Laboratories,State_PHL
42019,Butler County,Pennsylvania,199341,40.913847,-79.918978,281.7634578725682,PHL_OH,Ohio Department of Health Laboratory,State_PHL
42021,Cambria County,Pennsylvania,130108,40.510209,-78.710488,224.03014254291293,PHL_MD,Maryland Laboratories Administration,State_PHL
42023,Cameron County,Pennsylvania,4348,41.438291,-78.198323,262.8677517276956,PHL_PA,Pennsylvania Bureau of Laboratories,State_PHL
42025,Carbon County,Pennsylvania,65743,40.918367,-75.705039,105.0737328166516,PHL_PA,Pennsylvania Bureau of Laboratories,State_PHL
42027,Centre County,Pennsylvania,159805,40.909322,-77.847667,205.74898925153812,PHL_PA,Pennsylvania Bureau of Laboratories,State_PHL
42029,Chester County,Pennsylvania,560745,39.974029,-75.749751,0.0,PHL_PA,Pennsylvania Bureau of Laboratories,State_PHL
42031,Clarion County,Pennsylvania,36855,41.198159,-79.420369,318.42575222566205,PHL_MD,Maryland Laboratories Administration,State_PHL
42033,Clearfield County,Pennsylvania,78132,41.006862,-78.477724,247.3818729418481,PHL_MD,Maryland Laboratories Administration,State_PHL
42035,Clinton County,Pennsylvania,37865,41.239508,-77.629009,212.0481945429965,PHL_PA,Pennsylvania Bureau of Laboratories,State_PHL
42037,Columbia County,Pennsylvania,66012,41.045517,-76.40426,131.36484476563305,PHL_PA,Pennsylvania Bureau of Laboratories,State_PHL
42039,Crawford County,Pennsylvania,82089,41.687876,-80.107795,309.93860417358127,PHL_OH,Ohio Department of Health Laboratory,State_PHL
42041,Cumberland County,Pennsylvania,275516,40.164805,-77.263442,111.19363894804405,PHL_MD,Maryland Laboratories Administration,State_PHL
42043,Dauphin County,Pennsylvania,293029,40.412565,-76.792634,101.11489610006349,PHL_PA,Pennsylvania Bureau of Laboratories,State_PHL
42045,Delaware County,Pennsylvania,584882,39.916685,-75.398818,24.862199123202206,MUN_PHL,Philadelphia Public Health Laboratory,ELC_Direct_City
42047,Elk County,Pennsylvania,30124,41.427332,-78.653937,293.1142320660909,PHL_MD,Maryland Laboratories Administration,State_PHL
42049,Erie County,Pennsylvania,267750,42.117952,-80.096386,341.601358695599,PHL_OH,Ohio Department of Health Laboratory,State_PHL
42051,Fayette County,Pennsylvania,123941,39.918911,-79.640253,240.16181180034445,PHL_WV,West Virginia Office of Laboratory Services,State_PHL
42053,Forest County,Pennsylvania,6601,41.513304,-79.249705,332.38676220367483,PHL_MD,Maryland Laboratories Administration,State_PHL
42055,Franklin County,Pennsylvania,159285,39.926772,-77.724521,118.16590409295439,PHL_MD,Maryland Laboratories Administration,State_PHL
42057,Fulton County,Pennsylvania,14452,39.91075,-78.122617,146.2629407595285,PHL_MD,Maryland Laboratories Administration,State_PHL
42059,Greene County,Pennsylvania,33960,39.847707,-80.225655,202.72604867337418,PHL_WV,West Virginia Office of Laboratory Services,State_PHL
42061,Huntingdon County,Pennsylvania,43359,40.422311,-77.968595,170.31966075397003,PHL_MD,Maryland Laboratories Administration,State_PHL
42063,Indiana County,Pennsylvania,82953,40.651432,-79.087545,259.0810056646516,PHL_MD,Maryland Laboratories Administration,State_PHL
42065,Jefferson County,Pennsylvania,43367,41.138028,-79.012419,288.6994652351969,PHL_MD,Maryland Laboratories Administration,State_PHL
42067,Juniata County,Pennsylvania,23395,40.530673,-77.400438,152.52525480626113,PHL_MD,Maryland Laboratories Administration,State_PHL
42069,Lackawanna County,Pennsylvania,216859,41.436636,-75.608768,149.20460635652077,PHL_NJ,New Jersey Public Health & Env Laboratories,State_PHL
42071,Lancaster County,Pennsylvania,563293,40.041992,-76.250198,43.28790012043544,PHL_PA,Pennsylvania Bureau of Laboratories,State_PHL
42073,Lawrence County,Pennsylvania,84233,40.992735,-80.334446,253.17971544071005,PHL_OH,Ohio Department of Health Laboratory,State_PHL
42075,Lebanon County,Pennsylvania,145319,40.371448,-76.464819,75.12645262707281,PHL_PA,Pennsylvania Bureau of Laboratories,State_PHL
42077,Lehigh County,Pennsylvania,385655,40.614241,-75.590627,72.45622520606118,PHL_PA,Pennsylvania Bureau of Laboratories,State_PHL
42079,Luzerne County,Pennsylvania,331379,41.173078,-75.976053,134.69107580541836,PHL_PA,Pennsylvania Bureau of Laboratories,State_PHL
42081,Lycoming County,Pennsylvania,113236,41.343882,-77.055262,187.9538544816955,PHL_PA,Pennsylvania Bureau of Laboratories,State_PHL
42083,McKean County,Pennsylvania,39478,41.81459,-78.572463,313.3023317199427,PHL_PA,Pennsylvania Bureau of Laboratories,State_PHL
42085,Mercer County,Pennsylvania,108140,41.300014,-80.252786,275.60707071254507,PHL_OH,Ohio Department of Health Laboratory,State_PHL
42087,Mifflin County,Pennsylvania,45935,40.601615,-77.651832,169.77930878558362,PHL_MD,Maryland Laboratories Administration,State_PHL
42089,Monroe County,Pennsylvania,166523,41.05624,-75.329065,100.91375269344378,PHL_NJ,New Jersey Public Health & Env Laboratories,State_PHL
42091,Montgomery County,Pennsylvania,879190,40.209999,-75.370201,30.056517971082922,MUN_PHL,Philadelphia Public Health Laboratory,ELC_Direct_City
42093,Montour County,Pennsylvania,18115,41.029284,-76.665225,140.5677501173057,PHL_PA,Pennsylvania Bureau of Laboratories,State_PHL
42095,Northampton County,Pennsylvania,322989,40.752791,-75.307447,73.06824865495133,PHL_NJ,New Jersey Public Health & Env Laboratories,State_PHL
42097,Northumberland County,Pennsylvania,90027,40.851524,-76.709877,126.99461959830431,PHL_PA,Pennsylvania Bureau of Laboratories,State_PHL
42099,Perry County,Pennsylvania,46816,40.39778,-77.266328,134.29105399466047,PHL_MD,Maryland Laboratories Administration,State_PHL
42101,Philadelphia County,Pennsylvania,1573916,40.009376,-75.133346,0.0,MUN_PHL,Philadelphia Public Health Laboratory,ELC_Direct_City
42103,Pike County,Pennsylvania,62376,41.325949,-75.031514,107.93965257434384,MUN_NYC,NYC Public Health Laboratory,ELC_Direct_City
42105,Potter County,Pennsylvania,15993,41.748587,-77.894436,267.31168758830114,PHL_PA,Pennsylvania Bureau of Laboratories,State_PHL
42107,Schuylkill County,Pennsylvania,144523,40.703682,-76.217788,90.31187886630715,PHL_PA,Pennsylvania Bureau of Laboratories,State_PHL
42109,Snyder County,Pennsylvania,39627,40.755412,-77.07302,141.8358486821208,PHL_PA,Pennsylvania Bureau of Laboratories,State_PHL
42111,Somerset County,Pennsylvania,72134,39.981297,-79.028486,210.21130114542723,PHL_DC,DC Public Health Laboratory (DFS),State_PHL
42113,Sullivan County,Pennsylvania,5927,41.439285,-76.511717,175.12948230817304,PHL_PA,Pennsylvania Bureau of Laboratories,State_PHL
42115,Susquehanna County,Pennsylvania,38100,41.819665,-75.800969,173.05223948186728,NIRC_NY,Wadsworth Center (NYSDOH),NIRC_StatePHL
42117,Tioga County,Pennsylvania,40698,41.766858,-77.257288,236.2317248332755,PHL_PA,Pennsylvania Bureau of Laboratories,State_PHL
42119,Union County,Pennsylvania,42159,40.962179,-77.055475,155.79568908518425,PHL_PA,Pennsylvania Bureau of Laboratories,State_PHL
42121,Venango County,Pennsylvania,49476,41.400714,-79.765813,316.3519946386457,PHL_OH,Ohio Department of Health Laboratory,State_PHL
42123,Warren County,Pennsylvania,37373,41.834298,-79.298182,361.82880128754124,PHL_MD,Maryland Laboratories Administration,State_PHL
42125,Washington County,Pennsylvania,210434,40.200005,-80.252132,235.16674627149388,PHL_WV,West Virginia Office of Laboratory Services,State_PHL
42127,Wayne County,Pennsylvania,51419,41.646602,-75.292493,146.94014266021668,MUN_NYC,NYC Public Health Laboratory,ELC_Direct_City
42129,Westmoreland County,Pennsylvania,350935,40.311068,-79.466688,261.76228769173537,PHL_DC,DC Public Health Laboratory (DFS),State_PHL
42131,Wyoming County,Pennsylvania,25771,41.525167,-76.008682,173.85210462664386,PHL_PA,Pennsylvania Bureau of Laboratories,State_PHL
42133,York County,Pennsylvania,471240,39.921751,-76.728889,69.87220238606047,PHL_MD,Maryland Laboratories Administration,State_PHL
44001,Bristol County,Rhode Island,50145,41.70684,-71.286687,30.23330386099848,PHL_RI,Rhode Island State Health Laboratories,State_PHL
44003,Kent County,Rhode Island,172450,41.675118,-71.580282,21.64452866614097,PHL_RI,Rhode Island State Health Laboratories,State_PHL
44005,Newport County,Rhode Island,83468,41.501045,-71.283063,47.784958689103824,PHL_RI,Rhode Island State Health Laboratories,State_PHL
44007,Providence County,Rhode Island,675912,41.869768,-71.578625,0.0,PHL_RI,Rhode Island State Health Laboratories,State_PHL
44009,Washington County,Rhode Island,130333,41.396792,-71.620282,52.70635575325689,PHL_RI,Rhode Island State Health Laboratories,State_PHL
45001,Abbeville County,South Carolina,24607,34.229041,-82.454058,144.9369625471813,PHL_SC,South Carolina Public Health Laboratory,State_PHL
45003,Aiken County,South Carolina,179245,33.550013,-81.632983,86.31716921717967,PHL_SC,South Carolina Public Health Laboratory,State_PHL
45005,Allendale County,South Carolina,7551,32.979757,-81.363265,124.39863822337966,PHL_SC,South Carolina Public Health Laboratory,State_PHL
45007,Anderson County,South Carolina,217183,34.521235,-82.638603,168.2663717516656,FED_CDC,CDC NCIRD Influenza Division,Federal_HQ
45009,Bamberg County,South Carolina,12870,33.203021,-81.053161,92.9715649951023,PHL_SC,South Carolina Public Health Laboratory,State_PHL
45011,Barnwell County,South Carolina,20495,33.260552,-81.434228,98.82592225672731,PHL_SC,South Carolina Public Health Laboratory,State_PHL
45013,Beaufort County,South Carolina,201775,32.358112,-80.689422,186.81593009871554,PHL_SC,South Carolina Public Health Laboratory,State_PHL
45015,Berkeley County,South Carolina,264276,33.2077,-79.953655,126.44627179867919,PHL_SC,South Carolina Public Health Laboratory,State_PHL
45017,Calhoun County,South Carolina,14249,33.67478,-80.780347,40.86954256359104,PHL_SC,South Carolina Public Health Laboratory,State_PHL
45019,Charleston County,South Carolina,431001,32.800458,-79.94248,162.87944158635602,PHL_SC,South Carolina Public Health Laboratory,State_PHL
45021,Cherokee County,South Carolina,57770,35.049796,-81.607647,130.78925439294167,PHL_SC,South Carolina Public Health Laboratory,State_PHL
45023,Chester County,South Carolina,32323,34.689339,-81.161213,77.28815027866894,PHL_SC,South Carolina Public Health Laboratory,State_PHL
45025,Chesterfield County,South Carolina,44488,34.637018,-80.159227,95.76778206361446,PHL_SC,South Carolina Public Health Laboratory,State_PHL
45027,Clarendon County,South Carolina,31030,33.664682,-80.217889,74.74793055874255,PHL_SC,South Carolina Public Health Laboratory,State_PHL
45029,Colleton County,South Carolina,39259,32.849386,-80.656402,133.0798236887349,PHL_SC,South Carolina Public Health Laboratory,State_PHL
45031,Darlington County,South Carolina,62425,34.332185,-79.962115,92.45478763260944,PHL_SC,South Carolina Public Health Laboratory,State_PHL
45033,Dillon County,South Carolina,27577,34.390164,-79.37521,145.67419060543128,PHL_SC,South Carolina Public Health Laboratory,State_PHL
45035,Dorchester County,South Carolina,174663,33.082186,-80.404697,114.78693029250194,PHL_SC,South Carolina Public Health Laboratory,State_PHL
45037,Edgefield County,South Carolina,29455,33.779453,-81.959637,101.82948362478437,PHL_SC,South Carolina Public Health Laboratory,State_PHL
45039,Fairfield County,South Carolina,20369,34.395669,-81.127001,45.87748083851329,PHL_SC,South Carolina Public Health Laboratory,State_PHL
45041,Florence County,South Carolina,138049,34.028535,-79.710233,109.4596871084528,PHL_SC,South Carolina Public Health Laboratory,State_PHL
45043,Georgetown County,South Carolina,66035,33.417531,-79.296333,162.9924134509657,PHL_SC,South Carolina Public Health Laboratory,State_PHL
45045,Greenville County,South Carolina,570745,34.892645,-82.372077,165.7788017572698,PHL_SC,South Carolina Public Health Laboratory,State_PHL
45047,Greenwood County,South Carolina,70041,34.155796,-82.127876,114.1211265352746,PHL_SC,South Carolina Public Health Laboratory,State_PHL
45049,Hampton County,South Carolina,18172,32.778334,-81.143822,140.93709370576877,PHL_SC,South Carolina Public Health Laboratory,State_PHL
45051,Horry County,South Carolina,413391,33.909269,-78.976675,177.68216006016385,PHL_SC,South Carolina Public Health Laboratory,State_PHL
45053,Jasper County,South Carolina,35618,32.430591,-81.021629,178.11682582509042,PHL_SC,South Carolina Public Health Laboratory,State_PHL
45055,Kershaw County,South Carolina,71698,34.338356,-80.590885,44.50616351352647,PHL_SC,South Carolina Public Health Laboratory,State_PHL
45057,Lancaster County,South Carolina,111652,34.686818,-80.703688,75.27986997236327,PHL_SC,South Carolina Public Health Laboratory,State_PHL
45059,Laurens County,South Carolina,70545,34.483676,-82.005498,113.64122677231998,PHL_SC,South Carolina Public Health Laboratory,State_PHL
45061,Lee County,South Carolina,15958,34.15864,-80.251209,61.27870629920588,PHL_SC,South Carolina Public Health Laboratory,State_PHL
45063,Lexington County,South Carolina,313774,33.892309,-81.272974,37.77668581178751,PHL_SC,South Carolina Public Health Laboratory,State_PHL
45065,McCormick County,South Carolina,9983,33.897599,-82.316196,131.60272970391898,PHL_SC,South Carolina Public Health Laboratory,State_PHL
45067,Marion County,South Carolina,28368,34.08362,-79.354001,142.36989492859564,PHL_SC,South Carolina Public Health Laboratory,State_PHL
45069,Marlboro County,South Carolina,25498,34.60167,-79.679435,128.75841014539964,PHL_SC,South Carolina Public Health Laboratory,State_PHL
45071,Newberry County,South Carolina,39203,34.289881,-81.599676,70.77207057780068,PHL_SC,South Carolina Public Health Laboratory,State_PHL
45073,Oconee County,South Carolina,82475,34.748766,-83.06154,152.6015221564193,FED_CDC,CDC NCIRD Influenza Division,Federal_HQ
45075,Orangeburg County,South Carolina,83129,33.436135,-80.802913,66.518327894602,PHL_SC,South Carolina Public Health Laboratory,State_PHL
45077,Pickens County,South Carolina,138207,34.885368,-82.723377,185.49777556994798,FED_CDC,CDC NCIRD Influenza Division,Federal_HQ
45079,Richland County,South Carolina,430651,34.029095,-80.898037,0.0,PHL_SC,South Carolina Public Health Laboratory,State_PHL
45081,Saluda County,South Carolina,19452,34.005278,-81.727903,76.53115181635876,PHL_SC,South Carolina Public Health Laboratory,State_PHL
45083,Spartanburg County,South Carolina,369256,34.932014,-81.991624,141.87057717787158,PHL_SC,South Carolina Public Health Laboratory,State_PHL
45085,Sumter County,South Carolina,104776,33.91614,-80.382376,49.182153956012975,PHL_SC,South Carolina Public Health Laboratory,State_PHL
45087,Union County,South Carolina,26678,34.690374,-81.615864,98.7334917401584,PHL_SC,South Carolina Public Health Laboratory,State_PHL
45089,Williamsburg County,South Carolina,29865,33.626462,-79.716474,117.96715707971804,PHL_SC,South Carolina Public Health Laboratory,State_PHL
45091,York County,South Carolina,303001,34.970188,-81.183187,107.85783367950307,PHL_SC,South Carolina Public Health Laboratory,State_PHL
46003,Aurora County,South Dakota,2752,43.724719,-98.577587,133.65454376906112,PHL_SD,South Dakota Public Health Laboratory,State_PHL
46005,Beadle County,South Dakota,19459,44.418265,-98.279422,134.80768087479734,PHL_SD,South Dakota Public Health Laboratory,State_PHL
46007,Bennett County,South Dakota,3289,43.186912,-101.677181,190.74803117768394,PHL_SD,South Dakota Public Health Laboratory,State_PHL
46009,Bon Homme County,South Dakota,7071,42.985714,-97.884175,229.0583924850895,PHL_SD,South Dakota Public Health Laboratory,State_PHL
46011,Brookings County,South Dakota,36359,44.376675,-96.797797,252.53907264334046,PHL_SD,South Dakota Public Health Laboratory,State_PHL
46013,Brown County,South Dakota,37495,45.589254,-98.352175,185.05873041242594,PHL_SD,South Dakota Public Health Laboratory,State_PHL
46015,Brule County,South Dakota,5261,43.729873,-99.092909,101.35955264385953,PHL_SD,South Dakota Public Health Laboratory,State_PHL
46017,Buffalo County,South Dakota,1825,44.044306,-99.203998,72.20032338631978,PHL_SD,South Dakota Public Health Laboratory,State_PHL
46019,Butte County,South Dakota,10891,44.896226,-103.501436,284.6733789541401,PHL_SD,South Dakota Public Health Laboratory,State_PHL
46021,Campbell County,South Dakota,1342,45.785575,-100.002107,137.4422115116747,PHL_ND,North Dakota Public Health Laboratory,State_PHL
46023,Charles Mix County,South Dakota,9343,43.206185,-98.595143,171.5852000460883,PHL_SD,South Dakota Public Health Laboratory,State_PHL
46025,Clark County,South Dakota,3974,44.855211,-97.724912,185.66538231962787,PHL_SD,South Dakota Public Health Laboratory,State_PHL
46027,Clay County,South Dakota,15245,42.91615,-96.980468,192.50414767784153,PHL_NE,Nebraska Public Health Laboratory (UNMC),State_PHL
46029,Codington County,South Dakota,29278,44.966285,-97.198837,228.88735549124496,PHL_SD,South Dakota Public Health Laboratory,State_PHL
46031,Corson County,South Dakota,3747,45.685671,-101.179665,153.78038776369303,PHL_ND,North Dakota Public Health Laboratory,State_PHL
46033,Custer County,South Dakota,9330,43.684943,-103.46225,283.54497359170813,PHL_WY,Wyoming Public Health Laboratory,State_PHL
46035,Davison County,South Dakota,19907,43.680439,-98.155868,165.2007343590433,PHL_SD,South Dakota Public Health Laboratory,State_PHL
46037,Day County,South Dakota,5408,45.355161,-97.58143,217.35823114348582,PHL_SD,South Dakota Public Health Laboratory,State_PHL
46039,Deuel County,South Dakota,4335,44.75629,-96.690239,263.4981847086605,PHL_SD,South Dakota Public Health Laboratory,State_PHL
46041,Dewey County,South Dakota,5322,45.148049,-100.837953,108.82581734831717,PHL_SD,South Dakota Public Health Laboratory,State_PHL
46043,Douglas County,South Dakota,2849,43.391506,-98.358433,170.25066936814926,PHL_SD,South Dakota Public Health Laboratory,State_PHL
46045,Edmunds County,South Dakota,4027,45.41168,-99.205362,129.3363389816148,PHL_SD,South Dakota Public Health Laboratory,State_PHL
46047,Fall River County,South Dakota,7359,43.221619,-103.512609,234.34589580835862,PHL_WY,Wyoming Public Health Laboratory,State_PHL
46049,Faulk County,South Dakota,2136,45.065476,-99.153564,99.76360054176291,PHL_SD,South Dakota Public Health Laboratory,State_PHL
46051,Grant County,South Dakota,7618,45.172637,-96.772261,267.58193411441323,PHL_SD,South Dakota Public Health Laboratory,State_PHL
46053,Gregory County,South Dakota,4110,43.175142,-99.206591,147.9657602653512,PHL_SD,South Dakota Public Health Laboratory,State_PHL
46055,Haakon County,South Dakota,1834,44.288097,-101.540856,124.93989679159014,PHL_SD,South Dakota Public Health Laboratory,State_PHL
46057,Hamlin County,South Dakota,6596,44.680619,-97.178598,224.1333949116325,PHL_SD,South Dakota Public Health Laboratory,State_PHL
46059,Hand County,South Dakota,3097,44.546713,-99.004575,79.14733917305591,PHL_SD,South Dakota Public Health Laboratory,State_PHL
46061,Hanson County,South Dakota,3477,43.680612,-97.796845,190.94944232523247,PHL_SD,South Dakota Public Health Laboratory,State_PHL
46063,Harding County,South Dakota,1325,45.596611,-103.473871,277.30479010094393,PHL_ND,North Dakota Public Health Laboratory,State_PHL
46065,Hughes County,South Dakota,17526,44.384452,-99.975684,0.0,PHL_SD,South Dakota Public Health Laboratory,State_PHL
46067,Hutchinson County,South Dakota,7416,43.33671,-97.749383,213.1373640650202,PHL_SD,South Dakota Public Health Laboratory,State_PHL
46069,Hyde County,South Dakota,1215,44.537174,-99.472736,43.3777070812624,PHL_SD,South Dakota Public Health Laboratory,State_PHL
46071,Jackson County,South Dakota,2737,43.677506,-101.626323,153.59532097552056,PHL_SD,South Dakota Public Health Laboratory,State_PHL
46073,Jerauld County,South Dakota,1689,44.06341,-98.62317,113.53100277600637,PHL_SD,South Dakota Public Health Laboratory,State_PHL
46075,Jones County,South Dakota,874,43.951991,-100.686138,74.31907481070105,PHL_SD,South Dakota Public Health Laboratory,State_PHL
46077,Kingsbury County,South Dakota,5261,44.362969,-97.499313,196.83249682576417,PHL_SD,South Dakota Public Health Laboratory,State_PHL
46079,Lake County,South Dakota,11006,44.02845,-97.123223,230.77193065530375,PHL_SD,South Dakota Public Health Laboratory,State_PHL
46081,Lawrence County,South Dakota,28809,44.348514,-103.806362,304.5037913377253,PHL_SD,South Dakota Public Health Laboratory,State_PHL
46083,Lincoln County,South Dakota,75244,43.27942,-96.722286,225.3244310352594,PHL_NE,Nebraska Public Health Laboratory (UNMC),State_PHL
46085,Lyman County,South Dakota,3721,43.894812,-99.841925,55.4818639421794,PHL_SD,South Dakota Public Health Laboratory,State_PHL
46087,McCook County,South Dakota,5771,43.680416,-97.358048,223.41322013171535,PHL_SD,South Dakota Public Health Laboratory,State_PHL
46089,McPherson County,South Dakota,2307,45.784249,-99.211421,164.18334937979313,PHL_ND,North Dakota Public Health Laboratory,State_PHL
46091,Marshall County,South Dakota,4395,45.737044,-97.58087,240.81467206844906,PHL_SD,South Dakota Public Health Laboratory,State_PHL
46093,Meade County,South Dakota,30918,44.605282,-102.714169,218.58085589165043,PHL_SD,South Dakota Public Health Laboratory,State_PHL
46095,Mellette County,South Dakota,1834,43.581334,-100.75521,108.92517182439043,PHL_SD,South Dakota Public Health Laboratory,State_PHL
46097,Miner County,South Dakota,2303,44.021541,-97.608122,192.98344280940913,PHL_SD,South Dakota Public Health Laboratory,State_PHL
46099,Minnehaha County,South Dakota,208639,43.667472,-96.795726,266.4294936394748,PHL_SD,South Dakota Public Health Laboratory,State_PHL
46101,Moody County,South Dakota,6529,44.012429,-96.676054,266.256674173789,PHL_SD,South Dakota Public Health Laboratory,State_PHL
46102,Oglala Lakota County,South Dakota,13360,43.333393,-102.561486,237.97760922286147,PHL_SD,South Dakota Public Health Laboratory,State_PHL
46103,Pennington County,South Dakota,115979,44.002349,-102.823801,230.99638146713434,PHL_SD,South Dakota Public Health Laboratory,State_PHL
46105,Perkins County,South Dakota,2832,45.483387,-102.467995,226.4371776648874,PHL_ND,North Dakota Public Health Laboratory,State_PHL
46107,Potter County,South Dakota,2402,45.052713,-99.962003,74.3150945931052,PHL_SD,South Dakota Public Health Laboratory,State_PHL
46109,Roberts County,South Dakota,10283,45.623397,-96.947551,275.03392642988985,PHL_SD,South Dakota Public Health Laboratory,State_PHL
46111,Sanborn County,South Dakota,2392,44.018942,-98.091709,155.57842226636444,PHL_SD,South Dakota Public Health Laboratory,State_PHL
46115,Spink County,South Dakota,6108,44.923772,-98.339615,142.62893371135897,PHL_SD,South Dakota Public Health Laboratory,State_PHL
46117,Stanley County,South Dakota,3015,44.413984,-100.747822,61.4314931065345,PHL_SD,South Dakota Public Health Laboratory,State_PHL
46119,Sully County,South Dakota,1468,44.722325,-100.131399,39.54392342463903,PHL_SD,South Dakota Public Health Laboratory,State_PHL
46121,Todd County,South Dakota,9172,43.208794,-100.707664,143.31988219123895,PHL_SD,South Dakota Public Health Laboratory,State_PHL
46123,Tripp County,South Dakota,5717,43.349729,-99.876219,115.33188881141116,PHL_SD,South Dakota Public Health Laboratory,State_PHL
46125,Turner County,South Dakota,9087,43.30867,-97.150185,238.20164883792256,PHL_NE,Nebraska Public Health Laboratory (UNMC),State_PHL
46127,Union County,South Dakota,17402,42.831106,-96.650829,175.4338548432443,PHL_NE,Nebraska Public Health Laboratory (UNMC),State_PHL
46129,Walworth County,South Dakota,5270,45.427605,-100.027856,116.06606415581871,PHL_SD,South Dakota Public Health Laboratory,State_PHL
46135,Yankton County,South Dakota,23509,43.006603,-97.388361,215.60209100551492,PHL_NE,Nebraska Public Health Laboratory (UNMC),State_PHL
46137,Ziebach County,South Dakota,2418,44.989764,-101.660827,149.25241056956366,PHL_SD,South Dakota Public Health Laboratory,State_PHL
47001,Anderson County,Tennessee,81449,36.116731,-84.195418,232.57942185501923,PHL_TN,Tennessee State Public Health Laboratory,State_PHL
47003,Bedford County,Tennessee,54228,35.51366,-86.458294,78.60217847343448,PHL_TN,Tennessee State Public Health Laboratory,State_PHL
47005,Benton County,Tennessee,16173,36.070948,-88.071232,116.06380537637077,PHL_TN,Tennessee State Public Health Laboratory,State_PHL
47007,Bledsoe County,Tennessee,15591,35.593561,-85.20591,155.97891890227126,PHL_TN,Tennessee State Public Health Laboratory,State_PHL
47009,Blount County,Tennessee,142211,35.688185,-83.922973,215.0133570987813,FED_CDC,CDC NCIRD Influenza Division,Federal_HQ
47011,Bradley County,Tennessee,113782,35.153914,-84.859414,164.39578019586943,FED_CDC,CDC NCIRD Influenza Division,Federal_HQ
47013,Campbell County,Tennessee,40238,36.401592,-84.159249,213.29218052658592,PHL_KY,Kentucky Division of Laboratory Services,State_PHL
47015,Cannon County,Tennessee,15142,35.808394,-86.062404,76.3749963148568,PHL_TN,Tennessee State Public Health Laboratory,State_PHL
47017,Carroll County,Tennessee,29107,35.965748,-88.452379,151.58002811056272,PHL_TN,Tennessee State Public Health Laboratory,State_PHL
47019,Carter County,Tennessee,57434,36.284744,-82.126593,233.38246120693134,PHL_WV,West Virginia Office of Laboratory Services,State_PHL
47021,Cheatham County,Tennessee,42604,36.255169,-87.100808,29.9225399247376,PHL_TN,Tennessee State Public Health Laboratory,State_PHL
47023,Chester County,Tennessee,17876,35.420253,-88.611353,184.58646695509105,PHL_TN,Tennessee State Public Health Laboratory,State_PHL
47025,Claiborne County,Tennessee,33070,36.501572,-83.660698,220.3269084971638,PHL_KY,Kentucky Division of Laboratory Services,State_PHL
47027,Clay County,Tennessee,7857,36.545749,-85.545717,118.59658571911044,PHL_TN,Tennessee State Public Health Laboratory,State_PHL
47029,Cocke County,Tennessee,37596,35.916198,-83.119224,259.0792544730058,FED_CDC,CDC NCIRD Influenza Division,Federal_HQ
47031,Coffee County,Tennessee,61285,35.488765,-86.078202,98.89938866478721,PHL_TN,Tennessee State Public Health Laboratory,State_PHL
47033,Crockett County,Tennessee,13973,35.818795,-89.132494,214.76880804052098,PHL_TN,Tennessee State Public Health Laboratory,State_PHL
47035,Cumberland County,Tennessee,65618,35.952398,-84.994761,162.69655231495105,PHL_TN,Tennessee State Public Health Laboratory,State_PHL
47037,Davidson County,Tennessee,729505,36.169129,-86.78479,0.0,PHL_TN,Tennessee State Public Health Laboratory,State_PHL
47039,Decatur County,Tennessee,11800,35.603136,-88.110292,134.98016644486637,PHL_TN,Tennessee State Public Health Laboratory,State_PHL
47041,DeKalb County,Tennessee,21747,35.982219,-85.833596,87.97563601779714,PHL_TN,Tennessee State Public Health Laboratory,State_PHL
47043,Dickson County,Tennessee,57641,36.145533,-87.364155,52.08073444803112,PHL_TN,Tennessee State Public Health Laboratory,State_PHL
47045,Dyer County,Tennessee,36403,36.054196,-89.398306,235.11527510528904,PHL_TN,Tennessee State Public Health Laboratory,State_PHL
47047,Fayette County,Tennessee,44476,35.196993,-89.413803,260.8834331875633,PHL_TN,Tennessee State Public Health Laboratory,State_PHL
47049,Fentress County,Tennessee,20129,36.369892,-84.937764,167.08149778686405,PHL_TN,Tennessee State Public Health Laboratory,State_PHL
47051,Franklin County,Tennessee,45137,35.155926,-86.099203,128.56483633072463,PHL_TN,Tennessee State Public Health Laboratory,State_PHL
47053,Gibson County,Tennessee,51422,35.991632,-88.933812,194.12752925876526,PHL_TN,Tennessee State Public Health Laboratory,State_PHL
47055,Giles County,Tennessee,30971,35.202723,-87.035319,109.81560175937935,PHL_TN,Tennessee State Public Health Laboratory,State_PHL
47057,Grainger County,Tennessee,25073,36.277509,-83.509546,248.678246006875,PHL_KY,Kentucky Division of Laboratory Services,State_PHL
47059,Greene County,Tennessee,73398,36.179487,-82.847523,266.09403154210304,PHL_WV,West Virginia Office of Laboratory Services,State_PHL
47061,Grundy County,Tennessee,14148,35.393352,-85.710374,129.7470874122148,PHL_TN,Tennessee State Public Health Laboratory,State_PHL
47063,Hamblen County,Tennessee,67715,36.218397,-83.266071,265.34487572023045,PHL_KY,Kentucky Division of Laboratory Services,State_PHL
47065,Hamilton County,Tennessee,386256,35.163472,-85.201843,178.83597177031848,FED_CDC,CDC NCIRD Influenza Division,Federal_HQ
47067,Hancock County,Tennessee,7038,36.521353,-83.227493,239.44319588893936,PHL_KY,Kentucky Division of Laboratory Services,State_PHL
47069,Hardeman County,Tennessee,25434,35.218785,-88.988697,225.3322361493241,PHL_TN,Tennessee State Public Health Laboratory,State_PHL
47071,Hardin County,Tennessee,27617,35.201893,-88.185696,166.0557336176155,PHL_TN,Tennessee State Public Health Laboratory,State_PHL
47073,Hawkins County,Tennessee,59371,36.452089,-82.931485,242.8626698707742,PHL_WV,West Virginia Office of Laboratory Services,State_PHL
47075,Haywood County,Tennessee,17097,35.586678,-89.282691,234.1804309604964,PHL_TN,Tennessee State Public Health Laboratory,State_PHL
47077,Henderson County,Tennessee,28183,35.653994,-88.387674,155.30131277438142,PHL_TN,Tennessee State Public Health Laboratory,State_PHL
47079,Henry County,Tennessee,32883,36.325295,-88.300288,137.00682795647467,PHL_TN,Tennessee State Public Health Laboratory,State_PHL
47081,Hickman County,Tennessee,25859,35.802327,-87.467116,73.7054442440738,PHL_TN,Tennessee State Public Health Laboratory,State_PHL
47083,Houston County,Tennessee,8538,36.285782,-87.705598,83.607008468758,PHL_TN,Tennessee State Public Health Laboratory,State_PHL
47085,Humphreys County,Tennessee,19554,36.040822,-87.790453,91.46654341958622,PHL_TN,Tennessee State Public Health Laboratory,State_PHL
47087,Jackson County,Tennessee,12376,36.35425,-85.674128,101.68561804609921,PHL_TN,Tennessee State Public Health Laboratory,State_PHL
47089,Jefferson County,Tennessee,59217,36.048452,-83.441216,263.1994991739037,FED_CDC,CDC NCIRD Influenza Division,Federal_HQ
47091,Johnson County,Tennessee,18506,36.453203,-81.861247,210.59928837314973,PHL_WV,West Virginia Office of Laboratory Services,State_PHL
47093,Knox County,Tennessee,506748,35.992726,-83.937721,248.4805825644698,FED_CDC,CDC NCIRD Influenza Division,Federal_HQ
47095,Lake County,Tennessee,6422,36.333905,-89.485536,242.86214573508613,PHL_TN,Tennessee State Public Health Laboratory,State_PHL
47097,Lauderdale County,Tennessee,24630,35.762951,-89.627732,259.802618871339,PHL_TN,Tennessee State Public Health Laboratory,State_PHL
47099,Lawrence County,Tennessee,46467,35.220476,-87.396546,119.07552876757805,PHL_TN,Tennessee State Public Health Laboratory,State_PHL
47101,Lewis County,Tennessee,13418,35.523244,-87.496983,96.32522243829307,PHL_TN,Tennessee State Public Health Laboratory,State_PHL
47103,Lincoln County,Tennessee,36751,35.142784,-86.593403,115.42682299660598,PHL_TN,Tennessee State Public Health Laboratory,State_PHL
47105,Loudon County,Tennessee,62129,35.735085,-84.314085,218.5809851509342,FED_CDC,CDC NCIRD Influenza Division,Federal_HQ
47107,McMinn County,Tennessee,56754,35.424472,-84.619949,187.39065702406558,FED_CDC,CDC NCIRD Influenza Division,Federal_HQ
47109,McNairy County,Tennessee,26103,35.175375,-88.56374,195.01447039454996,PHL_TN,Tennessee State Public Health Laboratory,State_PHL
47111,Macon County,Tennessee,27189,36.537757,-86.00096,81.28587113077131,PHL_TN,Tennessee State Public Health Laboratory,State_PHL
47113,Madison County,Tennessee,100409,35.606056,-88.833424,194.8808613921011,PHL_TN,Tennessee State Public Health Laboratory,State_PHL
47115,Marion County,Tennessee,29826,35.127565,-85.607429,157.25814374222054,PHL_TN,Tennessee State Public Health Laboratory,State_PHL
47117,Marshall County,Tennessee,37847,35.468329,-86.765868,77.94407845951112,PHL_TN,Tennessee State Public Health Laboratory,State_PHL
47119,Maury County,Tennessee,113411,35.615696,-87.077763,66.95916714083549,PHL_TN,Tennessee State Public Health Laboratory,State_PHL
47121,Meigs County,Tennessee,13937,35.512203,-84.816102,191.89858273085923,PHL_TN,Tennessee State Public Health Laboratory,State_PHL
47123,Monroe County,Tennessee,49154,35.447818,-84.249705,186.5036030436914,FED_CDC,CDC NCIRD Influenza Division,Federal_HQ
47125,Montgomery County,Tennessee,246025,36.500354,-87.380887,64.8655481105341,PHL_TN,Tennessee State Public Health Laboratory,State_PHL
47127,Moore County,Tennessee,6773,35.288888,-86.358684,105.16419601169902,PHL_TN,Tennessee State Public Health Laboratory,State_PHL
47129,Morgan County,Tennessee,21954,36.138697,-84.639262,192.65706878440682,PHL_TN,Tennessee State Public Health Laboratory,State_PHL
47131,Obion County,Tennessee,30261,36.361892,-89.148078,212.95590632513026,PHL_TN,Tennessee State Public Health Laboratory,State_PHL
47133,Overton County,Tennessee,23551,36.34485,-85.283076,136.05930321865478,PHL_TN,Tennessee State Public Health Laboratory,State_PHL
47135,Perry County,Tennessee,8987,35.663752,-87.869326,112.67841519623242,PHL_TN,Tennessee State Public Health Laboratory,State_PHL
47137,Pickett County,Tennessee,5108,36.559364,-85.075741,159.06079637311166,PHL_TN,Tennessee State Public Health Laboratory,State_PHL
47139,Polk County,Tennessee,18338,35.109437,-84.541112,151.63758200464625,FED_CDC,CDC NCIRD Influenza Division,Federal_HQ
47141,Putnam County,Tennessee,84894,36.14094,-85.49618,115.73481749517615,PHL_TN,Tennessee State Public Health Laboratory,State_PHL
47143,Rhea County,Tennessee,34759,35.60059,-84.949548,177.00670235889012,PHL_TN,Tennessee State Public Health Laboratory,State_PHL
47145,Roane County,Tennessee,56742,35.84725,-84.523929,206.48313178360323,PHL_TN,Tennessee State Public Health Laboratory,State_PHL
47147,Robertson County,Tennessee,78459,36.524385,-86.872594,40.27778681884121,PHL_TN,Tennessee State Public Health Laboratory,State_PHL
47149,Rutherford County,Tennessee,376996,35.843369,-86.417213,49.0440663617373,PHL_TN,Tennessee State Public Health Laboratory,State_PHL
47151,Scott County,Tennessee,22517,36.430592,-84.504091,203.20593564329974,PHL_KY,Kentucky Division of Laboratory Services,State_PHL
47153,Sequatchie County,Tennessee,17620,35.372336,-85.410082,152.41797154316424,PHL_TN,Tennessee State Public Health Laboratory,State_PHL
47155,Sevier County,Tennessee,100184,35.787822,-83.5249,233.26522650435322,FED_CDC,CDC NCIRD Influenza Division,Federal_HQ
47157,Shelby County,Tennessee,910530,35.184553,-89.894612,225.09720267005085,PHL_AR,Arkansas Department of Health Lab,State_PHL
47159,Smith County,Tennessee,20783,36.256645,-85.941915,76.2419660227626,PHL_TN,Tennessee State Public Health Laboratory,State_PHL
47161,Stewart County,Tennessee,14365,36.458464,-87.811889,97.48835085548141,PHL_TN,Tennessee State Public Health Laboratory,State_PHL
47163,Sullivan County,Tennessee,162703,36.509681,-82.301336,213.54241520117108,PHL_WV,West Virginia Office of Laboratory Services,State_PHL
47165,Sumner County,Tennessee,211721,36.472423,-86.458405,44.63634518357457,PHL_TN,Tennessee State Public Health Laboratory,State_PHL
47167,Tipton County,Tennessee,62187,35.498763,-89.747145,246.9771279200869,PHL_AR,Arkansas Department of Health Lab,State_PHL
47169,Trousdale County,Tennessee,12159,36.39303,-86.156691,61.5597679503789,PHL_TN,Tennessee State Public Health Laboratory,State_PHL
47171,Unicoi County,Tennessee,17872,36.100129,-82.418218,260.0921329133134,PHL_WV,West Virginia Office of Laboratory Services,State_PHL
47173,Union County,Tennessee,21064,36.28414,-83.836088,235.37933957348693,PHL_KY,Kentucky Division of Laboratory Services,State_PHL
47175,Van Buren County,Tennessee,6686,35.699234,-85.458409,130.34759837279702,PHL_TN,Tennessee State Public Health Laboratory,State_PHL
47177,Warren County,Tennessee,43619,35.67825,-85.777343,105.87041247253198,PHL_TN,Tennessee State Public Health Laboratory,State_PHL
47179,Washington County,Tennessee,139642,36.295665,-82.495037,241.77024759431998,PHL_WV,West Virginia Office of Laboratory Services,State_PHL
47181,Wayne County,Tennessee,15974,35.242847,-87.819843,139.0768025525894,PHL_TN,Tennessee State Public Health Laboratory,State_PHL
47183,Weakley County,Tennessee,33162,36.303596,-88.721194,174.31204753287687,PHL_TN,Tennessee State Public Health Laboratory,State_PHL
47185,White County,Tennessee,29108,35.927049,-85.455785,122.47597624910564,PHL_TN,Tennessee State Public Health Laboratory,State_PHL
47187,Williamson County,Tennessee,269136,35.894845,-86.897888,32.14991260602531,PHL_TN,Tennessee State Public Health Laboratory,State_PHL
47189,Wilson County,Tennessee,169948,36.149431,-86.291181,44.368558535572475,PHL_TN,Tennessee State Public Health Laboratory,State_PHL
48001,Anderson County,Texas,59512,31.841261,-95.661727,222.09522949932767,MUN_HOU,Houston Health Department Laboratory,ELC_Direct_City
48003,Andrews County,Texas,18923,32.312258,-102.640206,481.46200300676566,PHL_NM,New Mexico Scientific Laboratory Division,State_PHL
48005,Angelina County,Texas,88094,31.251896,-94.611134,172.20148237127185,MUN_HOU,Houston Health Department Laboratory,ELC_Direct_City
48007,Aransas County,Texas,25595,28.122621,-96.967501,245.6490358153107,ISC_TX,Texas Dept of State Health Services Lab,ISC_StatePHL
48009,Archer County,Texas,9155,33.616305,-98.687267,245.223308948463,PHL_OK,Oklahoma Public Health Laboratory,State_PHL
48011,Armstrong County,Texas,1809,34.964179,-101.356636,364.32929892030995,PHL_OK,Oklahoma Public Health Laboratory,State_PHL
48013,Atascosa County,Texas,52783,28.891478,-98.535381,170.68325264848772,ISC_TX,Texas Dept of State Health Services Lab,ISC_StatePHL
48015,Austin County,Texas,32546,29.891901,-96.27017,84.65977125986429,MUN_HOU,Houston Health Department Laboratory,ELC_Direct_City
48017,Bailey County,Texas,7031,34.067521,-102.830345,368.1951555120575,PHL_NM,New Mexico Scientific Laboratory Division,State_PHL
48019,Bandera County,Texas,22830,29.756389,-99.248285,159.27120296717507,ISC_TX,Texas Dept of State Health Services Lab,ISC_StatePHL
48021,Bastrop County,Texas,114931,30.100772,-97.310639,39.71007346010623,ISC_TX,Texas Dept of State Health Services Lab,ISC_StatePHL
48023,Baylor County,Texas,3533,33.618802,-99.208189,271.001266528406,PHL_OK,Oklahoma Public Health Laboratory,State_PHL
48025,Bee County,Texas,31226,28.416077,-97.742586,202.81784193508625,ISC_TX,Texas Dept of State Health Services Lab,ISC_StatePHL
48027,Bell County,Texas,399578,31.042734,-97.48126,91.5459732359779,ISC_TX,Texas Dept of State Health Services Lab,ISC_StatePHL
48029,Bexar County,Texas,2127737,29.448671,-98.520147,118.84375293736882,ISC_TX,Texas Dept of State Health Services Lab,ISC_StatePHL
48031,Blanco County,Texas,13358,30.266203,-98.399332,68.07490933076613,ISC_TX,Texas Dept of State Health Services Lab,ISC_StatePHL
48033,Borden County,Texas,557,32.73859,-101.439199,451.06537275127505,ISC_TX,Texas Dept of State Health Services Lab,ISC_StatePHL
48035,Bosque County,Texas,19013,31.900819,-97.637641,184.79938980801614,ISC_TX,Texas Dept of State Health Services Lab,ISC_StatePHL
48037,Bowie County,Texas,91992,33.446065,-94.422393,243.7070856798956,PHL_AR,Arkansas Department of Health Lab,State_PHL
48039,Brazoria County,Texas,413224,29.167817,-95.434647,76.76967170691223,MUN_HOU,Houston Health Department Laboratory,ELC_Direct_City
48041,Brazos County,Texas,249624,30.656713,-96.302394,124.62059326682073,MUN_HOU,Houston Health Department Laboratory,ELC_Direct_City
48043,Brewster County,Texas,9508,29.808997,-103.252458,537.4792152527887,ISC_TX,Texas Dept of State Health Services Lab,ISC_StatePHL
48045,Briscoe County,Texas,1494,34.525172,-101.205893,364.06800471536155,PHL_OK,Oklahoma Public Health Laboratory,State_PHL
48047,Brooks County,Texas,6740,27.034994,-98.215276,359.9754349542622,ISC_TX,Texas Dept of State Health Services Lab,ISC_StatePHL
48049,Brown County,Texas,38631,31.764137,-98.998456,210.38275322649721,ISC_TX,Texas Dept of State Health Services Lab,ISC_StatePHL
48051,Burleson County,Texas,20179,30.493487,-96.622091,106.39301350313508,ISC_TX,Texas Dept of State Health Services Lab,ISC_StatePHL
48053,Burnet County,Texas,55722,30.78963,-98.201187,78.28029312174243,ISC_TX,Texas Dept of State Health Services Lab,ISC_StatePHL
48055,Caldwell County,Texas,52430,29.832399,-97.628141,45.675076735317425,ISC_TX,Texas Dept of State Health Services Lab,ISC_StatePHL
48057,Calhoun County,Texas,19942,28.441719,-96.579574,195.06778286054922,MUN_HOU,Houston Health Department Laboratory,ELC_Direct_City
48059,Callahan County,Texas,14615,32.29315,-99.372249,278.6853998615923,ISC_TX,Texas Dept of State Health Services Lab,ISC_StatePHL
48061,Cameron County,Texas,431874,26.102923,-97.478958,460.43801132268743,ISC_TX,Texas Dept of State Health Services Lab,ISC_StatePHL
48063,Camp County,Texas,13164,32.974581,-94.979085,316.92426118154816,PHL_AR,Arkansas Department of Health Lab,State_PHL
48065,Carson County,Texas,5822,35.405496,-101.355356,357.65878587009564,PHL_OK,Oklahoma Public Health Laboratory,State_PHL
48067,Cass County,Texas,28622,33.083698,-94.357579,265.98982062395316,PHL_AR,Arkansas Department of Health Lab,State_PHL
48069,Castro County,Texas,7380,34.533621,-102.258786,406.8190096775535,PHL_NM,New Mexico Scientific Laboratory Division,State_PHL
48071,Chambers County,Texas,56179,29.696374,-94.669445,72.09153470517066,MUN_HOU,Houston Health Department Laboratory,ELC_Direct_City
48073,Cherokee County,Texas,53223,31.843881,-95.156343,222.05307974297432,MUN_HOU,Houston Health Department Laboratory,ELC_Direct_City
48075,Childress County,Texas,6679,34.524624,-100.208166,279.34430474338507,PHL_OK,Oklahoma Public Health Laboratory,State_PHL
48077,Clay County,Texas,10730,33.785904,-98.212917,209.94802066318826,PHL_OK,Oklahoma Public Health Laboratory,State_PHL
48079,Cochran County,Texas,2583,33.60844,-102.830449,387.34240771497866,PHL_NM,New Mexico Scientific Laboratory Division,State_PHL
48081,Coke County,Texas,3396,31.87711,-100.635231,334.33526540763813,ISC_TX,Texas Dept of State Health Services Lab,ISC_StatePHL
48083,Coleman County,Texas,7990,31.914205,-99.346622,243.97912661291184,ISC_TX,Texas Dept of State Health Services Lab,ISC_StatePHL
48085,Collin County,Texas,1254658,33.194494,-96.579428,273.2604041409263,PHL_OK,Oklahoma Public Health Laboratory,State_PHL
48087,Collingsworth County,Texas,2611,34.963358,-100.272135,268.0998514115863,PHL_OK,Oklahoma Public Health Laboratory,State_PHL
48089,Colorado County,Texas,21475,29.596296,-96.508935,111.59162229405933,MUN_HOU,Houston Health Department Laboratory,ELC_Direct_City
48091,Comal County,Texas,201628,29.812377,-98.258129,72.3462287131664,ISC_TX,Texas Dept of State Health Services Lab,ISC_StatePHL
48093,Comanche County,Texas,14359,31.951645,-98.549617,207.17935582820337,ISC_TX,Texas Dept of State Health Services Lab,ISC_StatePHL
48095,Concho County,Texas,3326,31.318883,-99.863649,239.73094735045214,ISC_TX,Texas Dept of State Health Services Lab,ISC_StatePHL
48097,Cooke County,Texas,44258,33.639196,-97.210343,213.76217459605127,PHL_OK,Oklahoma Public Health Laboratory,State_PHL
48099,Coryell County,Texas,86370,31.391177,-97.798022,128.46430275635245,ISC_TX,Texas Dept of State Health Services Lab,ISC_StatePHL
48101,Cottle County,Texas,1263,34.091906,-100.276442,308.10914858727614,PHL_OK,Oklahoma Public Health Laboratory,State_PHL
48103,Crane County,Texas,4594,31.422796,-102.487774,476.4509689026888,ISC_TX,Texas Dept of State Health Services Lab,ISC_StatePHL
48105,Crockett County,Texas,2799,30.717532,-101.404211,359.74126570965564,ISC_TX,Texas Dept of State Health Services Lab,ISC_StatePHL
48107,Crosby County,Texas,5030,33.609144,-101.29871,416.5703913732359,PHL_OK,Oklahoma Public Health Laboratory,State_PHL
48109,Culberson County,Texas,2254,31.445908,-104.526945,447.8598373703643,PHL_NM,New Mexico Scientific Laboratory Division,State_PHL
48111,Dallam County,Texas,7526,36.28637,-102.59402,392.7659039950935,PHL_NM,New Mexico Scientific Laboratory Division,State_PHL
48113,Dallas County,Texas,2656028,32.766987,-96.778424,294.06100255048153,ISC_TX,Texas Dept of State Health Services Lab,ISC_StatePHL
48115,Dawson County,Texas,11758,32.742528,-101.948771,490.25800997382055,ISC_TX,Texas Dept of State Health Services Lab,ISC_StatePHL
48117,Deaf Smith County,Texas,18495,34.940766,-102.607564,370.1452693357256,PHL_NM,New Mexico Scientific Laboratory Division,State_PHL
48119,Delta County,Texas,5647,33.385933,-95.67335,288.913384161212,PHL_OK,Oklahoma Public Health Laboratory,State_PHL
48121,Denton County,Texas,1045120,33.205132,-97.12114,262.5856212965963,PHL_OK,Oklahoma Public Health Laboratory,State_PHL
48123,DeWitt County,Texas,20252,29.082346,-97.361654,132.55395319298833,ISC_TX,Texas Dept of State Health Services Lab,ISC_StatePHL
48125,Dickens County,Texas,1725,33.615363,-100.787617,376.97272891283626,PHL_OK,Oklahoma Public Health Laboratory,State_PHL
48127,Dimmit County,Texas,8181,28.423587,-99.765871,284.97448429696806,ISC_TX,Texas Dept of State Health Services Lab,ISC_StatePHL
48129,Donley County,Texas,3193,34.955036,-100.815846,316.39387238083555,PHL_OK,Oklahoma Public Health Laboratory,State_PHL
48131,Duval County,Texas,9585,27.681123,-98.497393,295.08957655166705,ISC_TX,Texas Dept of State Health Services Lab,ISC_StatePHL
48133,Eastland County,Texas,18290,32.324645,-98.83656,256.1244815124971,ISC_TX,Texas Dept of State Health Services Lab,ISC_StatePHL
48135,Ector County,Texas,170022,31.865301,-102.542507,496.16671013512496,ISC_TX,Texas Dept of State Health Services Lab,ISC_StatePHL
48137,Edwards County,Texas,1383,29.985933,-100.3074,253.20942500578036,ISC_TX,Texas Dept of State Health Services Lab,ISC_StatePHL
48139,Ellis County,Texas,232387,32.346878,-96.79694,249.257324577001,ISC_TX,Texas Dept of State Health Services Lab,ISC_StatePHL
48141,El Paso County,Texas,875784,31.766456,-106.24152,367.6636518761301,PHL_NM,New Mexico Scientific Laboratory Division,State_PHL
48143,Erath County,Texas,44496,32.236669,-98.220545,227.70215194331922,ISC_TX,Texas Dept of State Health Services Lab,ISC_StatePHL
48145,Falls County,Texas,17752,31.25193,-96.934127,133.82269330166207,ISC_TX,Texas Dept of State Health Services Lab,ISC_StatePHL
48147,Fannin County,Texas,38650,33.591161,-96.104988,248.8494602672974,PHL_OK,Oklahoma Public Health Laboratory,State_PHL
48149,Fayette County,Texas,25488,29.877886,-96.921231,84.31502155377977,ISC_TX,Texas Dept of State Health Services Lab,ISC_StatePHL
48151,Fisher County,Texas,3665,32.740473,-100.40312,378.72093603600126,ISC_TX,Texas Dept of State Health Services Lab,ISC_StatePHL
48153,Floyd County,Texas,5042,34.07373,-101.303274,391.7236092213119,PHL_OK,Oklahoma Public Health Laboratory,State_PHL
48155,Foard County,Texas,1053,33.963306,-99.816828,282.25343444132625,PHL_OK,Oklahoma Public Health Laboratory,State_PHL
48157,Fort Bend County,Texas,958434,29.526602,-95.771015,51.81687327710804,MUN_HOU,Houston Health Department Laboratory,ELC_Direct_City
48159,Franklin County,Texas,10912,33.175846,-95.219066,321.29689023016516,PHL_AR,Arkansas Department of Health Lab,State_PHL
48161,Freestone County,Texas,20645,31.701749,-96.144957,217.30972428179038,MUN_HOU,Houston Health Department Laboratory,ELC_Direct_City
48163,Frio County,Texas,19520,28.869383,-99.109005,204.97448542860366,ISC_TX,Texas Dept of State Health Services Lab,ISC_StatePHL
48165,Gaines County,Texas,22892,32.743942,-102.631561,452.5021341350476,PHL_NM,New Mexico Scientific Laboratory Division,State_PHL
48167,Galveston County,Texas,367407,29.233927,-94.888197,84.78904032787813,MUN_HOU,Houston Health Department Laboratory,ELC_Direct_City
48169,Garza County,Texas,4645,33.183792,-101.301134,443.87350030907817,PHL_OK,Oklahoma Public Health Laboratory,State_PHL
48171,Gillespie County,Texas,28159,30.325093,-98.94185,120.45968737724853,ISC_TX,Texas Dept of State Health Services Lab,ISC_StatePHL
48173,Glasscock County,Texas,1153,31.868006,-101.521494,407.28737928847556,ISC_TX,Texas Dept of State Health Services Lab,ISC_StatePHL
48175,Goliad County,Texas,7221,28.6607,-97.430415,177.36341882444563,ISC_TX,Texas Dept of State Health Services Lab,ISC_StatePHL
48177,Gonzales County,Texas,20040,29.461912,-97.49192,88.57687985160545,ISC_TX,Texas Dept of State Health Services Lab,ISC_StatePHL
48179,Gray County,Texas,20888,35.402542,-100.812374,308.5861653578938,PHL_OK,Oklahoma Public Health Laboratory,State_PHL
48181,Grayson County,Texas,150532,33.624548,-96.675777,224.87263959929638,PHL_OK,Oklahoma Public Health Laboratory,State_PHL
48183,Gregg County,Texas,126679,32.486401,-94.816277,297.44908804349564,MUN_HOU,Houston Health Department Laboratory,ELC_Direct_City
48185,Grimes County,Texas,33448,30.543231,-95.988082,95.33085735689261,MUN_HOU,Houston Health Department Laboratory,ELC_Direct_City
48187,Guadalupe County,Texas,195166,29.582671,-97.948995,77.14605247489592,ISC_TX,Texas Dept of State Health Services Lab,ISC_StatePHL
48189,Hale County,Texas,31953,34.068436,-101.822888,435.44494295936823,PHL_OK,Oklahoma Public Health Laboratory,State_PHL
48191,Hall County,Texas,2828,34.453189,-100.576343,313.3512278164817,PHL_OK,Oklahoma Public Health Laboratory,State_PHL
48193,Hamilton County,Texas,8644,31.707342,-98.111756,168.06578599680478,ISC_TX,Texas Dept of State Health Services Lab,ISC_StatePHL
48195,Hansford County,Texas,5006,36.272847,-101.35693,364.3331482635064,PHL_OK,Oklahoma Public Health Laboratory,State_PHL
48197,Hardeman County,Texas,3417,34.289904,-99.745697,255.22727506822406,PHL_OK,Oklahoma Public Health Laboratory,State_PHL
48199,Hardin County,Texas,58670,30.329648,-94.393178,109.59893332222535,MUN_HOU,Houston Health Department Laboratory,ELC_Direct_City
48201,Harris County,Texas,5009302,29.857273,-95.393037,0.0,MUN_HOU,Houston Health Department Laboratory,ELC_Direct_City
48203,Harrison County,Texas,71370,32.547991,-94.374434,312.17556498522566,PHL_AR,Arkansas Department of Health Lab,State_PHL
48205,Hartley County,Texas,4996,35.840244,-102.610047,377.9168652059112,PHL_NM,New Mexico Scientific Laboratory Division,State_PHL
48207,Haskell County,Texas,5435,33.175964,-99.730774,339.6148623458593,PHL_OK,Oklahoma Public Health Laboratory,State_PHL
48209,Hays County,Texas,292029,30.061225,-98.029267,38.06828499332533,ISC_TX,Texas Dept of State Health Services Lab,ISC_StatePHL
48211,Hemphill County,Texas,3134,35.815956,-100.27921,260.8046206654653,PHL_OK,Oklahoma Public Health Laboratory,State_PHL
48213,Henderson County,Texas,87467,32.211633,-95.853418,265.4411852910591,MUN_HOU,Houston Health Department Laboratory,ELC_Direct_City
48215,Hidalgo County,Texas,914820,26.396384,-98.18099,430.0149441954769,ISC_TX,Texas Dept of State Health Services Lab,ISC_StatePHL
48217,Hill County,Texas,38771,31.982641,-97.130632,201.04022500266677,ISC_TX,Texas Dept of State Health Services Lab,ISC_StatePHL
48219,Hockley County,Texas,21505,33.605932,-102.343398,428.5359651893167,PHL_NM,New Mexico Scientific Laboratory Division,State_PHL
48221,Hood County,Texas,69126,32.430149,-97.831677,243.9522679741542,ISC_TX,Texas Dept of State Health Services Lab,ISC_StatePHL
48223,Hopkins County,Texas,38784,33.148967,-95.565434,316.5408441693769,PHL_OK,Oklahoma Public Health Laboratory,State_PHL
48225,Houston County,Texas,22197,31.323036,-95.4216,163.00833662386358,MUN_HOU,Houston Health Department Laboratory,ELC_Direct_City
48227,Howard County,Texas,30833,32.30343,-101.438721,423.64703142009165,ISC_TX,Texas Dept of State Health Services Lab,ISC_StatePHL
48229,Hudspeth County,Texas,3608,31.450868,-105.377549,418.2099843530165,PHL_NM,New Mexico Scientific Laboratory Division,State_PHL
48231,Hunt County,Texas,118729,33.123308,-96.08423,296.45679288805275,PHL_OK,Oklahoma Public Health Laboratory,State_PHL
48233,Hutchinson County,Texas,19721,35.837047,-101.362746,358.3577753598425,PHL_OK,Oklahoma Public Health Laboratory,State_PHL
48235,Irion County,Texas,1526,31.303424,-100.981304,335.83657063677094,ISC_TX,Texas Dept of State Health Services Lab,ISC_StatePHL
48237,Jack County,Texas,9398,33.23216,-98.171177,267.53384420968825,PHL_OK,Oklahoma Public Health Laboratory,State_PHL
48239,Jackson County,Texas,15284,28.959802,-96.58908,152.9082721947999,MUN_HOU,Houston Health Department Laboratory,ELC_Direct_City
48241,Jasper County,Texas,32907,30.752932,-94.022294,165.02769977581187,MUN_HOU,Houston Health Department Laboratory,ELC_Direct_City
48243,Jeff Davis County,Texas,1778,30.625357,-104.191873,544.0202621784986,PHL_NM,New Mexico Scientific Laboratory Division,State_PHL
48245,Jefferson County,Texas,253948,29.854,-94.149331,119.93975377535438,MUN_HOU,Houston Health Department Laboratory,ELC_Direct_City
48247,Jim Hogg County,Texas,4583,27.053231,-98.747572,368.9813444129973,ISC_TX,Texas Dept of State Health Services Lab,ISC_StatePHL
48249,Jim Wells County,Texas,38886,27.733516,-98.090814,281.35019149431315,ISC_TX,Texas Dept of State Health Services Lab,ISC_StatePHL
48251,Johnson County,Texas,210547,32.379654,-97.364906,239.9836413438743,ISC_TX,Texas Dept of State Health Services Lab,ISC_StatePHL
48253,Jones County,Texas,20850,32.743709,-99.87443,346.9447024329271,ISC_TX,Texas Dept of State Health Services Lab,ISC_StatePHL
48255,Karnes County,Texas,15137,28.908996,-97.852205,148.76305251374444,ISC_TX,Texas Dept of State Health Services Lab,ISC_StatePHL
48257,Kaufman County,Texas,197829,32.598944,-96.288377,294.18869930990405,ISC_TX,Texas Dept of State Health Services Lab,ISC_StatePHL
48259,Kendall County,Texas,51828,29.943525,-98.709269,103.32198249745757,ISC_TX,Texas Dept of State Health Services Lab,ISC_StatePHL
48261,Kenedy County,Texas,330,26.890213,-97.591143,372.5534472878834,ISC_TX,Texas Dept of State Health Services Lab,ISC_StatePHL
48263,Kent County,Texas,703,33.18478,-100.76972,405.6083170132156,PHL_OK,Oklahoma Public Health Laboratory,State_PHL
48265,Kerr County,Texas,53900,30.059953,-99.353339,161.0521536912639,ISC_TX,Texas Dept of State Health Services Lab,ISC_StatePHL
48267,Kimble County,Texas,4401,30.479472,-99.746396,198.97709674287046,ISC_TX,Texas Dept of State Health Services Lab,ISC_StatePHL
48269,King County,Texas,215,33.614268,-100.245345,337.5389150613967,PHL_OK,Oklahoma Public Health Laboratory,State_PHL
48271,Kinney County,Texas,3191,29.347086,-100.4177,281.1754850514149,ISC_TX,Texas Dept of State Health Services Lab,ISC_StatePHL
48273,Kleberg County,Texas,30442,27.438735,-97.66062,311.44660794455604,ISC_TX,Texas Dept of State Health Services Lab,ISC_StatePHL
48275,Knox County,Texas,3255,33.61189,-99.730356,302.98310097922206,PHL_OK,Oklahoma Public Health Laboratory,State_PHL
48277,Lamar County,Texas,51249,33.667263,-95.570348,269.0015725163135,PHL_OK,Oklahoma Public Health Laboratory,State_PHL
48279,Lamb County,Texas,12687,34.068861,-102.348018,410.51675692565436,PHL_NM,New Mexico Scientific Laboratory Division,State_PHL
48281,Lampasas County,Texas,23539,31.196731,-98.240889,118.69836545966959,ISC_TX,Texas Dept of State Health Services Lab,ISC_StatePHL
48283,La Salle County,Texas,6679,28.351098,-99.096774,250.33185228157197,ISC_TX,Texas Dept of State Health Services Lab,ISC_StatePHL
48285,Lavaca County,Texas,20605,29.382578,-96.923633,120.68360003733068,ISC_TX,Texas Dept of State Health Services Lab,ISC_StatePHL
48287,Lee County,Texas,18451,30.321498,-96.976823,69.20718985232214,ISC_TX,Texas Dept of State Health Services Lab,ISC_StatePHL
48289,Leon County,Texas,16698,31.300493,-95.995622,170.5307614860457,MUN_HOU,Houston Health Department Laboratory,ELC_Direct_City
48291,Liberty County,Texas,115042,30.158508,-94.844061,62.57973925446961,MUN_HOU,Houston Health Department Laboratory,ELC_Direct_City
48293,Limestone County,Texas,22569,31.547543,-96.593623,179.22957023927316,ISC_TX,Texas Dept of State Health Services Lab,ISC_StatePHL
48295,Lipscomb County,Texas,2880,36.2802,-100.272683,270.16147325345565,PHL_OK,Oklahoma Public Health Laboratory,State_PHL
48297,Live Oak County,Texas,11967,28.351535,-98.126961,214.1422630796842,ISC_TX,Texas Dept of State Health Services Lab,ISC_StatePHL
48299,Llano County,Texas,23163,30.707584,-98.68469,108.50156372630254,ISC_TX,Texas Dept of State Health Services Lab,ISC_StatePHL
48301,Loving County,Texas,48,31.844936,-103.561229,458.6755707398663,PHL_NM,New Mexico Scientific Laboratory Division,State_PHL
48303,Lubbock County,Texas,327394,33.611469,-101.819944,457.88001646147126,PHL_OK,Oklahoma Public Health Laboratory,State_PHL
48305,Lynn County,Texas,5952,33.178412,-101.818493,483.2224994514244,PHL_OK,Oklahoma Public Health Laboratory,State_PHL
48307,McCulloch County,Texas,7448,31.205477,-99.359856,192.28878500080648,ISC_TX,Texas Dept of State Health Services Lab,ISC_StatePHL
48309,McLennan County,Texas,270358,31.549596,-97.201511,152.98608338907488,ISC_TX,Texas Dept of State Health Services Lab,ISC_StatePHL
48311,McMullen County,Texas,565,28.384922,-98.578853,223.4544472498305,ISC_TX,Texas Dept of State Health Services Lab,ISC_StatePHL
48313,Madison County,Texas,13877,30.966878,-95.930372,133.70930416836197,MUN_HOU,Houston Health Department Laboratory,ELC_Direct_City
48315,Marion County,Texas,9704,32.798182,-94.356853,289.41030998311555,PHL_AR,Arkansas Department of Health Lab,State_PHL
48317,Martin County,Texas,5179,32.30983,-101.961836,466.5421503618232,ISC_TX,Texas Dept of State Health Services Lab,ISC_StatePHL
48319,Mason County,Texas,3987,30.703916,-99.237302,156.90551587280925,ISC_TX,Texas Dept of State Health Services Lab,ISC_StatePHL
48321,Matagorda County,Texas,36391,28.77476,-96.001532,134.04954512122154,MUN_HOU,Houston Health Department Laboratory,ELC_Direct_City
48323,Maverick County,Texas,58829,28.729787,-100.316678,304.5491630867981,ISC_TX,Texas Dept of State Health Services Lab,ISC_StatePHL
48325,Medina County,Texas,55619,29.353661,-99.111085,168.73608615232783,ISC_TX,Texas Dept of State Health Services Lab,ISC_StatePHL
48327,Menard County,Texas,1911,30.885268,-99.858861,219.60622489686548,ISC_TX,Texas Dept of State Health Services Lab,ISC_StatePHL
48329,Midland County,Texas,183587,31.814269,-102.002454,446.5092355254122,ISC_TX,Texas Dept of State Health Services Lab,ISC_StatePHL
48331,Milam County,Texas,26159,30.791242,-96.984395,91.37216754917836,ISC_TX,Texas Dept of State Health Services Lab,ISC_StatePHL
48333,Mills County,Texas,4563,31.494888,-98.594623,164.07036223744893,ISC_TX,Texas Dept of State Health Services Lab,ISC_StatePHL
48335,Mitchell County,Texas,8968,32.304117,-100.924392,383.5283370356801,ISC_TX,Texas Dept of State Health Services Lab,ISC_StatePHL
48337,Montague County,Texas,21890,33.678356,-97.725014,210.61926183851278,PHL_OK,Oklahoma Public Health Laboratory,State_PHL
48339,Montgomery County,Texas,749613,30.298801,-95.50295,50.22187199925905,MUN_HOU,Houston Health Department Laboratory,ELC_Direct_City
48341,Moore County,Texas,21872,35.835676,-101.890502,405.8351429761698,PHL_OK,Oklahoma Public Health Laboratory,State_PHL
48343,Morris County,Texas,12184,33.116466,-94.731265,289.08713202549455,PHL_AR,Arkansas Department of Health Lab,State_PHL
48345,Motley County,Texas,1015,34.057899,-100.793152,350.88279327454705,PHL_OK,Oklahoma Public Health Laboratory,State_PHL
48347,Nacogdoches County,Texas,65728,31.62056,-94.62025,209.5158066588137,MUN_HOU,Houston Health Department Laboratory,ELC_Direct_City
48349,Navarro County,Texas,56533,32.048448,-96.476909,231.97578737418178,ISC_TX,Texas Dept of State Health Services Lab,ISC_StatePHL
48351,Newton County,Texas,11908,30.786718,-93.73925,189.4118634596638,MUN_HOU,Houston Health Department Laboratory,ELC_Direct_City
48353,Nolan County,Texas,14182,32.312338,-100.418108,346.7894346836923,ISC_TX,Texas Dept of State Health Services Lab,ISC_StatePHL
48355,Nueces County,Texas,353125,27.740032,-97.516214,278.45049447906086,ISC_TX,Texas Dept of State Health Services Lab,ISC_StatePHL
48357,Ochiltree County,Texas,9717,36.278744,-100.815864,317.13541599983137,PHL_OK,Oklahoma Public Health Laboratory,State_PHL
48359,Oldham County,Texas,1823,35.401921,-102.59762,371.81113177126326,PHL_NM,New Mexico Scientific Laboratory Division,State_PHL
48361,Orange County,Texas,86115,30.122323,-93.8941,147.33545981865987,MUN_HOU,Houston Health Department Laboratory,ELC_Direct_City
48363,Palo Pinto County,Texas,30231,32.752204,-98.317967,285.644812051615,ISC_TX,Texas Dept of State Health Services Lab,ISC_StatePHL
48365,Panola County,Texas,23022,32.163978,-94.305156,276.64956548596723,MUN_HOU,Houston Health Department Laboratory,ELC_Direct_City
48367,Parker County,Texas,179707,32.777096,-97.805905,282.37548325627614,ISC_TX,Texas Dept of State Health Services Lab,ISC_StatePHL
48369,Parmer County,Texas,9669,34.532163,-102.784853,359.3736627458096,PHL_NM,New Mexico Scientific Laboratory Division,State_PHL
48371,Pecos County,Texas,14712,30.773298,-102.718153,485.1886321954529,ISC_TX,Texas Dept of State Health Services Lab,ISC_StatePHL
48373,Polk County,Texas,54258,30.784553,-94.837338,116.08749877190523,MUN_HOU,Houston Health Department Laboratory,ELC_Direct_City
48375,Potter County,Texas,114649,35.398675,-101.893804,406.40571909756926,PHL_OK,Oklahoma Public Health Laboratory,State_PHL
48377,Presidio County,Texas,5686,30.005891,-104.261619,604.8991681518482,PHL_NM,New Mexico Scientific Laboratory Division,State_PHL
48379,Rains County,Texas,13306,32.870457,-95.795613,333.30388617740584,PHL_OK,Oklahoma Public Health Laboratory,State_PHL
48381,Randall County,Texas,150547,34.962529,-101.895547,412.57526358477816,PHL_OK,Oklahoma Public Health Laboratory,State_PHL
48383,Reagan County,Texas,3139,31.375191,-101.514395,386.3188787249213,ISC_TX,Texas Dept of State Health Services Lab,ISC_StatePHL
48385,Real County,Texas,2772,29.830097,-99.812549,209.21190441174764,ISC_TX,Texas Dept of State Health Services Lab,ISC_StatePHL
48387,Red River County,Texas,11696,33.619625,-95.048429,282.23655164675824,PHL_AR,Arkansas Department of Health Lab,State_PHL
48389,Reeves County,Texas,11956,31.308366,-103.712706,499.064424106736,PHL_NM,New Mexico Scientific Laboratory Division,State_PHL
48391,Refugio County,Texas,6739,28.322116,-97.162472,219.2855902340652,ISC_TX,Texas Dept of State Health Services Lab,ISC_StatePHL
48393,Roberts County,Texas,837,35.838596,-100.836682,311.08550149695577,PHL_OK,Oklahoma Public Health Laboratory,State_PHL
48395,Robertson County,Texas,17659,31.025481,-96.514941,142.4946250592783,ISC_TX,Texas Dept of State Health Services Lab,ISC_StatePHL
48397,Rockwall County,Texas,137044,32.899886,-96.41205,309.0993321341234,PHL_OK,Oklahoma Public Health Laboratory,State_PHL
48399,Runnels County,Texas,9751,31.845119,-99.982715,282.0008184767559,ISC_TX,Texas Dept of State Health Services Lab,ISC_StatePHL
48401,Rusk County,Texas,53391,32.109423,-94.756382,257.6752139876824,MUN_HOU,Houston Health Department Laboratory,ELC_Direct_City
48403,Sabine County,Texas,10058,31.3433,-93.851913,221.48917126299855,MUN_HOU,Houston Health Department Laboratory,ELC_Direct_City
48405,San Augustine County,Texas,7767,31.382449,-94.16318,206.42065846295023,MUN_HOU,Houston Health Department Laboratory,ELC_Direct_City
48407,San Jacinto County,Texas,29326,30.574388,-95.163136,82.74284318358774,MUN_HOU,Houston Health Department Laboratory,ELC_Direct_City
48409,San Patricio County,Texas,71467,28.011794,-97.517157,248.28758620268357,ISC_TX,Texas Dept of State Health Services Lab,ISC_StatePHL
48411,San Saba County,Texas,5508,31.155138,-98.819292,148.3167266816966,ISC_TX,Texas Dept of State Health Services Lab,ISC_StatePHL
48413,Schleicher County,Texas,2302,30.896233,-100.527216,281.1572400162346,ISC_TX,Texas Dept of State Health Services Lab,ISC_StatePHL
48415,Scurry County,Texas,16211,32.744353,-100.913346,413.3689405574161,ISC_TX,Texas Dept of State Health Services Lab,ISC_StatePHL
48417,Shackelford County,Texas,3169,32.74382,-99.347005,319.6583096459189,ISC_TX,Texas Dept of State Health Services Lab,ISC_StatePHL
48419,Shelby County,Texas,24192,31.790139,-94.142579,245.8600023257236,MUN_HOU,Houston Health Department Laboratory,ELC_Direct_City
48421,Sherman County,Texas,2771,36.278593,-101.899265,412.2231355765303,PHL_OK,Oklahoma Public Health Laboratory,State_PHL
48423,Smith County,Texas,249091,32.375105,-95.268939,280.219195781598,MUN_HOU,Houston Health Department Laboratory,ELC_Direct_City
48425,Somervell County,Texas,10098,32.218071,-97.769217,220.1303870193266,ISC_TX,Texas Dept of State Health Services Lab,ISC_StatePHL
48427,Starr County,Texas,66587,26.530903,-98.740235,424.94615666808835,ISC_TX,Texas Dept of State Health Services Lab,ISC_StatePHL
48429,Stephens County,Texas,9475,32.738052,-98.839344,298.384471518979,ISC_TX,Texas Dept of State Health Services Lab,ISC_StatePHL
48431,Sterling County,Texas,1387,31.835773,-101.054911,366.31236023315796,ISC_TX,Texas Dept of State Health Services Lab,ISC_StatePHL
48433,Stonewall County,Texas,1235,33.17958,-100.253807,371.3154115476989,PHL_OK,Oklahoma Public Health Laboratory,State_PHL
48435,Sutton County,Texas,3269,30.522185,-100.513359,272.5226722731654,ISC_TX,Texas Dept of State Health Services Lab,ISC_StatePHL
48437,Swisher County,Texas,6877,34.526319,-101.743865,410.8009158009558,PHL_OK,Oklahoma Public Health Laboratory,State_PHL
48439,Tarrant County,Texas,2230708,32.772119,-97.291224,284.1543707948876,ISC_TX,Texas Dept of State Health Services Lab,ISC_StatePHL
48441,Taylor County,Texas,148813,32.297126,-99.89043,309.87720824860696,ISC_TX,Texas Dept of State Health Services Lab,ISC_StatePHL
48443,Terrell County,Texas,718,30.232343,-102.072513,420.87147077545916,ISC_TX,Texas Dept of State Health Services Lab,ISC_StatePHL
48445,Terry County,Texas,11602,33.171229,-102.339284,450.1621416744197,PHL_NM,New Mexico Scientific Laboratory Division,State_PHL
48447,Throckmorton County,Texas,1532,33.170695,-99.205796,312.1628302269725,PHL_OK,Oklahoma Public Health Laboratory,State_PHL
48449,Titus County,Texas,31547,33.214599,-94.966783,299.61860522977076,PHL_AR,Arkansas Department of Health Lab,State_PHL
48451,Tom Green County,Texas,120103,31.398295,-100.46385,294.43701338053995,ISC_TX,Texas Dept of State Health Services Lab,ISC_StatePHL
48453,Travis County,Texas,1363767,30.239513,-97.69127,0.0,ISC_TX,Texas Dept of State Health Services Lab,ISC_StatePHL
48455,Trinity County,Texas,14489,31.096675,-95.151687,139.7423977155255,MUN_HOU,Houston Health Department Laboratory,ELC_Direct_City
48457,Tyler County,Texas,20560,30.769295,-94.375656,140.78908430443596,MUN_HOU,Houston Health Department Laboratory,ELC_Direct_City
48459,Upshur County,Texas,44050,32.735349,-94.941184,322.8931448640646,MUN_HOU,Houston Health Department Laboratory,ELC_Direct_City
48461,Upton County,Texas,3128,31.353816,-102.041546,433.56031240429155,ISC_TX,Texas Dept of State Health Services Lab,ISC_StatePHL
48463,Uvalde County,Texas,25138,29.350308,-99.768427,223.49215772323313,ISC_TX,Texas Dept of State Health Services Lab,ISC_StatePHL
48465,Val Verde County,Texas,47999,29.875285,-101.143324,334.67801839941677,ISC_TX,Texas Dept of State Health Services Lab,ISC_StatePHL
48467,Van Zandt County,Texas,65304,32.558787,-95.836906,303.34510326711455,MUN_HOU,Houston Health Department Laboratory,ELC_Direct_City
48469,Victoria County,Texas,91949,28.79637,-96.971198,174.94241499471934,ISC_TX,Texas Dept of State Health Services Lab,ISC_StatePHL
48471,Walker County,Texas,83722,30.743163,-95.569825,99.95789337133911,MUN_HOU,Houston Health Department Laboratory,ELC_Direct_City
48473,Waller County,Texas,65109,30.01359,-95.982149,59.36833529223397,MUN_HOU,Houston Health Department Laboratory,ELC_Direct_City
48475,Ward County,Texas,11038,31.513069,-103.105113,514.4468370716064,PHL_NM,New Mexico Scientific Laboratory Division,State_PHL
48477,Washington County,Texas,37810,30.215075,-96.410272,105.69494050402443,MUN_HOU,Houston Health Department Laboratory,ELC_Direct_City
48479,Webb County,Texas,272823,27.760799,-99.340752,318.8921285153232,ISC_TX,Texas Dept of State Health Services Lab,ISC_StatePHL
48481,Wharton County,Texas,42035,29.27848,-96.229674,103.38814621488694,MUN_HOU,Houston Health Department Laboratory,ELC_Direct_City
48483,Wheeler County,Texas,4824,35.392597,-100.253105,258.1326249286629,PHL_OK,Oklahoma Public Health Laboratory,State_PHL
48485,Wichita County,Texas,129984,33.988212,-98.70801,210.72278270075265,PHL_OK,Oklahoma Public Health Laboratory,State_PHL
48487,Wilbarger County,Texas,12455,34.08492,-99.24244,233.88393954058134,PHL_OK,Oklahoma Public Health Laboratory,State_PHL
48489,Willacy County,Texas,20027,26.481861,-97.594731,417.93853176500915,ISC_TX,Texas Dept of State Health Services Lab,ISC_StatePHL
48491,Williamson County,Texas,727480,30.649082,-97.605065,46.28569026600579,ISC_TX,Texas Dept of State Health Services Lab,ISC_StatePHL
48493,Wilson County,Texas,55415,29.173883,-98.086734,124.49589544662568,ISC_TX,Texas Dept of State Health Services Lab,ISC_StatePHL
48495,Winkler County,Texas,7381,31.832862,-103.054925,490.5415384383471,PHL_NM,New Mexico Scientific Laboratory Division,State_PHL
48497,Wise County,Texas,81275,33.219346,-97.652986,260.6295415405432,PHL_OK,Oklahoma Public Health Laboratory,State_PHL
48499,Wood County,Texas,48742,32.783588,-95.382166,325.39301958455553,MUN_HOU,Houston Health Department Laboratory,ELC_Direct_City
48501,Yoakum County,Texas,7581,33.162339,-102.832241,411.0587422602173,PHL_NM,New Mexico Scientific Laboratory Division,State_PHL
48503,Young County,Texas,18236,33.158778,-98.67839,290.7505224471448,PHL_OK,Oklahoma Public Health Laboratory,State_PHL
48505,Zapata County,Texas,13819,26.996981,-99.182603,388.81618641825185,ISC_TX,Texas Dept of State Health Services Lab,ISC_StatePHL
48507,Zavala County,Texas,9209,28.864652,-99.75983,251.79930903193517,ISC_TX,Texas Dept of State Health Services Lab,ISC_StatePHL
49001,Beaver County,Utah,7424,38.357535,-113.238948,280.5556311747901,PHL_UT,Utah Unified State Laboratories: Public Health,State_PHL
49003,Box Elder County,Utah,64120,41.622623,-113.060252,142.54157852263347,PHL_UT,Utah Unified State Laboratories: Public Health,State_PHL
49005,Cache County,Utah,145487,41.734118,-111.745394,119.50029869292828,PHL_UT,Utah Unified State Laboratories: Public Health,State_PHL
49007,Carbon County,Utah,20613,39.673284,-110.588484,158.46461964453582,PHL_UT,Utah Unified State Laboratories: Public Health,State_PHL
49009,Daggett County,Utah,956,40.890099,-109.505785,205.12230516009402,PHL_UT,Utah Unified State Laboratories: Public Health,State_PHL
49011,Davis County,Utah,378470,41.037559,-112.201943,47.278373188734676,PHL_UT,Utah Unified State Laboratories: Public Health,State_PHL
49013,Duchesne County,Utah,20803,40.289393,-110.429584,133.23763549928393,PHL_UT,Utah Unified State Laboratories: Public Health,State_PHL
49015,Emery County,Utah,10161,39.009025,-110.7211,211.12648961218994,PHL_UT,Utah Unified State Laboratories: Public Health,State_PHL
49017,Garfield County,Utah,5290,37.831663,-111.450907,317.99450651386906,PHL_UT,Utah Unified State Laboratories: Public Health,State_PHL
49019,Grand County,Utah,9788,38.974326,-109.57345,275.24088110555135,PHL_UT,Utah Unified State Laboratories: Public Health,State_PHL
49021,Iron County,Utah,65936,37.909304,-113.30674,328.9939835152011,PHL_UT,Utah Unified State Laboratories: Public Health,State_PHL
49023,Juab County,Utah,13297,39.71412,-112.790471,129.07671029094305,PHL_UT,Utah Unified State Laboratories: Public Health,State_PHL
49025,Kane County,Utah,8525,37.275089,-111.815329,377.37884860760164,PHL_UT,Utah Unified State Laboratories: Public Health,State_PHL
49027,Millard County,Utah,13572,38.956744,-113.133092,216.47447509582602,PHL_UT,Utah Unified State Laboratories: Public Health,State_PHL
49029,Morgan County,Utah,13093,41.091027,-111.577885,55.333104972880264,PHL_UT,Utah Unified State Laboratories: Public Health,State_PHL
49031,Piute County,Utah,1534,38.335881,-112.129375,259.90315698432715,PHL_UT,Utah Unified State Laboratories: Public Health,State_PHL
49033,Rich County,Utah,2752,41.627598,-111.240227,121.11218454586724,PHL_UT,Utah Unified State Laboratories: Public Health,State_PHL
49035,Salt Lake County,Utah,1216274,40.667883,-111.92424,0.0,PHL_UT,Utah Unified State Laboratories: Public Health,State_PHL
49037,San Juan County,Utah,14601,37.602633,-109.791574,387.27335486766907,PHL_UT,Utah Unified State Laboratories: Public Health,State_PHL
49039,Sanpete County,Utah,30732,39.373426,-111.576933,146.94360628540431,PHL_UT,Utah Unified State Laboratories: Public Health,State_PHL
49041,Sevier County,Utah,22520,38.746824,-111.81193,213.82789740679587,PHL_UT,Utah Unified State Laboratories: Public Health,State_PHL
49043,Summit County,Utah,43109,40.87206,-110.968486,83.62631929638802,PHL_UT,Utah Unified State Laboratories: Public Health,State_PHL
49045,Tooele County,Utah,84488,40.467753,-113.123979,103.75291620873945,PHL_UT,Utah Unified State Laboratories: Public Health,State_PHL
49047,Uintah County,Utah,38307,40.125887,-109.517748,212.50562862132514,PHL_UT,Utah Unified State Laboratories: Public Health,State_PHL
49049,Utah County,Utah,747234,40.120418,-111.668563,64.61130566189465,PHL_UT,Utah Unified State Laboratories: Public Health,State_PHL
49051,Wasatch County,Utah,37858,40.334884,-111.161568,74.35941087200317,PHL_UT,Utah Unified State Laboratories: Public Health,State_PHL
49053,Washington County,Utah,207943,37.262531,-113.4878,402.0438851175661,PHL_UT,Utah Unified State Laboratories: Public Health,State_PHL
49055,Wayne County,Utah,2608,38.259856,-110.990872,279.48660074193157,PHL_UT,Utah Unified State Laboratories: Public Health,State_PHL
49057,Weber County,Utah,276118,41.270325,-111.876883,67.10638474264972,PHL_UT,Utah Unified State Laboratories: Public Health,State_PHL
50001,Addison County,Vermont,38047,44.031248,-73.141581,48.38789888498487,PHL_VT,Vermont Department of Health Laboratory,State_PHL
50003,Bennington County,Vermont,37039,43.035328,-73.111496,86.14746692676752,NIRC_NY,Wadsworth Center (NYSDOH),NIRC_StatePHL
50005,Caledonia County,Vermont,30535,44.468791,-72.112168,75.96487603297555,PHL_VT,Vermont Department of Health Laboratory,State_PHL
50007,Chittenden County,Vermont,170851,44.463329,-73.06941,0.0,PHL_VT,Vermont Department of Health Laboratory,State_PHL
50009,Essex County,Vermont,6037,44.724021,-71.732736,109.73722171802322,PHL_VT,Vermont Department of Health Laboratory,State_PHL
50011,Franklin County,Vermont,51066,44.858964,-72.909402,45.776608185105985,PHL_VT,Vermont Department of Health Laboratory,State_PHL
50013,Grand Isle County,Vermont,7528,44.801787,-73.300759,41.8509554998723,PHL_VT,Vermont Department of Health Laboratory,State_PHL
50015,Lamoille County,Vermont,26248,44.611192,-72.632659,38.322625791948255,PHL_VT,Vermont Department of Health Laboratory,State_PHL
50017,Orange County,Vermont,30050,44.003373,-72.369579,75.66053238648698,PHL_VT,Vermont Department of Health Laboratory,State_PHL
50019,Orleans County,Vermont,27726,44.828442,-72.25163,76.37848292352962,PHL_VT,Vermont Department of Health Laboratory,State_PHL
50021,Rutland County,Vermont,60198,43.612399,-73.060304,94.62189851126689,PHL_VT,Vermont Department of Health Laboratory,State_PHL
50023,Washington County,Vermont,59844,44.274969,-72.609444,42.135756462630326,PHL_VT,Vermont Department of Health Laboratory,State_PHL
50025,Windham County,Vermont,45627,42.995304,-72.721877,91.04092938002162,PHL_NH,New Hampshire Public Health Laboratories,State_PHL
50027,Windsor County,Vermont,57697,43.572448,-72.598813,80.1492329706078,PHL_NH,New Hampshire Public Health Laboratories,State_PHL
51001,Accomack County,Virginia,33411,37.765944,-75.757807,149.67127616039858,PHL_DE,Delaware Public Health Laboratory,State_PHL
51003,Albemarle County,Virginia,117313,38.024184,-78.553506,109.40793609686531,PHL_VA,Virginia Division of Consolidated Lab Services,State_PHL
51005,Alleghany County,Virginia,14632,37.787905,-80.008669,145.59394603914984,PHL_WV,West Virginia Office of Laboratory Services,State_PHL
51007,Amelia County,Virginia,13716,37.331927,-77.977462,49.5218443054837,PHL_VA,Virginia Division of Consolidated Lab Services,State_PHL
51009,Amherst County,Virginia,31650,37.629301,-79.154756,148.3322879858235,PHL_VA,Virginia Division of Consolidated Lab Services,State_PHL
51011,Appomattox County,Virginia,16957,37.370725,-78.81094,119.18616079299974,PHL_VA,Virginia Division of Consolidated Lab Services,State_PHL
51013,Arlington County,Virginia,239807,38.878337,-77.100703,7.835007055730683,PHL_DC,DC Public Health Laboratory (DFS),State_PHL
51015,Augusta County,Virginia,78622,38.17259,-79.140975,162.63930427010916,PHL_VA,Virginia Division of Consolidated Lab Services,State_PHL
51017,Bath County,Virginia,4071,38.068368,-79.731203,159.25917083242018,PHL_WV,West Virginia Office of Laboratory Services,State_PHL
51019,Bedford County,Virginia,82182,37.312257,-79.527223,182.7687358452589,PHL_VA,Virginia Division of Consolidated Lab Services,State_PHL
51021,Bland County,Virginia,6186,37.130612,-81.125853,137.66681052698078,PHL_WV,West Virginia Office of Laboratory Services,State_PHL
51023,Botetourt County,Virginia,34129,37.565482,-79.797546,173.47539156494489,PHL_WV,West Virginia Office of Laboratory Services,State_PHL
51025,Brunswick County,Virginia,15750,36.764204,-77.861483,91.89499362467916,PHL_VA,Virginia Division of Consolidated Lab Services,State_PHL
51027,Buchanan County,Virginia,18632,37.26812,-82.038151,126.23645664172679,PHL_WV,West Virginia Office of Laboratory Services,State_PHL
51029,Buckingham County,Virginia,17115,37.573928,-78.529169,92.96078110100296,PHL_VA,Virginia Division of Consolidated Lab Services,State_PHL
51031,Campbell County,Virginia,55342,37.210152,-79.095428,147.49555859063108,PHL_VA,Virginia Division of Consolidated Lab Services,State_PHL
51033,Caroline County,Virginia,33477,38.028033,-77.353736,56.258993348890286,PHL_VA,Virginia Division of Consolidated Lab Services,State_PHL
51035,Carroll County,Virginia,29242,36.731963,-80.727831,190.84254809141692,PHL_WV,West Virginia Office of Laboratory Services,State_PHL
51036,Charles City County,Virginia,6564,37.361054,-77.05417,41.78038004181585,PHL_VA,Virginia Division of Consolidated Lab Services,State_PHL
51037,Charlotte County,Virginia,11258,37.009042,-78.658568,119.67978564110192,PHL_VA,Virginia Division of Consolidated Lab Services,State_PHL
51041,Chesterfield County,Virginia,389793,37.378434,-77.585847,19.578166554008735,PHL_VA,Virginia Division of Consolidated Lab Services,State_PHL
51043,Clarke County,Virginia,15598,39.115307,-77.990748,87.38610589898707,PHL_DC,DC Public Health Laboratory (DFS),State_PHL
51045,Craig County,Virginia,4829,37.473603,-80.231051,147.94097558324265,PHL_WV,West Virginia Office of Laboratory Services,State_PHL
51047,Culpeper County,Virginia,56125,38.48593,-77.956476,93.90410249506883,PHL_DC,DC Public Health Laboratory (DFS),State_PHL
51049,Cumberland County,Virginia,10062,37.520189,-78.252836,68.5167082653354,PHL_VA,Virginia Division of Consolidated Lab Services,State_PHL
51051,Dickenson County,Virginia,13411,37.136701,-82.34922,151.06799652076117,PHL_WV,West Virginia Office of Laboratory Services,State_PHL
51053,Dinwiddie County,Virginia,28576,37.073498,-77.635492,52.83416611906134,PHL_VA,Virginia Division of Consolidated Lab Services,State_PHL
51057,Essex County,Virginia,10683,37.936389,-76.933747,65.5890022395876,PHL_VA,Virginia Division of Consolidated Lab Services,State_PHL
51059,Fairfax County,Virginia,1160925,38.82952,-77.273252,23.729699351633673,PHL_DC,DC Public Health Laboratory (DFS),State_PHL
51061,Fauquier County,Virginia,75865,38.744096,-77.8215,71.97248567838298,PHL_DC,DC Public Health Laboratory (DFS),State_PHL
51063,Floyd County,Virginia,15658,36.931433,-80.350266,186.5239223199734,PHL_WV,West Virginia Office of Laboratory Services,State_PHL
51065,Fluvanna County,Virginia,28746,37.830584,-78.283494,78.46222616364764,PHL_VA,Virginia Division of Consolidated Lab Services,State_PHL
51067,Franklin County,Virginia,55637,36.991186,-79.882715,173.22240212711702,PHL_NC,North Carolina State Lab of Public Health,State_PHL
51069,Frederick County,Virginia,98109,39.20366,-78.263829,112.73106893982181,PHL_DC,DC Public Health Laboratory (DFS),State_PHL
51071,Giles County,Virginia,16533,37.318072,-80.698321,133.66251601390675,PHL_WV,West Virginia Office of Laboratory Services,State_PHL
51073,Gloucester County,Virginia,40154,37.403541,-76.523505,85.25686643860216,PHL_VA,Virginia Division of Consolidated Lab Services,State_PHL
51075,Goochland County,Virginia,28223,37.718814,-77.917626,44.123967699938426,PHL_VA,Virginia Division of Consolidated Lab Services,State_PHL
51077,Grayson County,Virginia,15265,36.652229,-81.215324,188.31782687450152,PHL_WV,West Virginia Office of Laboratory Services,State_PHL
51079,Greene County,Virginia,21744,38.297981,-78.470163,121.94821617618798,PHL_VA,Virginia Division of Consolidated Lab Services,State_PHL
51081,Greensville County,Virginia,11150,36.680336,-77.560277,94.9284703951617,PHL_VA,Virginia Division of Consolidated Lab Services,State_PHL
51083,Halifax County,Virginia,33448,36.766461,-78.939614,111.64151169358313,PHL_NC,North Carolina State Lab of Public Health,State_PHL
51085,Hanover County,Virginia,115309,37.760215,-77.491317,25.47885073122472,PHL_VA,Virginia Division of Consolidated Lab Services,State_PHL
51087,Henrico County,Virginia,338696,37.43752,-77.300333,18.688095196505888,PHL_VA,Virginia Division of Consolidated Lab Services,State_PHL
51089,Henry County,Virginia,49385,36.620612,-79.980662,150.90976524957344,PHL_NC,North Carolina State Lab of Public Health,State_PHL
51091,Highland County,Virginia,2348,38.366243,-79.564472,170.8906946305348,PHL_WV,West Virginia Office of Laboratory Services,State_PHL
51093,Isle of Wight County,Virginia,40942,36.901418,-76.707569,97.6586123160599,PHL_VA,Virginia Division of Consolidated Lab Services,State_PHL
51095,James City County,Virginia,82797,37.324837,-76.777888,65.78503819249012,PHL_VA,Virginia Division of Consolidated Lab Services,State_PHL
51097,King and Queen County,Virginia,6747,37.717772,-76.905581,54.34376223821854,PHL_VA,Virginia Division of Consolidated Lab Services,State_PHL
51099,King George County,Virginia,28816,38.27718,-77.162636,70.87370553190483,PHL_DC,DC Public Health Laboratory (DFS),State_PHL
51101,King William County,Virginia,19232,37.70826,-77.091054,39.1955983857103,PHL_VA,Virginia Division of Consolidated Lab Services,State_PHL
51103,Lancaster County,Virginia,11062,37.704843,-76.412663,95.6209891027165,PHL_VA,Virginia Division of Consolidated Lab Services,State_PHL
51105,Lee County,Virginia,21780,36.701721,-83.130112,229.35929771393924,PHL_KY,Kentucky Division of Laboratory Services,State_PHL
51107,Loudoun County,Virginia,443380,39.0812,-77.638898,57.27415406323521,PHL_DC,DC Public Health Laboratory (DFS),State_PHL
51109,Louisa County,Virginia,42109,37.972704,-77.959795,64.93866232773875,PHL_VA,Virginia Division of Consolidated Lab Services,State_PHL
51111,Lunenburg County,Virginia,12060,36.945555,-78.240528,93.93564589584517,PHL_VA,Virginia Division of Consolidated Lab Services,State_PHL
51113,Madison County,Virginia,14252,38.412059,-78.276961,120.4916918642924,PHL_VA,Virginia Division of Consolidated Lab Services,State_PHL
51115,Mathews County,Virginia,8602,37.425348,-76.268808,107.17627026938118,PHL_VA,Virginia Division of Consolidated Lab Services,State_PHL
51117,Mecklenburg County,Virginia,30824,36.687256,-78.368959,102.9350897515807,PHL_NC,North Carolina State Lab of Public Health,State_PHL
51119,Middlesex County,Virginia,10949,37.606975,-76.528082,83.96682549902481,PHL_VA,Virginia Division of Consolidated Lab Services,State_PHL
51121,Montgomery County,Virginia,98998,37.175538,-80.387794,162.45919253196155,PHL_WV,West Virginia Office of Laboratory Services,State_PHL
51125,Nelson County,Virginia,14766,37.789079,-78.88344,127.16092434046851,PHL_VA,Virginia Division of Consolidated Lab Services,State_PHL
51127,New Kent County,Virginia,27218,37.51016,-76.999331,42.10557308461713,PHL_VA,Virginia Division of Consolidated Lab Services,State_PHL
51131,Northampton County,Virginia,12004,37.302775,-75.924018,139.39951685300346,PHL_VA,Virginia Division of Consolidated Lab Services,State_PHL
51133,Northumberland County,Virginia,12397,37.856974,-76.379687,103.03082515652888,PHL_VA,Virginia Division of Consolidated Lab Services,State_PHL
51135,Nottoway County,Virginia,15632,37.141167,-78.053866,67.02856095375058,PHL_VA,Virginia Division of Consolidated Lab Services,State_PHL
51137,Orange County,Virginia,38986,38.249326,-78.011092,92.61497185283844,PHL_VA,Virginia Division of Consolidated Lab Services,State_PHL
51139,Page County,Virginia,23686,38.623209,-78.491872,131.67714129751127,PHL_DC,DC Public Health Laboratory (DFS),State_PHL
51141,Patrick County,Virginia,17308,36.667138,-80.286413,176.1900003307149,PHL_NC,North Carolina State Lab of Public Health,State_PHL
51143,Pittsylvania County,Virginia,59410,36.821721,-79.398502,132.87562673349424,PHL_NC,North Carolina State Lab of Public Health,State_PHL
51145,Powhatan County,Virginia,32392,37.549404,-77.912855,38.568287440293055,PHL_VA,Virginia Division of Consolidated Lab Services,State_PHL
51147,Prince Edward County,Virginia,22276,37.224881,-78.432957,91.16669907240959,PHL_VA,Virginia Division of Consolidated Lab Services,State_PHL
51149,Prince George County,Virginia,43589,37.187325,-77.220993,44.404679006575456,PHL_VA,Virginia Division of Consolidated Lab Services,State_PHL
51153,Prince William County,Virginia,497003,38.701119,-77.479579,46.04680719451876,PHL_DC,DC Public Health Laboratory (DFS),State_PHL
51155,Pulaski County,Virginia,33579,37.063385,-80.713444,157.65525954000424,PHL_WV,West Virginia Office of Laboratory Services,State_PHL
51157,Rappahannock County,Virginia,7479,38.684522,-78.168824,102.8094556829043,PHL_DC,DC Public Health Laboratory (DFS),State_PHL
51159,Richmond County,Virginia,9215,37.942894,-76.730561,79.94105872709615,PHL_VA,Virginia Division of Consolidated Lab Services,State_PHL
51161,Roanoke County,Virginia,97334,37.330792,-80.191237,161.20468222836797,PHL_WV,West Virginia Office of Laboratory Services,State_PHL
51163,Rockbridge County,Virginia,22368,37.814517,-79.447754,176.36622075226302,PHL_VA,Virginia Division of Consolidated Lab Services,State_PHL
51165,Rockingham County,Virginia,87674,38.507612,-78.885329,164.38693285699952,PHL_VA,Virginia Division of Consolidated Lab Services,State_PHL
51167,Russell County,Virginia,25420,36.93342,-82.095934,163.0636851024,PHL_WV,West Virginia Office of Laboratory Services,State_PHL
51169,Scott County,Virginia,21388,36.712776,-82.613624,203.7194011691126,PHL_WV,West Virginia Office of Laboratory Services,State_PHL
51171,Shenandoah County,Virginia,45441,38.856204,-78.573987,134.91997895757441,PHL_DC,DC Public Health Laboratory (DFS),State_PHL
51173,Smyth County,Virginia,29137,36.842318,-81.539786,165.21408167447194,PHL_WV,West Virginia Office of Laboratory Services,State_PHL
51175,Southampton County,Virginia,17941,36.720068,-77.103813,96.0609879462144,PHL_VA,Virginia Division of Consolidated Lab Services,State_PHL
51177,Spotsylvania County,Virginia,152021,38.182431,-77.657226,74.11904449361775,PHL_VA,Virginia Division of Consolidated Lab Services,State_PHL
51179,Stafford County,Virginia,168919,38.423084,-77.458048,65.81898883508846,PHL_DC,DC Public Health Laboratory (DFS),State_PHL
51181,Surry County,Virginia,6579,37.119761,-76.880172,69.79105803947108,PHL_VA,Virginia Division of Consolidated Lab Services,State_PHL
51183,Sussex County,Virginia,10753,36.926645,-77.259732,69.91863635246226,PHL_VA,Virginia Division of Consolidated Lab Services,State_PHL
51185,Tazewell County,Virginia,38875,37.125395,-81.562924,133.77603574458612,PHL_WV,West Virginia Office of Laboratory Services,State_PHL
51187,Warren County,Virginia,42461,38.908221,-78.207594,103.06302646758137,PHL_DC,DC Public Health Laboratory (DFS),State_PHL
51191,Washington County,Virginia,54098,36.747814,-81.950322,179.70012534393413,PHL_WV,West Virginia Office of Laboratory Services,State_PHL
51193,Westmoreland County,Virginia,19235,38.109311,-76.803933,87.25981605756125,PHL_VA,Virginia Division of Consolidated Lab Services,State_PHL
51195,Wise County,Virginia,34973,36.974561,-82.62156,178.87100353855348,PHL_WV,West Virginia Office of Laboratory Services,State_PHL
51197,Wythe County,Virginia,28100,36.899868,-81.08301,163.47917920759602,PHL_WV,West Virginia Office of Laboratory Services,State_PHL
51199,York County,Virginia,71410,37.220914,-76.395533,101.5237346856125,PHL_VA,Virginia Division of Consolidated Lab Services,State_PHL
51510,Alexandria city,Virginia,159102,38.819251,-77.08367,11.096401611087384,PHL_DC,DC Public Health Laboratory (DFS),State_PHL
51520,Bristol city,Virginia,16316,36.616954,-82.157564,198.32255574577417,PHL_WV,West Virginia Office of Laboratory Services,State_PHL
51530,Buena Vista city,Virginia,6581,37.729345,-79.358134,167.19695720443264,PHL_VA,Virginia Division of Consolidated Lab Services,State_PHL
51540,Charlottesville city,Virginia,44767,38.037658,-78.485381,105.05710248186217,PHL_VA,Virginia Division of Consolidated Lab Services,State_PHL
51550,Chesapeake city,Virginia,254997,36.679376,-76.301788,140.77779042367803,PHL_VA,Virginia Division of Consolidated Lab Services,State_PHL
51570,Colonial Heights city,Virginia,18674,37.261685,-77.396804,30.796200443660943,PHL_VA,Virginia Division of Consolidated Lab Services,State_PHL
51580,Covington city,Virginia,5663,37.78106,-79.985434,147.76676755707697,PHL_WV,West Virginia Office of Laboratory Services,State_PHL
51590,Danville city,Virginia,41993,36.583334,-79.408071,111.38021410517979,PHL_NC,North Carolina State Lab of Public Health,State_PHL
51595,Emporia city,Virginia,5402,36.696182,-77.535975,93.02397724356832,PHL_VA,Virginia Division of Consolidated Lab Services,State_PHL
51600,Fairfax city,Virginia,26340,38.853183,-77.299025,25.10515597957784,PHL_DC,DC Public Health Laboratory (DFS),State_PHL
51610,Falls Church city,Virginia,15034,38.884722,-77.175603,13.937973234319058,PHL_DC,DC Public Health Laboratory (DFS),State_PHL
51620,Franklin city,Virginia,8373,36.684014,-76.941396,105.47885021890984,PHL_VA,Virginia Division of Consolidated Lab Services,State_PHL
51630,Fredericksburg city,Virginia,29992,38.299272,-77.486658,78.704109996347,PHL_DC,DC Public Health Laboratory (DFS),State_PHL
51640,Galax city,Virginia,6739,36.66564,-80.914308,192.5065168156411,PHL_WV,West Virginia Office of Laboratory Services,State_PHL
51650,Hampton city,Virginia,137596,37.047961,-76.297293,117.31415825937519,PHL_VA,Virginia Division of Consolidated Lab Services,State_PHL
51660,Harrisonburg city,Virginia,51164,38.436255,-78.873303,158.49034231875936,PHL_VA,Virginia Division of Consolidated Lab Services,State_PHL
51670,Hopewell city,Virginia,22970,37.29101,-77.298944,30.968726369419812,PHL_VA,Virginia Division of Consolidated Lab Services,State_PHL
51678,Lexington city,Virginia,7802,37.782332,-79.44432,175.50149603371952,PHL_VA,Virginia Division of Consolidated Lab Services,State_PHL
51680,Lynchburg city,Virginia,80301,37.399016,-79.195458,152.46513047129667,PHL_VA,Virginia Division of Consolidated Lab Services,State_PHL
51683,Manassas city,Virginia,43616,38.746808,-77.482633,44.010042026752075,PHL_DC,DC Public Health Laboratory (DFS),State_PHL
51685,Manassas Park city,Virginia,16611,38.769398,-77.442323,39.812189214531294,PHL_DC,DC Public Health Laboratory (DFS),State_PHL
51690,Martinsville city,Virginia,13834,36.683527,-79.863647,147.34372547543916,PHL_NC,North Carolina State Lab of Public Health,State_PHL
51700,Newport News city,Virginia,183056,37.076136,-76.52198,98.40153892711936,PHL_VA,Virginia Division of Consolidated Lab Services,State_PHL
51710,Norfolk city,Virginia,231105,36.923015,-76.244641,128.30420316965598,PHL_VA,Virginia Division of Consolidated Lab Services,State_PHL
51720,Norton city,Virginia,3478,36.931549,-82.625996,183.1348187272106,PHL_WV,West Virginia Office of Laboratory Services,State_PHL
51730,Petersburg city,Virginia,34058,37.20473,-77.392368,37.06835723851807,PHL_VA,Virginia Division of Consolidated Lab Services,State_PHL
51735,Poquoson city,Virginia,12854,37.12836,-76.303534,112.93850789859988,PHL_VA,Virginia Division of Consolidated Lab Services,State_PHL
51740,Portsmouth city,Virginia,96482,36.859339,-76.356973,124.13184851134186,PHL_VA,Virginia Division of Consolidated Lab Services,State_PHL
51750,Radford city,Virginia,17273,37.120119,-80.559147,158.85369257263298,PHL_WV,West Virginia Office of Laboratory Services,State_PHL
51760,Richmond city,Virginia,233655,37.531399,-77.476009,0.0,PHL_VA,Virginia Division of Consolidated Lab Services,State_PHL
51770,Roanoke city,Virginia,97912,37.278458,-79.958174,180.3696834902757,PHL_WV,West Virginia Office of Laboratory Services,State_PHL
51775,Salem city,Virginia,25908,37.285333,-80.055241,173.4392310398051,PHL_WV,West Virginia Office of Laboratory Services,State_PHL
51790,Staunton city,Virginia,26361,38.157978,-79.061876,155.70588187272256,PHL_VA,Virginia Division of Consolidated Lab Services,State_PHL
51800,Suffolk city,Virginia,103105,36.697157,-76.634781,119.03256049605292,PHL_VA,Virginia Division of Consolidated Lab Services,State_PHL
51810,Virginia Beach city,Virginia,454808,36.779525,-76.029142,153.069720149522,PHL_VA,Virginia Division of Consolidated Lab Services,State_PHL
51820,Waynesboro city,Virginia,23498,38.067157,-78.90142,138.6843171985127,PHL_VA,Virginia Division of Consolidated Lab Services,State_PHL
51830,Williamsburg city,Virginia,16030,37.269481,-76.708193,73.81276569218936,PHL_VA,Virginia Division of Consolidated Lab Services,State_PHL
51840,Winchester city,Virginia,27800,39.173869,-78.176356,104.56112917777634,PHL_DC,DC Public Health Laboratory (DFS),State_PHL
53001,Adams County,Washington,21039,47.011238,-118.512861,256.25256987172367,PHL_WA,Washington State Public Health Laboratories,State_PHL
53003,Asotin County,Washington,22523,46.181861,-117.227781,313.35015410326724,PHL_ID,Idaho Bureau of Laboratories,State_PHL
53005,Benton County,Washington,218190,46.228125,-119.516659,225.2604762927796,PHL_WA,Washington State Public Health Laboratories,State_PHL
53007,Chelan County,Washington,81228,47.860974,-120.619041,99.85212659734275,PHL_WA,Washington State Public Health Laboratories,State_PHL
53009,Clallam County,Washington,77958,48.110903,-123.88986,168.33038517394039,PHL_WA,Washington State Public Health Laboratories,State_PHL
53011,Clark County,Washington,527269,45.77173,-122.485953,53.3669508669499,PHL_OR,Oregon State Public Health Laboratory,State_PHL
53013,Columbia County,Washington,4025,46.29285,-117.911634,326.4029155654201,PHL_WA,Washington State Public Health Laboratories,State_PHL
53015,Cowlitz County,Washington,113982,46.196785,-122.67846,78.54171610898369,PHL_OR,Oregon State Public Health Laboratory,State_PHL
53017,Douglas County,Washington,45795,47.741763,-119.694622,162.76631831939443,PHL_WA,Washington State Public Health Laboratories,State_PHL
53019,Ferry County,Washington,7543,48.473256,-118.533589,268.8253463789393,PHL_WA,Washington State Public Health Laboratories,State_PHL
53021,Franklin County,Washington,101238,46.537502,-118.903891,246.1050592752523,PHL_WA,Washington State Public Health Laboratories,State_PHL
53023,Garfield County,Washington,2404,46.429318,-117.536705,346.3783278017291,PHL_ID,Idaho Bureau of Laboratories,State_PHL
53025,Grant County,Washington,104717,47.213633,-119.467788,180.8859693268852,PHL_WA,Washington State Public Health Laboratories,State_PHL
53027,Grays Harbor County,Washington,77893,47.113732,-123.826735,155.99106597039034,PHL_WA,Washington State Public Health Laboratories,State_PHL
53029,Island County,Washington,86478,48.158554,-122.670649,97.04988744090217,PHL_WA,Washington State Public Health Laboratories,State_PHL
53031,Jefferson County,Washington,33944,47.805708,-123.527057,131.57787884878968,PHL_WA,Washington State Public Health Laboratories,State_PHL
53033,King County,Washington,2340211,47.490552,-121.833977,0.0,PHL_WA,Washington State Public Health Laboratories,State_PHL
53035,Kitsap County,Washington,281420,47.639687,-122.649636,63.40470299588571,PHL_WA,Washington State Public Health Laboratories,State_PHL
53037,Kittitas County,Washington,48172,47.124441,-120.676709,96.28302173631882,PHL_WA,Washington State Public Health Laboratories,State_PHL
53039,Klickitat County,Washington,24124,45.870446,-120.779305,183.4115387492959,PHL_OR,Oregon State Public Health Laboratory,State_PHL
53041,Lewis County,Washington,87049,46.580071,-122.377444,109.2971655967256,PHL_WA,Washington State Public Health Laboratories,State_PHL
53043,Lincoln County,Washington,11862,47.582743,-118.417692,256.64367477619464,PHL_WA,Washington State Public Health Laboratories,State_PHL
53045,Mason County,Washington,69632,47.350832,-123.173103,101.9394584966412,PHL_WA,Washington State Public Health Laboratories,State_PHL
53047,Okanogan County,Washington,44942,48.548453,-119.742235,195.02930118921236,PHL_WA,Washington State Public Health Laboratories,State_PHL
53049,Pacific County,Washington,24245,46.556587,-123.782419,123.41726051881952,PHL_OR,Oregon State Public Health Laboratory,State_PHL
53051,Pend Oreille County,Washington,14332,48.543825,-117.232191,361.69033152186694,PHL_WA,Washington State Public Health Laboratories,State_PHL
53053,Pierce County,Washington,941170,47.051413,-122.15324,54.448121019963864,PHL_WA,Washington State Public Health Laboratories,State_PHL
53055,San Juan County,Washington,18668,48.50719,-123.103769,147.32365039208335,PHL_WA,Washington State Public Health Laboratories,State_PHL
53057,Skagit County,Washington,132736,48.493292,-121.81577,111.50783137365002,PHL_WA,Washington State Public Health Laboratories,State_PHL
53059,Skamania County,Washington,12660,46.024785,-121.953232,103.04684557225848,PHL_OR,Oregon State Public Health Laboratory,State_PHL
53061,Snohomish County,Washington,864113,48.054913,-121.765038,62.965192861183,PHL_WA,Washington State Public Health Laboratories,State_PHL
53063,Spokane County,Washington,555947,47.620375,-117.403371,332.7529463475921,PHL_WA,Washington State Public Health Laboratories,State_PHL
53065,Stevens County,Washington,49015,48.388728,-117.854455,312.7656017637043,PHL_WA,Washington State Public Health Laboratories,State_PHL
53067,Thurston County,Washington,302912,46.935822,-122.830152,97.29340211948328,PHL_WA,Washington State Public Health Laboratories,State_PHL
53069,Wahkiakum County,Washington,4800,46.294638,-123.424458,86.19656250465064,PHL_OR,Oregon State Public Health Laboratory,State_PHL
53071,Walla Walla County,Washington,62068,46.254606,-118.48037,289.5745738494869,PHL_WA,Washington State Public Health Laboratories,State_PHL
53073,Whatcom County,Washington,234954,48.842653,-121.836432,150.34688173133722,PHL_WA,Washington State Public Health Laboratories,State_PHL
53075,Whitman County,Washington,48399,46.905944,-117.53539,331.16616466449346,PHL_WA,Washington State Public Health Laboratories,State_PHL
53077,Yakima County,Washington,258523,46.456558,-120.740145,141.79519264151554,PHL_WA,Washington State Public Health Laboratories,State_PHL
54001,Barbour County,West Virginia,15369,39.139725,-79.996947,160.24139819732528,PHL_WV,West Virginia Office of Laboratory Services,State_PHL
54003,Berkeley County,West Virginia,136287,39.447938,-78.037754,106.78896788734373,PHL_DC,DC Public Health Laboratory (DFS),State_PHL
54005,Boone County,West Virginia,20496,38.022814,-81.713538,37.78899766040681,PHL_WV,West Virginia Office of Laboratory Services,State_PHL
54007,Braxton County,West Virginia,12051,38.69933,-80.73166,80.31686455056294,PHL_WV,West Virginia Office of Laboratory Services,State_PHL
54009,Brooke County,West Virginia,21285,40.272645,-80.578691,209.3708600203279,PHL_OH,Ohio Department of Health Laboratory,State_PHL
54011,Cabell County,West Virginia,91489,38.419578,-82.243397,63.57453261805758,PHL_WV,West Virginia Office of Laboratory Services,State_PHL
54013,Calhoun County,West Virginia,5873,38.844159,-81.115478,67.46132725238917,PHL_WV,West Virginia Office of Laboratory Services,State_PHL
54015,Clay County,West Virginia,7689,38.459826,-81.081866,41.18382537718939,PHL_WV,West Virginia Office of Laboratory Services,State_PHL
54017,Doddridge County,West Virginia,7615,39.264307,-80.711498,125.65712915358218,PHL_WV,West Virginia Office of Laboratory Services,State_PHL
54019,Fayette County,West Virginia,38600,38.030966,-81.086089,50.529820402551294,PHL_WV,West Virginia Office of Laboratory Services,State_PHL
54021,Gilmer County,West Virginia,7116,38.915867,-80.849413,87.75768970168306,PHL_WV,West Virginia Office of Laboratory Services,State_PHL
54023,Grant County,West Virginia,10971,39.105988,-79.195064,189.57199493694435,PHL_DC,DC Public Health Laboratory (DFS),State_PHL
54025,Greenbrier County,West Virginia,31851,37.924418,-80.45059,104.03034466611365,PHL_WV,West Virginia Office of Laboratory Services,State_PHL
54027,Hampshire County,West Virginia,23793,39.312139,-78.611989,144.9378764484544,PHL_DC,DC Public Health Laboratory (DFS),State_PHL
54029,Hancock County,West Virginia,28054,40.516958,-80.570164,215.75032452389996,PHL_OH,Ohio Department of Health Laboratory,State_PHL
54031,Hardy County,West Virginia,14335,39.011361,-78.841729,158.2652503539684,PHL_DC,DC Public Health Laboratory (DFS),State_PHL
54033,Harrison County,West Virginia,64472,39.279182,-80.386498,144.53996564398034,PHL_WV,West Virginia Office of Laboratory Services,State_PHL
54035,Jackson County,West Virginia,27718,38.834234,-81.677717,57.85709647772919,PHL_WV,West Virginia Office of Laboratory Services,State_PHL
54037,Jefferson County,West Virginia,61264,39.307398,-77.86322,85.71435384487049,PHL_DC,DC Public Health Laboratory (DFS),State_PHL
54039,Kanawha County,West Virginia,173906,38.328068,-81.523516,0.0,PHL_WV,West Virginia Office of Laboratory Services,State_PHL
54041,Lewis County,West Virginia,16477,38.988877,-80.495477,115.61568889088517,PHL_WV,West Virginia Office of Laboratory Services,State_PHL
54043,Lincoln County,West Virginia,19377,38.17177,-82.077623,51.41292766297943,PHL_WV,West Virginia Office of Laboratory Services,State_PHL
54045,Logan County,West Virginia,30560,37.830591,-81.940853,66.28934450185164,PHL_WV,West Virginia Office of Laboratory Services,State_PHL
54047,McDowell County,West Virginia,17147,37.38276,-81.658204,105.77645824601427,PHL_WV,West Virginia Office of Laboratory Services,State_PHL
54049,Marion County,West Virginia,55649,39.505839,-80.243402,171.50876036310717,PHL_WV,West Virginia Office of Laboratory Services,State_PHL
54051,Marshall County,West Virginia,29354,39.854426,-80.671794,184.9545029986441,PHL_WV,West Virginia Office of Laboratory Services,State_PHL
54053,Mason County,West Virginia,24770,38.770914,-82.029007,66.00852260111334,PHL_WV,West Virginia Office of Laboratory Services,State_PHL
54055,Mercer County,West Virginia,57524,37.403448,-81.106456,109.13655408411758,PHL_WV,West Virginia Office of Laboratory Services,State_PHL
54057,Mineral County,West Virginia,26778,39.404781,-78.95669,176.3035253552036,PHL_DC,DC Public Health Laboratory (DFS),State_PHL
54059,Mingo County,West Virginia,21712,37.721161,-82.158989,87.47870143637553,PHL_WV,West Virginia Office of Laboratory Services,State_PHL
54061,Monongalia County,West Virginia,108697,39.633645,-80.059074,192.60411749047412,PHL_WV,West Virginia Office of Laboratory Services,State_PHL
54063,Monroe County,West Virginia,12462,37.554062,-80.550329,121.2028463254118,PHL_WV,West Virginia Office of Laboratory Services,State_PHL
54065,Morgan County,West Virginia,17780,39.557345,-78.256517,129.15240116432167,PHL_DC,DC Public Health Laboratory (DFS),State_PHL
54067,Nicholas County,West Virginia,24017,38.291432,-80.797515,63.47531148684472,PHL_WV,West Virginia Office of Laboratory Services,State_PHL
54069,Ohio County,West Virginia,41090,40.100323,-80.6199,203.91713934799466,PHL_OH,Ohio Department of Health Laboratory,State_PHL
54071,Pendleton County,West Virginia,5944,38.67445,-79.340617,193.81729301526732,PHL_WV,West Virginia Office of Laboratory Services,State_PHL
54073,Pleasants County,West Virginia,7358,39.368133,-81.161172,119.83100252760288,PHL_WV,West Virginia Office of Laboratory Services,State_PHL
54075,Pocahontas County,West Virginia,7653,38.332606,-80.010121,132.00786250852263,PHL_WV,West Virginia Office of Laboratory Services,State_PHL
54077,Preston County,West Virginia,34055,39.46903,-79.668865,204.57810799114318,PHL_WV,West Virginia Office of Laboratory Services,State_PHL
54079,Putnam County,West Virginia,57067,38.510518,-81.906109,39.01992523133303,PHL_WV,West Virginia Office of Laboratory Services,State_PHL
54081,Raleigh County,West Virginia,72379,37.762469,-81.264672,66.85158737086984,PHL_WV,West Virginia Office of Laboratory Services,State_PHL
54083,Randolph County,West Virginia,27190,38.781095,-79.867788,152.53089023223185,PHL_WV,West Virginia Office of Laboratory Services,State_PHL
54085,Ritchie County,West Virginia,8170,39.177112,-81.066317,102.39574571412811,PHL_WV,West Virginia Office of Laboratory Services,State_PHL
54087,Roane County,West Virginia,13540,38.74295,-81.354494,48.41859985096381,PHL_WV,West Virginia Office of Laboratory Services,State_PHL
54089,Summers County,West Virginia,11544,37.655999,-80.856325,94.88410882923225,PHL_WV,West Virginia Office of Laboratory Services,State_PHL
54091,Taylor County,West Virginia,16438,39.332478,-80.046554,169.82297747851956,PHL_WV,West Virginia Office of Laboratory Services,State_PHL
54093,Tucker County,West Virginia,6573,39.111175,-79.559968,191.30890215457228,PHL_WV,West Virginia Office of Laboratory Services,State_PHL
54095,Tyler County,West Virginia,7843,39.465634,-80.877219,138.30424408376405,PHL_WV,West Virginia Office of Laboratory Services,State_PHL
54097,Upshur County,West Virginia,23650,38.90253,-80.231606,129.14570155371075,PHL_WV,West Virginia Office of Laboratory Services,State_PHL
54099,Wayne County,West Virginia,37589,38.143642,-82.422666,81.16499185163622,PHL_WV,West Virginia Office of Laboratory Services,State_PHL
54101,Webster County,West Virginia,7947,38.483459,-80.449052,95.20473733557273,PHL_WV,West Virginia Office of Laboratory Services,State_PHL
54103,Wetzel County,West Virginia,13766,39.59818,-80.635399,160.75227996158873,PHL_WV,West Virginia Office of Laboratory Services,State_PHL
54105,Wirt County,West Virginia,4924,39.020034,-81.382975,77.90436615649222,PHL_WV,West Virginia Office of Laboratory Services,State_PHL
54107,Wood County,West Virginia,82757,39.211602,-81.516234,98.2465265725126,PHL_WV,West Virginia Office of Laboratory Services,State_PHL
54109,Wyoming County,West Virginia,19964,37.60366,-81.549032,80.58154467939723,PHL_WV,West Virginia Office of Laboratory Services,State_PHL
55001,Adams County,Wisconsin,21352,43.973757,-89.767228,104.63772257948962,NIRC_WI,Wisconsin State Laboratory of Hygiene,NIRC_StatePHL
55003,Ashland County,Wisconsin,16196,46.544424,-90.679691,253.23991348639328,ISC_MN,Minnesota Dept of Health Public Health Lab,ISC_StatePHL
55005,Barron County,Wisconsin,46810,45.437192,-91.852892,108.35089880959474,ISC_MN,Minnesota Dept of Health Public Health Lab,ISC_StatePHL
55007,Bayfield County,Wisconsin,16838,46.634199,-91.177282,233.66051897295222,ISC_MN,Minnesota Dept of Health Public Health Lab,ISC_StatePHL
55009,Brown County,Wisconsin,273909,44.474024,-87.99613,193.62528548169186,NIRC_WI,Wisconsin State Laboratory of Hygiene,NIRC_StatePHL
55011,Buffalo County,Wisconsin,13464,44.385633,-91.761294,126.86426275265873,ISC_MN,Minnesota Dept of Health Public Health Lab,ISC_StatePHL
55013,Burnett County,Wisconsin,17187,45.866897,-92.37573,110.27826401802382,ISC_MN,Minnesota Dept of Health Public Health Lab,ISC_StatePHL
55015,Calumet County,Wisconsin,53602,44.07841,-88.212132,148.56037003579328,NIRC_WI,Wisconsin State Laboratory of Hygiene,NIRC_StatePHL
55017,Chippewa County,Wisconsin,67323,45.069092,-91.283505,142.83985330987755,ISC_MN,Minnesota Dept of Health Public Health Lab,ISC_StatePHL
55019,Clark County,Wisconsin,34801,44.739166,-90.609909,198.5820954967335,ISC_MN,Minnesota Dept of Health Public Health Lab,ISC_StatePHL
55021,Columbia County,Wisconsin,58113,43.471882,-89.330472,45.52189076605953,NIRC_WI,Wisconsin State Laboratory of Hygiene,NIRC_StatePHL
55023,Crawford County,Wisconsin,16008,43.242768,-90.935185,124.61394469573577,NIRC_WI,Wisconsin State Laboratory of Hygiene,NIRC_StatePHL
55025,Dane County,Wisconsin,588347,43.067468,-89.417852,0.0,NIRC_WI,Wisconsin State Laboratory of Hygiene,NIRC_StatePHL
55027,Dodge County,Wisconsin,88635,43.429628,-88.701939,70.59592589382555,NIRC_WI,Wisconsin State Laboratory of Hygiene,NIRC_StatePHL
55029,Door County,Wisconsin,30512,45.093417,-87.048683,294.1871504391968,NIRC_WI,Wisconsin State Laboratory of Hygiene,NIRC_StatePHL
55031,Douglas County,Wisconsin,44276,46.463218,-91.892477,186.28978865957413,ISC_MN,Minnesota Dept of Health Public Health Lab,ISC_StatePHL
55033,Dunn County,Wisconsin,46135,44.947751,-91.897645,94.86109027792256,ISC_MN,Minnesota Dept of Health Public Health Lab,ISC_StatePHL
55035,Eau Claire County,Wisconsin,108830,44.726355,-91.286414,146.47594485186073,ISC_MN,Minnesota Dept of Health Public Health Lab,ISC_StatePHL
55037,Florence County,Wisconsin,4673,45.871828,-88.406988,321.9742212444697,NIRC_WI,Wisconsin State Laboratory of Hygiene,NIRC_StatePHL
55039,Fond du Lac County,Wisconsin,104269,43.754722,-88.493284,106.85132751111351,NIRC_WI,Wisconsin State Laboratory of Hygiene,NIRC_StatePHL
55041,Forest County,Wisconsin,9506,45.666881,-88.773326,293.544089094615,NIRC_WI,Wisconsin State Laboratory of Hygiene,NIRC_StatePHL
55043,Grant County,Wisconsin,52330,42.870028,-90.694229,106.14542666085171,NIRC_WI,Wisconsin State Laboratory of Hygiene,NIRC_StatePHL
55045,Green County,Wisconsin,37183,42.675522,-89.605074,46.17581386935219,NIRC_WI,Wisconsin State Laboratory of Hygiene,NIRC_StatePHL
55047,Green Lake County,Wisconsin,19370,43.780247,-88.97038,87.10684218722487,NIRC_WI,Wisconsin State Laboratory of Hygiene,NIRC_StatePHL
55049,Iowa County,Wisconsin,23963,43.001021,-90.133691,58.64867129496518,NIRC_WI,Wisconsin State Laboratory of Hygiene,NIRC_StatePHL
55051,Iron County,Wisconsin,6235,46.32655,-90.261298,264.3816211433828,ISC_MN,Minnesota Dept of Health Public Health Lab,ISC_StatePHL
55053,Jackson County,Wisconsin,21027,44.32459,-90.79951,178.53982620464166,NIRC_WI,Wisconsin State Laboratory of Hygiene,NIRC_StatePHL
55055,Jefferson County,Wisconsin,86245,43.013804,-88.773985,52.66544399993034,NIRC_WI,Wisconsin State Laboratory of Hygiene,NIRC_StatePHL
55057,Juneau County,Wisconsin,26590,43.932836,-90.113984,111.40721414960812,NIRC_WI,Wisconsin State Laboratory of Hygiene,NIRC_StatePHL
55059,Kenosha County,Wisconsin,168754,42.587526,-87.879996,79.46501294673682,MUN_CHI,Chicago Public Health Laboratory,ELC_Direct_City
55061,Kewaunee County,Wisconsin,20751,44.605677,-87.448008,232.83186297709452,NIRC_WI,Wisconsin State Laboratory of Hygiene,NIRC_StatePHL
55063,La Crosse County,Wisconsin,121060,43.908222,-91.111758,165.5671848103153,NIRC_WI,Wisconsin State Laboratory of Hygiene,NIRC_StatePHL
55065,Lafayette County,Wisconsin,17306,42.655578,-90.130292,73.95588069014218,NIRC_WI,Wisconsin State Laboratory of Hygiene,NIRC_StatePHL
55067,Langlade County,Wisconsin,19535,45.254863,-89.06707,244.83073981481033,NIRC_WI,Wisconsin State Laboratory of Hygiene,NIRC_StatePHL
55069,Lincoln County,Wisconsin,28461,45.333148,-89.73224,253.1749925284265,NIRC_WI,Wisconsin State Laboratory of Hygiene,NIRC_StatePHL
55071,Manitowoc County,Wisconsin,81513,44.156137,-87.577352,191.32927021883614,NIRC_WI,Wisconsin State Laboratory of Hygiene,NIRC_StatePHL
55073,Marathon County,Wisconsin,139091,44.898036,-89.757823,205.3587438936598,NIRC_WI,Wisconsin State Laboratory of Hygiene,NIRC_StatePHL
55075,Marinette County,Wisconsin,42343,45.346899,-87.991198,277.7888887032166,NIRC_WI,Wisconsin State Laboratory of Hygiene,NIRC_StatePHL
55077,Marquette County,Wisconsin,15743,43.826053,-89.409095,84.35376566692372,NIRC_WI,Wisconsin State Laboratory of Hygiene,NIRC_StatePHL
55078,Menominee County,Wisconsin,4286,44.991304,-88.669251,222.13208788770953,NIRC_WI,Wisconsin State Laboratory of Hygiene,NIRC_StatePHL
55079,Milwaukee County,Wisconsin,924740,42.912643,-87.862312,114.62649374992918,MUN_CHI,Chicago Public Health Laboratory,ELC_Direct_City
55081,Monroe County,Wisconsin,46370,43.945175,-90.619969,137.56298666111343,NIRC_WI,Wisconsin State Laboratory of Hygiene,NIRC_StatePHL
55083,Oconto County,Wisconsin,40037,44.996575,-88.206516,235.34531905926642,NIRC_WI,Wisconsin State Laboratory of Hygiene,NIRC_StatePHL
55085,Oneida County,Wisconsin,38175,45.716176,-89.534533,289.21447163161343,ISC_MN,Minnesota Dept of Health Public Health Lab,ISC_StatePHL
55087,Outagamie County,Wisconsin,195390,44.418226,-88.464988,168.57495394846347,NIRC_WI,Wisconsin State Laboratory of Hygiene,NIRC_StatePHL
55089,Ozaukee County,Wisconsin,93956,43.501807,-87.847551,135.97151758685058,NIRC_WI,Wisconsin State Laboratory of Hygiene,NIRC_StatePHL
55091,Pepin County,Wisconsin,7555,44.627436,-91.83489,108.6946142324443,ISC_MN,Minnesota Dept of Health Public Health Lab,ISC_StatePHL
55093,Pierce County,Wisconsin,43380,44.725336,-92.426279,62.107542704384095,ISC_MN,Minnesota Dept of Health Public Health Lab,ISC_StatePHL
55095,Polk County,Wisconsin,45831,45.462041,-92.447066,71.28809409199286,ISC_MN,Minnesota Dept of Health Public Health Lab,ISC_StatePHL
55097,Portage County,Wisconsin,72040,44.476246,-89.49807,156.7813045992877,NIRC_WI,Wisconsin State Laboratory of Hygiene,NIRC_StatePHL
55099,Price County,Wisconsin,14087,45.679072,-90.35965,226.5038566842408,ISC_MN,Minnesota Dept of Health Public Health Lab,ISC_StatePHL
55101,Racine County,Wisconsin,198651,42.780392,-87.771599,99.07359565101808,MUN_CHI,Chicago Public Health Laboratory,ELC_Direct_City
55103,Richland County,Wisconsin,17123,43.376199,-90.435693,89.33284568667462,NIRC_WI,Wisconsin State Laboratory of Hygiene,NIRC_StatePHL
55105,Rock County,Wisconsin,165461,42.66988,-89.075284,52.286803758472715,NIRC_WI,Wisconsin State Laboratory of Hygiene,NIRC_StatePHL
55107,Rusk County,Wisconsin,14168,45.472734,-91.136745,161.89856506460126,ISC_MN,Minnesota Dept of Health Public Health Lab,ISC_StatePHL
55109,St. Croix County,Wisconsin,97954,45.028959,-92.447284,51.32101982820021,ISC_MN,Minnesota Dept of Health Public Health Lab,ISC_StatePHL
55111,Sauk County,Wisconsin,66486,43.428001,-89.943318,58.46761473072081,NIRC_WI,Wisconsin State Laboratory of Hygiene,NIRC_StatePHL
55113,Sawyer County,Wisconsin,18835,45.864999,-91.147063,179.28049352077016,ISC_MN,Minnesota Dept of Health Public Health Lab,ISC_StatePHL
55115,Shawano County,Wisconsin,41299,44.789641,-88.755813,198.69870704677604,NIRC_WI,Wisconsin State Laboratory of Hygiene,NIRC_StatePHL
55117,Sheboygan County,Wisconsin,118331,43.738713,-87.731531,155.3354030683597,NIRC_WI,Wisconsin State Laboratory of Hygiene,NIRC_StatePHL
55119,Taylor County,Wisconsin,20167,45.211656,-90.504853,204.79988992513074,ISC_MN,Minnesota Dept of Health Public Health Lab,ISC_StatePHL
55121,Trempealeau County,Wisconsin,30801,44.30305,-91.358867,158.84821387828964,ISC_MN,Minnesota Dept of Health Public Health Lab,ISC_StatePHL
55123,Vernon County,Wisconsin,31351,43.599366,-90.821983,128.04187118330347,NIRC_WI,Wisconsin State Laboratory of Hygiene,NIRC_StatePHL
55125,Vilas County,Wisconsin,23948,46.049848,-89.501254,302.9671570876143,ISC_MN,Minnesota Dept of Health Public Health Lab,ISC_StatePHL
55127,Walworth County,Wisconsin,106029,42.66811,-88.541731,84.083501191323,NIRC_WI,Wisconsin State Laboratory of Hygiene,NIRC_StatePHL
55129,Washburn County,Wisconsin,16982,45.892489,-91.796422,140.90186201830554,ISC_MN,Minnesota Dept of Health Public Health Lab,ISC_StatePHL
55131,Washington County,Wisconsin,138727,43.391156,-88.232917,102.52594056088088,NIRC_WI,Wisconsin State Laboratory of Hygiene,NIRC_StatePHL
55133,Waukesha County,Wisconsin,417029,43.018368,-88.30424,90.66265097208864,NIRC_WI,Wisconsin State Laboratory of Hygiene,NIRC_StatePHL
55135,Waupaca County,Wisconsin,51171,44.478004,-88.967005,160.9669173400757,NIRC_WI,Wisconsin State Laboratory of Hygiene,NIRC_StatePHL
55137,Waushara County,Wisconsin,25079,44.112823,-89.239786,117.11940524380965,NIRC_WI,Wisconsin State Laboratory of Hygiene,NIRC_StatePHL
55139,Winnebago County,Wisconsin,173307,44.085707,-88.668149,128.32128742087554,NIRC_WI,Wisconsin State Laboratory of Hygiene,NIRC_StatePHL
55141,Wood County,Wisconsin,73943,44.461413,-90.038825,162.82222340794706,NIRC_WI,Wisconsin State Laboratory of Hygiene,NIRC_StatePHL
56001,Albany County,Wyoming,39288,41.665514,-105.721883,97.65684128548668,PHL_WY,Wyoming Public Health Laboratory,State_PHL
56003,Big Horn County,Wyoming,12084,44.525117,-107.994848,445.9736910356027,PHL_MT,Montana Public Health Laboratory,State_PHL
56005,Campbell County,Wyoming,47946,44.191999,-105.517014,329.8697912579463,PHL_WY,Wyoming Public Health Laboratory,State_PHL
56007,Carbon County,Wyoming,14250,41.70359,-106.933153,194.70684933728845,PHL_WY,Wyoming Public Health Laboratory,State_PHL
56009,Converse County,Wyoming,13766,42.984623,-105.524752,201.1633073835013,PHL_WY,Wyoming Public Health Laboratory,State_PHL
56011,Crook County,Wyoming,7775,44.589266,-104.567298,364.90495056623416,PHL_SD,South Dakota Public Health Laboratory,State_PHL
56013,Fremont County,Wyoming,39721,43.054831,-108.608935,379.7605443787239,PHL_WY,Wyoming Public Health Laboratory,State_PHL
56015,Goshen County,Wyoming,12635,42.089455,-104.35354,92.17208798032564,PHL_WY,Wyoming Public Health Laboratory,State_PHL
56017,Hot Springs County,Wyoming,4625,43.720209,-108.435076,410.52186175075195,PHL_WY,Wyoming Public Health Laboratory,State_PHL
56019,Johnson County,Wyoming,8803,44.044048,-106.588541,344.12515835409897,PHL_WY,Wyoming Public Health Laboratory,State_PHL
56021,Laramie County,Wyoming,101783,41.29283,-104.660395,0.0,PHL_WY,Wyoming Public Health Laboratory,State_PHL
56023,Lincoln County,Wyoming,21000,42.229993,-110.682961,202.16784385714286,PHL_UT,Utah Unified State Laboratories: Public Health,State_PHL
56025,Natrona County,Wyoming,80410,42.977645,-106.768219,255.5332043485114,PHL_WY,Wyoming Public Health Laboratory,State_PHL
56027,Niobrara County,Wyoming,2301,43.062159,-104.468373,197.3755123054702,PHL_WY,Wyoming Public Health Laboratory,State_PHL
56029,Park County,Wyoming,31082,44.492387,-109.593597,363.6046789643204,PHL_MT,Montana Public Health Laboratory,State_PHL
56031,Platte County,Wyoming,8512,42.131593,-104.953963,96.3968326231553,PHL_WY,Wyoming Public Health Laboratory,State_PHL
56033,Sheridan County,Wyoming,32978,44.781369,-106.881211,427.79931618514064,PHL_WY,Wyoming Public Health Laboratory,State_PHL
56035,Sublette County,Wyoming,8965,42.767928,-109.91617,286.87191356661157,PHL_UT,Utah Unified State Laboratories: Public Health,State_PHL
56037,Sweetwater County,Wyoming,41273,41.660328,-108.875677,278.013819641191,PHL_UT,Utah Unified State Laboratories: Public Health,State_PHL
56039,Teton County,Wyoming,23272,44.048662,-110.426087,374.1097737033045,PHL_MT,Montana Public Health Laboratory,State_PHL
56041,Uinta County,Wyoming,20621,41.284726,-110.558947,133.5694584699177,PHL_UT,Utah Unified State Laboratories: Public Health,State_PHL
56043,Washakie County,Wyoming,7662,43.878831,-107.669052,378.56779872733165,PHL_WY,Wyoming Public Health Laboratory,State_PHL
56045,Weston County,Wyoming,6866,43.846213,-104.57002,284.0196189052462,PHL_WY,Wyoming Public Health Laboratory,State_PHL
