fips,state_name,county_name,pop_2024,latitude,longitude
01001,Alabama,Autauga County,61464,32.532237,-86.64644
01003,Alabama,Baldwin County,261608,30.659218,-87.746067
01005,Alabama,Barbour County,24358,31.870253,-85.405104
01007,Alabama,Bibb County,22258,33.015893,-87.127148
01009,Alabama,Blount County,60163,33.977358,-86.56644
01011,Alabama,Bullock County,9901,32.101759,-85.717261
01013,Alabama,Butler County,18256,31.751667,-86.681969
01015,Alabama,Calhoun County,116427,33.770516,-85.827909
01017,Alabama,Chambers County,33813,32.915504,-85.394032
01019,Alabama,Cherokee County,26138,34.069515,-85.654242
01021,Alabama,Chilton County,47262,32.854051,-86.726607
01023,Alabama,Choctaw County,12052,31.990954,-88.248889
01025,Alabama,Clarke County,22142,31.685521,-87.818624
01027,Alabama,Clay County,14239,33.2704,-85.863525
01029,Alabama,Cleburne County,15905,33.671964,-85.516126
01031,Alabama,Coffee County,56358,31.402258,-85.989602
01033,Alabama,Colbert County,58785,34.703112,-87.801457
01035,Alabama,Conecuh County,11109,31.430926,-86.988722
01037,Alabama,Coosa County,10291,32.931445,-86.243482
01039,Alabama,Covington County,37748,31.243987,-86.448721
01041,Alabama,Crenshaw County,13114,31.730311,-86.320038
01043,Alabama,Cullman County,92604,34.131923,-86.869267
01045,Alabama,Dale County,50067,31.430654,-85.609476
01047,Alabama,Dallas County,35545,32.333526,-87.11436
01049,Alabama,DeKalb County,73122,34.460915,-85.804021
01051,Alabama,Elmore County,91042,32.597229,-86.142735
01053,Alabama,Escambia County,36630,31.122287,-87.16841
01055,Alabama,Etowah County,103207,34.047641,-86.034263
01057,Alabama,Fayette County,15863,33.716157,-87.764292
01059,Alabama,Franklin County,31874,34.441989,-87.842814
01061,Alabama,Geneva County,27259,31.092382,-85.821022
01063,Alabama,Greene County,7127,32.844497,-87.9642
01065,Alabama,Hale County,15116,32.752796,-87.623061
01067,Alabama,Henry County,18141,31.516978,-85.239971
01069,Alabama,Houston County,109366,31.158183,-85.296411
01071,Alabama,Jackson County,53780,34.764114,-85.980056
01073,Alabama,Jefferson County,664744,33.553444,-86.896536
01075,Alabama,Lamar County,13543,33.787085,-88.087431
01077,Alabama,Lauderdale County,97502,34.904168,-87.651108
01079,Alabama,Lawrence County,33567,34.529776,-87.321865
01081,Alabama,Lee County,187847,32.604064,-85.353048
01083,Alabama,Limestone County,118942,34.810239,-86.981399
01085,Alabama,Lowndes County,9485,32.147888,-86.650586
01087,Alabama,Macon County,18159,32.387027,-85.692887
01089,Alabama,Madison County,423355,34.764238,-86.55108
01091,Alabama,Marengo County,18512,32.247591,-87.791091
01093,Alabama,Marion County,29323,34.138219,-87.881551
01095,Alabama,Marshall County,102156,34.309564,-86.321668
01097,Alabama,Mobile County,412339,30.684572,-88.196568
01099,Alabama,Monroe County,19057,31.580353,-87.383342
01101,Alabama,Montgomery County,225894,32.202881,-86.204461
01103,Alabama,Morgan County,126084,34.454484,-86.846402
01105,Alabama,Perry County,7719,32.639005,-87.293827
01107,Alabama,Pickens County,18508,33.2968,-88.096864
01109,Alabama,Pike County,33124,31.798653,-85.941608
01111,Alabama,Randolph County,23067,33.296461,-85.464064
01113,Alabama,Russell County,58837,32.289811,-85.18698
01115,Alabama,St. Clair County,96927,33.719491,-86.311327
01117,Alabama,Shelby County,235969,33.266893,-86.661007
01119,Alabama,Sumter County,11607,32.597481,-88.200057
01121,Alabama,Talladega County,81375,33.369314,-86.17593
01123,Alabama,Tallapoosa County,40699,32.863308,-85.799618
01125,Alabama,Tuscaloosa County,241212,33.29022,-87.522783
01127,Alabama,Walker County,65260,33.791558,-87.301094
01129,Alabama,Washington County,15018,31.408503,-88.212404
01131,Alabama,Wilcox County,9865,31.990082,-87.304935
01133,Alabama,Winston County,23869,34.154566,-87.365346
02013,Alaska,Aleutians East Borough,3632,55.245044,-161.997477
02016,Alaska,Aleutians West Census Area,5424,51.948964,179.621188
02020,Alaska,Anchorage Municipality,289600,61.17425,-149.284329
02050,Alaska,Bethel Census Area,18237,60.929141,-160.152625
02060,Alaska,Bristol Bay Borough,884,58.730546,-156.994473
02063,Alaska,Chugach Census Area,6604,60.488474,-146.203092
02066,Alaska,Copper River Census Area,2631,62.034479,-143.922167
02068,Alaska,Denali Borough,1621,63.682039,-150.027016
02070,Alaska,Dillingham Census Area,4642,59.543326,-158.267123
02090,Alaska,Fairbanks North Star Borough,94951,64.670454,-146.496061
02100,Alaska,Haines Borough,2104,59.098404,-135.575791
02105,Alaska,Hoonah-Angoon Census Area,2312,58.403336,-135.884909
02110,Alaska,Juneau City and Borough,31572,58.37291,-134.178445
02122,Alaska,Kenai Peninsula Borough,61259,60.366668,-152.322283
02130,Alaska,Ketchikan Gateway Borough,13677,55.449938,-131.106685
02150,Alaska,Kodiak Island Borough,12654,57.7044,-153.918372
02158,Alaska,Kusilvak Census Area,7946,62.283588,-163.190171
02164,Alaska,Lake and Peninsula Borough,1315,58.108507,-156.413413
02170,Alaska,Matanuska-Susitna Borough,117613,62.265626,-149.503993
02180,Alaska,Nome Census Area,9836,64.783686,-164.188912
02185,Alaska,North Slope Borough,10663,69.449343,-153.47283
02188,Alaska,Northwest Arctic Borough,7134,67.005066,-160.021086
02195,Alaska,Petersburg Borough,3436,57.112458,-133.008598
02198,Alaska,Prince of Wales-Hyder Census Area,5746,55.682773,-133.162389
02220,Alaska,Sitka City and Borough,8355,57.193204,-135.367396
02230,Alaska,Skagway Municipality,1119,59.560379,-135.338279
02240,Alaska,Southeast Fairbanks Census Area,7313,63.864997,-143.218628
02275,Alaska,Wrangell City and Borough,2064,56.180779,-132.026788
02282,Alaska,Yakutat City and Borough,690,60.017508,-140.416847
02290,Alaska,Yukon-Koyukuk Census Area,5099,65.375656,-151.578176
04001,Arizona,Apache County,64800,35.385084,-109.490172
04003,Arizona,Cochise County,125773,31.840129,-109.775163
04005,Arizona,Coconino County,145161,35.829692,-111.773728
04007,Arizona,Gila County,54073,33.789618,-110.81187
04009,Arizona,Graham County,40242,32.931828,-109.87831
04011,Arizona,Greenlee County,9410,33.238872,-109.242323
04012,Arizona,La Paz County,16992,33.72761,-114.038806
04013,Arizona,Maricopa County,4673096,33.345176,-112.49893
04015,Arizona,Mohave County,226479,35.717705,-113.749689
04017,Arizona,Navajo County,109516,35.390785,-110.321025
04019,Arizona,Pima County,1080149,32.128038,-111.783657
04021,Arizona,Pinal County,513862,32.918521,-111.366339
04023,Arizona,Santa Cruz County,50508,31.525733,-110.845228
04025,Arizona,Yavapai County,252013,34.631071,-112.577225
04027,Arizona,Yuma County,220310,32.773942,-113.910905
05001,Arkansas,Arkansas County,16050,34.28957,-91.376547
05003,Arkansas,Ashley County,17984,33.190835,-91.772267
05005,Arkansas,Baxter County,43007,36.280268,-92.329949
05007,Arkansas,Benton County,321566,36.337819,-94.256298
05009,Arkansas,Boone County,38636,36.304299,-93.079236
05011,Arkansas,Bradley County,9935,33.466549,-92.169156
05013,Arkansas,Calhoun County,4690,33.56046,-92.513879
05015,Arkansas,Carroll County,28968,36.33737,-93.540972
05017,Arkansas,Chicot County,9272,33.267139,-91.297158
05019,Arkansas,Clark County,20920,34.053316,-93.176208
05021,Arkansas,Clay County,14112,36.367302,-90.418704
05023,Arkansas,Cleburne County,25646,35.593628,-92.008898
05025,Arkansas,Cleveland County,7367,33.893201,-92.188714
05027,Arkansas,Columbia County,22024,33.223038,-93.232843
05029,Arkansas,Conway County,21422,35.26569,-92.689249
05031,Arkansas,Craighead County,115852,35.827729,-90.631421
05033,Arkansas,Crawford County,62258,35.582959,-94.236193
05035,Arkansas,Crittenden County,46633,35.197559,-90.30512
05037,Arkansas,Cross County,16194,35.285692,-90.763984
05039,Arkansas,Dallas County,6076,33.967823,-92.653999
05041,Arkansas,Desha County,10321,33.828752,-91.244103
05043,Arkansas,Drew County,16935,33.587242,-91.722778
05045,Arkansas,Faulkner County,131611,35.146548,-92.336928
05047,Arkansas,Franklin County,17586,35.508558,-93.887665
05049,Arkansas,Fulton County,12546,36.381322,-91.819285
05051,Arkansas,Garland County,99902,34.578852,-93.146932
05053,Arkansas,Grant County,18546,34.285568,-92.422979
05055,Arkansas,Greene County,46928,36.120607,-90.566346
05057,Arkansas,Hempstead County,19105,33.735953,-93.664355
05059,Arkansas,Hot Spring County,33313,34.315177,-92.944147
05061,Arkansas,Howard County,12387,34.083064,-93.990931
05063,Arkansas,Independence County,38345,35.737499,-91.559942
05065,Arkansas,Izard County,14291,36.094879,-91.913625
05067,Arkansas,Jackson County,16673,35.596467,-91.223205
05069,Arkansas,Jefferson County,63672,34.277239,-91.929673
05071,Arkansas,Johnson County,26172,35.573359,-93.466322
05073,Arkansas,Lafayette County,6015,33.240629,-93.611514
05075,Arkansas,Lawrence County,16305,36.041098,-91.101153
05077,Arkansas,Lee County,8104,34.779505,-90.779717
05079,Arkansas,Lincoln County,12868,33.956385,-91.742355
05081,Arkansas,Little River County,11626,33.701941,-94.236287
05083,Arkansas,Logan County,21457,35.218654,-93.72091
05085,Arkansas,Lonoke County,76389,34.755114,-91.894132
05087,Arkansas,Madison County,17865,36.012545,-93.724053
05089,Arkansas,Marion County,17593,36.266664,-92.678577
05091,Arkansas,Miller County,41958,33.305505,-93.901502
05093,Arkansas,Mississippi County,38095,35.766944,-90.052207
05095,Arkansas,Monroe County,6415,34.679512,-91.20331
05097,Arkansas,Montgomery County,8510,34.545656,-93.664153
05099,Arkansas,Nevada County,8004,33.666699,-93.305072
05101,Arkansas,Newton County,7026,35.910742,-93.215898
05103,Arkansas,Ouachita County,21684,33.591168,-92.878413
05105,Arkansas,Perry County,10251,34.946363,-92.926877
05107,Arkansas,Phillips County,14661,34.423687,-90.855593
05109,Arkansas,Pike County,10027,34.158191,-93.658659
05111,Arkansas,Poinsett County,22300,35.56887,-90.681104
05113,Arkansas,Polk County,19434,34.49096,-94.230894
05115,Arkansas,Pope County,64829,35.456557,-93.026818
05117,Arkansas,Prairie County,7935,34.831116,-91.55362
05119,Arkansas,Pulaski County,401209,34.770311,-92.312996
05121,Arkansas,Randolph County,19040,36.341298,-91.028441
05123,Arkansas,St. Francis County,21822,35.022838,-90.751506
05125,Arkansas,Saline County,131252,34.648525,-92.674463
05127,Arkansas,Scott County,9837,34.858869,-94.063641
05129,Arkansas,Searcy County,7836,35.896387,-92.695888
05131,Arkansas,Sebastian County,130035,35.196981,-94.274989
05133,Arkansas,Sevier County,15735,33.994877,-94.243279
05135,Arkansas,Sharp County,18130,36.173399,-91.471069
05137,Arkansas,Stone County,12785,35.857001,-92.140482
05139,Arkansas,Union County,37008,33.168219,-92.598145
05141,Arkansas,Van Buren County,16152,35.582953,-92.515976
05143,Arkansas,Washington County,266184,35.978001,-94.217269
05145,Arkansas,White County,79091,35.255118,-91.753034
05147,Arkansas,Woodruff County,5808,35.192777,-91.244535
05149,Arkansas,Yell County,20134,34.997713,-93.408303
06001,California,Alameda County,1649060,37.647139,-121.912488
06003,California,Alpine County,1099,38.621783,-119.798352
06005,California,Amador County,42026,38.443549,-120.653858
06007,California,Butte County,208334,39.665336,-121.603209
06009,California,Calaveras County,46505,38.191068,-120.554107
06011,California,Colusa County,22074,39.177739,-122.237563
06013,California,Contra Costa County,1172607,37.919479,-121.951543
06015,California,Del Norte County,27009,41.749903,-123.980998
06017,California,El Dorado County,192823,38.785612,-120.534225
06019,California,Fresno County,1024125,36.761006,-119.655019
06021,California,Glenn County,28304,39.602546,-122.4017
06023,California,Humboldt County,132380,40.706655,-123.926176
06025,California,Imperial County,181724,33.040814,-115.3554
06027,California,Inyo County,18485,36.56216,-117.404209
06029,California,Kern County,922529,35.346629,-118.729506
06031,California,Kings County,154913,36.072478,-119.81553
06033,California,Lake County,67764,39.108009,-122.745217
06035,California,Lassen County,28340,40.715287,-120.621223
06037,California,Los Angeles County,9757179,34.196398,-118.261862
06039,California,Madera County,165432,37.209821,-119.749802
06041,California,Marin County,256400,38.051367,-122.746396
06043,California,Mariposa County,17048,37.574343,-119.911721
06045,California,Mendocino County,89175,39.432388,-123.442881
06047,California,Merced County,296774,37.194806,-120.722802
06049,California,Modoc County,8491,41.592918,-120.71837
06051,California,Mono County,12991,37.915836,-118.875167
06053,California,Monterey County,436251,36.240104,-121.315578
06055,California,Napa County,132727,38.5071,-122.325904
06057,California,Nevada County,102195,39.297508,-120.771343
06059,California,Orange County,3170435,33.675687,-117.777207
06061,California,Placer County,433822,39.062032,-120.722718
06063,California,Plumas County,18834,39.992295,-120.824371
06065,California,Riverside County,2529933,33.729828,-116.002239
06067,California,Sacramento County,1611231,38.450136,-121.344329
06069,California,San Benito County,69159,36.611651,-121.085811
06071,California,San Bernardino County,2214281,34.856661,-116.181571
06073,California,San Diego County,3298799,33.023604,-116.776117
06075,California,San Francisco County,827526,37.727239,-123.032229
06077,California,San Joaquin County,816108,37.934982,-121.272244
06079,California,San Luis Obispo County,281843,35.388189,-120.448897
06081,California,San Mateo County,742893,37.414672,-122.371546
06083,California,Santa Barbara County,444500,34.536677,-120.038364
06085,California,Santa Clara County,1926325,37.221614,-121.68954
06087,California,Santa Cruz County,262406,37.012347,-122.007789
06089,California,Shasta County,181121,40.760514,-122.043556
06091,California,Sierra County,3113,39.576925,-120.521993
06093,California,Siskiyou County,42498,41.587986,-122.533287
06095,California,Solano County,455101,38.267226,-121.939594
06097,California,Sonoma County,485375,38.525182,-122.92611
06099,California,Stanislaus County,556972,37.562316,-121.002831
06101,California,Sutter County,98545,39.03619,-121.70394
06103,California,Tehama County,64451,40.126157,-122.232274
06105,California,Trinity County,15642,40.647858,-123.114666
06107,California,Tulare County,483546,36.228834,-118.781055
06109,California,Tuolumne County,53893,38.021434,-119.964733
06111,California,Ventura County,835427,34.358748,-119.133145
06113,California,Yolo County,225251,38.679609,-121.90275
06115,California,Yuba County,87469,39.27013,-121.344259
08001,Colorado,Adams County,542973,39.874325,-104.331872
08003,Colorado,Alamosa County,16689,37.568442,-105.788041
08005,Colorado,Arapahoe County,666918,39.644554,-104.331706
08007,Colorado,Archuleta County,14112,37.202395,-107.050863
08009,Colorado,Baca County,3367,37.30978,-102.543741
08011,Colorado,Bent County,5779,37.931891,-103.077584
08013,Colorado,Boulder County,330262,40.094971,-105.39771
08014,Colorado,Broomfield County,78323,39.953593,-105.050787
08015,Colorado,Chaffee County,20780,38.734599,-106.300025
08017,Colorado,Cheyenne County,1712,38.835646,-102.601791
08019,Colorado,Clear Creek County,9076,39.689403,-105.670783
08021,Colorado,Conejos County,7549,37.213406,-106.176447
08023,Colorado,Costilla County,3686,37.277547,-105.42894
08025,Colorado,Crowley County,5600,38.30618,-103.772736
08027,Colorado,Custer County,5553,38.101996,-105.373512
08029,Colorado,Delta County,32215,38.861423,-107.865043
08031,Colorado,Denver County,729019,39.76185,-104.881105
08033,Colorado,Dolores County,2467,37.733823,-108.506219
08035,Colorado,Douglas County,393995,39.325414,-104.925987
08037,Colorado,Eagle County,54330,39.626992,-106.695169
08039,Colorado,Elbert County,29382,39.315157,-104.114076
08041,Colorado,El Paso County,752772,38.827383,-104.527472
08043,Colorado,Fremont County,50093,38.45517,-105.424958
08045,Colorado,Garfield County,63167,39.599352,-107.90978
08047,Colorado,Gilpin County,5963,39.861156,-105.528878
08049,Colorado,Grand County,16154,40.113065,-106.110837
08051,Colorado,Gunnison County,17310,38.670499,-107.05688
08053,Colorado,Hinsdale County,747,37.811519,-107.383974
08055,Colorado,Huerfano County,6988,37.687815,-104.959928
08057,Colorado,Jackson County,1273,40.663432,-106.329248
08059,Colorado,Jefferson County,578533,39.579511,-105.245462
08061,Colorado,Kiowa County,1392,38.387663,-102.756849
08063,Colorado,Kit Carson County,7080,39.30534,-102.603023
08065,Colorado,Lake County,7369,39.205341,-106.350079
08067,Colorado,La Plata County,56823,37.287367,-107.839718
08069,Colorado,Larimer County,374574,40.658093,-105.486764
08071,Colorado,Las Animas County,14518,37.318831,-104.04411
08073,Colorado,Lincoln County,5598,38.99374,-103.507555
08075,Colorado,Logan County,20755,40.728091,-103.090464
08077,Colorado,Mesa County,161260,39.019524,-108.460571
08079,Colorado,Mineral County,933,37.549069,-107.003235
08081,Colorado,Moffat County,13142,40.610864,-108.217154
08083,Colorado,Montezuma County,26841,37.338025,-108.595786
08085,Colorado,Montrose County,44806,38.407507,-108.266282
08087,Colorado,Morgan County,30300,40.263159,-103.81221
08089,Colorado,Otero County,17991,37.88417,-103.72126
08091,Colorado,Ouray County,5197,38.154731,-107.78848
08093,Colorado,Park County,18316,39.118914,-105.717648
08095,Colorado,Phillips County,4488,40.594712,-102.345105
08097,Colorado,Pitkin County,16643,39.217541,-106.916162
08099,Colorado,Prowers County,11957,37.958443,-102.391754
08101,Colorado,Pueblo County,169866,38.162765,-104.484668
08103,Colorado,Rio Blanco County,6607,39.972622,-108.200716
08105,Colorado,Rio Grande County,11132,37.485853,-106.453128
08107,Colorado,Routt County,25243,40.483664,-106.987702
08109,Colorado,Saguache County,6670,38.031651,-106.234666
08111,Colorado,San Juan County,821,37.781049,-107.670257
08113,Colorado,San Miguel County,7819,38.009319,-108.427263
08115,Colorado,Sedgwick County,2257,40.871568,-102.355358
08117,Colorado,Summit County,30882,39.621023,-106.137555
08119,Colorado,Teller County,24862,38.869976,-105.187365
08121,Colorado,Washington County,4771,39.96579,-103.209744
08123,Colorado,Weld County,369745,40.555961,-104.383666
08125,Colorado,Yuma County,10048,40.00077,-102.421649
09110,Connecticut,Capitol Planning Region,991508,41.81697,-72.575886
09120,Connecticut,Greater Bridgeport Planning Region,335666,41.184558,-73.209401
09130,Connecticut,Lower Connecticut River Valley Planning Region,177540,41.420307,-72.493525
09140,Connecticut,Naugatuck Valley Planning Region,462220,41.518931,-73.087906
09150,Connecticut,Northeastern Connecticut Planning Region,97701,41.842375,-71.972655
09160,Connecticut,Northwest Hills Planning Region,114101,41.854809,-73.221494
09170,Connecticut,South Central Connecticut Planning Region,576718,41.290167,-72.837024
09180,Connecticut,Southeastern Connecticut Planning Region,282602,41.484769,-72.101666
09190,Connecticut,Western Connecticut Planning Region,637013,41.279055,-73.44655
10001,Delaware,Kent County,192690,39.097088,-75.502982
10003,Delaware,New Castle County,588093,39.575915,-75.644132
10005,Delaware,Sussex County,271134,38.673227,-75.337024
11001,District of Columbia,District of Columbia,702250,38.904247,-77.016517
12001,Florida,Alachua County,291782,29.67574,-82.357221
12003,Florida,Baker County,29325,30.324442,-82.302284
12005,Florida,Bay County,199718,30.15914,-85.534395
12007,Florida,Bradford County,28075,29.952386,-82.166698
12009,Florida,Brevard County,658447,28.298311,-80.700333
12011,Florida,Broward County,2037472,26.193535,-80.476683
12013,Florida,Calhoun County,13278,30.388801,-85.197915
12015,Florida,Charlotte County,212122,26.906396,-82.003657
12017,Florida,Citrus County,170174,28.850292,-82.595552
12019,Florida,Clay County,236760,29.986584,-81.865036
12021,Florida,Collier County,416233,26.118786,-81.400955
12023,Florida,Columbia County,73977,30.221651,-82.623371
12027,Florida,DeSoto County,36744,27.190581,-81.806253
12029,Florida,Dixie County,17614,29.552675,-83.236232
12031,Florida,Duval County,1055159,30.335245,-81.648113
12033,Florida,Escambia County,331275,30.529998,-87.320322
12035,Florida,Flagler County,136744,29.474891,-81.286253
12037,Florida,Franklin County,12979,29.677794,-84.815213
12039,Florida,Gadsden County,44151,30.578687,-84.612607
12041,Florida,Gilchrist County,20233,29.723456,-82.795801
12043,Florida,Glades County,13132,26.95481,-81.19082
12045,Florida,Gulf County,15876,29.859238,-85.272013
12047,Florida,Hamilton County,14334,30.498438,-82.951116
12049,Florida,Hardee County,26068,27.492846,-81.82158
12051,Florida,Hendry County,46130,26.539967,-81.152114
12053,Florida,Hernando County,218150,28.555995,-82.525969
12055,Florida,Highlands County,109778,27.34108,-81.342353
12057,Florida,Hillsborough County,1581426,27.893154,-82.379991
12059,Florida,Holmes County,19876,30.862007,-85.815939
12061,Florida,Indian River County,172139,27.700528,-80.574789
12063,Florida,Jackson County,49980,30.789249,-85.208814
12065,Florida,Jefferson County,15921,30.396898,-83.921761
12067,Florida,Lafayette County,8640,29.990066,-83.17851
12069,Florida,Lake County,444204,28.764113,-81.712282
12071,Florida,Lee County,860959,26.563273,-81.984182
12073,Florida,Leon County,300488,30.45931,-84.2778
12075,Florida,Levy County,47765,29.271854,-82.831233
12077,Florida,Liberty County,7955,30.259849,-84.86858
12079,Florida,Madison County,18364,30.447233,-83.470416
12081,Florida,Manatee County,458352,27.475556,-82.393144
12083,Florida,Marion County,428905,29.202805,-82.0431
12085,Florida,Martin County,165666,27.083604,-80.398201
12086,Florida,Miami-Dade County,2838461,25.616009,-80.50375
12087,Florida,Monroe County,80908,25.58612,-81.022603
12089,Florida,Nassau County,104376,30.605963,-81.765087
12091,Florida,Okaloosa County,220483,30.614325,-86.59108
12093,Florida,Okeechobee County,42369,27.385592,-80.887388
12095,Florida,Orange County,1533646,28.514391,-81.323284
12097,Florida,Osceola County,468058,28.059027,-81.139312
12099,Florida,Palm Beach County,1582055,26.649126,-80.448354
12101,Florida,Pasco County,659114,28.309823,-82.511006
12103,Florida,Pinellas County,965870,27.905342,-82.798066
12105,Florida,Polk County,852878,27.953686,-81.693493
12107,Florida,Putnam County,77301,29.593896,-81.732039
12109,Florida,St. Johns County,334928,29.890487,-81.40004
12111,Florida,St. Lucie County,390670,27.379814,-80.443536
12113,Florida,Santa Rosa County,207653,30.675348,-87.018919
12115,Florida,Sarasota County,476604,27.225329,-82.423714
12117,Florida,Seminole County,494605,28.690065,-81.131975
12119,Florida,Sumter County,154693,28.713326,-82.069522
12121,Florida,Suwannee County,47536,30.189244,-82.992754
12123,Florida,Taylor County,21843,29.967146,-83.639573
12125,Florida,Union County,15738,30.05428,-82.366918
12127,Florida,Volusia County,602772,29.057769,-81.161792
12129,Florida,Wakulla County,37115,30.091335,-84.359111
12131,Florida,Walton County,89666,30.571247,-86.162798
12133,Florida,Washington County,26503,30.602102,-85.655805
13001,Georgia,Appling County,18669,31.739726,-82.290102
13003,Georgia,Atkinson County,8435,31.296806,-82.878151
13005,Georgia,Bacon County,11045,31.55021,-82.451433
13007,Georgia,Baker County,2732,31.31958,-84.454881
13009,Georgia,Baldwin County,43644,33.05949,-83.255457
13011,Georgia,Banks County,20318,34.351922,-83.498441
13013,Georgia,Barrow County,96294,33.992009,-83.712303
13015,Georgia,Bartow County,117508,34.240917,-84.838188
13017,Georgia,Ben Hill County,16945,31.740772,-83.147197
13019,Georgia,Berrien County,18666,31.288652,-83.22787
13021,Georgia,Bibb County,157056,32.80899,-83.69406
13023,Georgia,Bleckley County,12626,32.435403,-83.331717
13025,Georgia,Brantley County,18795,31.197334,-81.982978
13027,Georgia,Brooks County,16344,30.822934,-83.581905
13029,Georgia,Bryan County,51105,32.017969,-81.438543
13031,Georgia,Bulloch County,85454,32.394498,-81.741449
13033,Georgia,Burke County,24472,33.060181,-82.000164
13035,Georgia,Butts County,27127,33.290355,-83.958221
13037,Georgia,Calhoun County,5441,31.521279,-84.62629
13039,Georgia,Camden County,59099,30.913358,-81.642019
13043,Georgia,Candler County,11130,32.40395,-82.071266
13045,Georgia,Carroll County,129911,33.582237,-85.080527
13047,Georgia,Catoosa County,68940,34.900212,-85.139385
13049,Georgia,Charlton County,13021,30.779904,-82.139644
13051,Georgia,Chatham County,307336,31.980404,-81.085184
13053,Georgia,Chattahoochee County,8548,32.347445,-84.788021
13055,Georgia,Chattooga County,25306,34.474178,-85.345289
13057,Georgia,Cherokee County,293513,34.244317,-84.475057
13059,Georgia,Clarke County,129995,33.952185,-83.367152
13061,Georgia,Clay County,2815,31.619831,-84.992583
13063,Georgia,Clayton County,297703,33.552242,-84.412973
13065,Georgia,Clinch County,6871,30.917653,-82.702614
13067,Georgia,Cobb County,787538,33.939926,-84.57411
13069,Georgia,Coffee County,43851,31.549245,-82.84494
13071,Georgia,Colquitt County,46977,31.189707,-83.769773
13073,Georgia,Columbia County,167472,33.552075,-82.249608
13075,Georgia,Cook County,17984,31.152516,-83.429445
13077,Georgia,Coweta County,158233,33.352897,-84.762138
13079,Georgia,Crawford County,12349,32.709448,-83.979168
13081,Georgia,Crisp County,19468,31.920268,-83.75653
13083,Georgia,Dade County,16068,34.852424,-85.506201
13085,Georgia,Dawson County,33748,34.442608,-84.173261
13087,Georgia,Decatur County,29391,30.880643,-84.58389
13089,Georgia,DeKalb County,770307,33.770661,-84.226343
13091,Georgia,Dodge County,19630,32.164369,-83.167866
13093,Georgia,Dooly County,11186,32.151995,-83.807167
13095,Georgia,Dougherty County,82418,31.532588,-84.20904
13097,Georgia,Douglas County,151887,33.701242,-84.767314
13099,Georgia,Early County,10444,31.324191,-84.906723
13101,Georgia,Echols County,3698,30.714008,-82.897376
13103,Georgia,Effingham County,73148,32.361688,-81.343355
13105,Georgia,Elbert County,20152,34.116415,-82.841892
13107,Georgia,Emanuel County,23224,32.5912,-82.300195
13109,Georgia,Evans County,10869,32.153083,-81.890153
13111,Georgia,Fannin County,25854,34.866543,-84.317331
13113,Georgia,Fayette County,125107,33.412717,-84.493941
13115,Georgia,Floyd County,101390,34.26369,-85.213685
13117,Georgia,Forsyth County,280096,34.225143,-84.127408
13119,Georgia,Franklin County,25208,34.375266,-83.227532
13121,Georgia,Fulton County,1090354,33.790034,-84.468182
13123,Georgia,Gilmer County,33327,34.690523,-84.454811
13125,Georgia,Glascock County,3008,33.227491,-82.606913
13127,Georgia,Glynn County,86540,31.21271,-81.49645
13129,Georgia,Gordon County,60765,34.509667,-84.873862
13131,Georgia,Grady County,26271,30.8759,-84.244965
13133,Georgia,Greene County,21091,33.576704,-83.166625
13135,Georgia,Gwinnett County,1003869,33.958756,-84.025735
13137,Georgia,Habersham County,49665,34.634392,-83.525875
13139,Georgia,Hall County,221745,34.317569,-83.8185
13141,Georgia,Hancock County,8683,33.26922,-83.000465
13143,Georgia,Haralson County,32404,33.795165,-85.220063
13145,Georgia,Harris County,36929,32.731549,-84.912432
13147,Georgia,Hart County,28052,34.348733,-82.96329
13149,Georgia,Heard County,12119,33.291347,-85.137886
13151,Georgia,Henry County,259315,33.452947,-84.154021
13153,Georgia,Houston County,174897,32.458147,-83.662309
13155,Georgia,Irwin County,9155,31.604306,-83.277037
13157,Georgia,Jackson County,93825,34.130905,-83.562557
13159,Georgia,Jasper County,17219,33.316981,-83.689151
13161,Georgia,Jeff Davis County,15119,31.811615,-82.636825
13163,Georgia,Jefferson County,15019,33.058176,-82.420004
13165,Georgia,Jenkins County,8836,32.794563,-81.971524
13167,Georgia,Johnson County,9178,32.694584,-82.66397
13169,Georgia,Jones County,29047,33.021664,-83.562196
13171,Georgia,Lamar County,20690,33.07444,-84.146689
13173,Georgia,Lanier County,10464,31.038197,-83.063164
13175,Georgia,Laurens County,50287,32.39322,-82.926317
13177,Georgia,Lee County,34073,31.818419,-84.146681
13179,Georgia,Liberty County,68607,31.807458,-81.457871
13181,Georgia,Lincoln County,8049,33.792151,-82.448299
13183,Georgia,Long County,20439,31.749563,-81.74287
13185,Georgia,Lowndes County,122082,30.833145,-83.268995
13187,Georgia,Lumpkin County,36016,34.56814,-83.998925
13189,Georgia,McDuffie County,21764,33.48061,-82.479572
13191,Georgia,McIntosh County,11800,31.485629,-81.372141
13193,Georgia,Macon County,11831,32.362686,-84.051231
13195,Georgia,Madison County,32771,34.12748,-83.208653
13197,Georgia,Marion County,7635,32.359312,-84.528735
13199,Georgia,Meriwether County,21439,33.029267,-84.667058
13201,Georgia,Miller County,5824,31.162931,-84.730398
13205,Georgia,Mitchell County,20329,31.228997,-84.192038
13207,Georgia,Monroe County,31437,33.018784,-83.921837
13209,Georgia,Montgomery County,8566,32.172108,-82.533349
13211,Georgia,Morgan County,21940,33.598649,-83.499416
13213,Georgia,Murray County,41316,34.797097,-84.73799
13215,Georgia,Muscogee County,201830,32.510191,-84.874946
13217,Georgia,Newton County,124010,33.552751,-83.85136
13219,Georgia,Oconee County,44751,33.834125,-83.437728
13221,Georgia,Oglethorpe County,16172,33.866806,-83.074081
13223,Georgia,Paulding County,188549,33.92103,-84.867169
13225,Georgia,Peach County,29213,32.571324,-83.831978
13227,Georgia,Pickens County,36580,34.456756,-84.490366
13229,Georgia,Pierce County,20669,31.353998,-82.21037
13231,Georgia,Pike County,20669,33.081149,-84.389462
13233,Georgia,Polk County,44610,33.996015,-85.188338
13235,Georgia,Pulaski County,10180,32.238803,-83.481845
13237,Georgia,Putnam County,23383,33.32106,-83.37179
13239,Georgia,Quitman County,2323,31.862938,-85.004798
13241,Georgia,Rabun County,17711,34.883934,-83.40487
13243,Georgia,Randolph County,6085,31.762651,-84.752311
13245,Georgia,Richmond County,206303,33.361486,-82.074998
13247,Georgia,Rockdale County,97610,33.652081,-84.02637
13249,Georgia,Schley County,4503,32.263444,-84.322708
13251,Georgia,Screven County,14325,32.744751,-81.617585
13253,Georgia,Seminole County,9274,30.93396,-84.867685
13255,Georgia,Spalding County,70292,33.262348,-84.284905
13257,Georgia,Stephens County,27498,34.553582,-83.290588
13259,Georgia,Stewart County,4809,32.073225,-84.834912
13261,Georgia,Sumter County,28972,32.042266,-84.204294
13263,Georgia,Talbot County,5755,32.704603,-84.530029
13265,Georgia,Taliaferro County,1620,33.559319,-82.875272
13267,Georgia,Tattnall County,24275,32.043768,-82.059208
13269,Georgia,Taylor County,7783,32.554667,-84.251426
13271,Georgia,Telfair County,11000,31.913641,-82.931063
13273,Georgia,Terrell County,8698,31.777191,-84.439446
13275,Georgia,Thomas County,46054,30.864619,-83.919815
13277,Georgia,Tift County,41708,31.457003,-83.525931
13279,Georgia,Toombs County,27488,32.117753,-82.330597
13281,Georgia,Towns County,13184,34.902529,-83.732264
13283,Georgia,Treutlen County,6420,32.409586,-82.570882
13285,Georgia,Troup County,71513,33.034482,-85.02836
13287,Georgia,Turner County,9023,31.7248,-83.620319
13289,Georgia,Twiggs County,7728,32.665847,-83.425879
13291,Georgia,Union County,27601,34.833333,-83.989257
13293,Georgia,Upson County,28358,32.881837,-84.292283
13295,Georgia,Walker County,69340,34.735802,-85.305456
13297,Georgia,Walton County,109792,33.783887,-83.731829
13299,Georgia,Ware County,36222,31.050881,-82.421507
13301,Georgia,Warren County,5148,33.408381,-82.675685
13303,Georgia,Washington County,19834,32.971843,-82.798112
13305,Georgia,Wayne County,32132,31.547845,-81.912376
13307,Georgia,Webster County,2315,32.046691,-84.553828
13309,Georgia,Wheeler County,7076,32.105258,-82.733849
13311,Georgia,White County,29668,34.644182,-83.743
13313,Georgia,Whitfield County,105070,34.801726,-84.968541
13315,Georgia,Wilcox County,8904,31.96272,-83.438259
13317,Georgia,Wilkes County,9567,33.779031,-82.747921
13319,Georgia,Wilkinson County,8667,32.804266,-83.175512
13321,Georgia,Worth County,20262,31.551773,-83.84996
15001,Hawaii,Hawaii County,209790,19.597764,-155.502443
15003,Hawaii,Honolulu County,998747,21.461365,-158.201974
15005,Hawaii,Kalawao County,81,21.218764,-156.97401
15007,Hawaii,Kauai County,73840,22.012038,-159.705965
15009,Hawaii,Maui County,163688,20.855931,-156.60155
16001,Idaho,Ada County,535799,43.451476,-116.244376
16003,Idaho,Adams County,4998,44.876955,-116.461614
16005,Idaho,Bannock County,91010,42.692921,-112.228982
16007,Idaho,Bear Lake County,6779,42.285892,-111.327517
16009,Idaho,Benewah County,10529,47.218451,-116.633541
16011,Idaho,Bingham County,50889,43.216357,-112.399206
16013,Idaho,Blaine County,25261,43.394192,-113.955371
16015,Idaho,Boise County,8581,43.987275,-115.71511
16017,Idaho,Bonner County,53955,48.324634,-116.62745
16019,Idaho,Bonneville County,133644,43.395171,-111.621878
16021,Idaho,Boundary County,14040,48.773131,-116.524668
16023,Idaho,Butte County,2735,43.685101,-113.177631
16025,Idaho,Camas County,1247,43.502552,-114.772135
16027,Idaho,Canyon County,266892,43.625795,-116.709058
16029,Idaho,Caribou County,7239,42.786072,-111.544273
16031,Idaho,Cassia County,25976,42.282313,-113.626328
16033,Idaho,Clark County,794,44.290218,-112.354613
16035,Idaho,Clearwater County,9151,46.67257,-115.6535
16037,Idaho,Custer County,4597,44.273351,-114.252267
16039,Idaho,Elmore County,29729,43.394698,-115.471205
16041,Idaho,Franklin County,15638,42.173609,-111.822965
16043,Idaho,Fremont County,14399,44.218091,-111.484429
16045,Idaho,Gem County,21857,44.061473,-116.398784
16047,Idaho,Gooding County,16189,42.973185,-114.82142
16049,Idaho,Idaho County,17912,45.849644,-115.467337
16051,Idaho,Jefferson County,34854,43.796965,-112.318588
16053,Idaho,Jerome County,26056,42.691395,-114.262086
16055,Idaho,Kootenai County,188323,47.675957,-116.695919
16057,Idaho,Latah County,42180,46.81892,-116.730974
16059,Idaho,Lemhi County,8397,44.928506,-113.887042
16061,Idaho,Lewis County,3728,46.236328,-116.42376
16063,Idaho,Lincoln County,5556,42.990782,-114.153089
16065,Idaho,Madison County,55549,43.788614,-111.656993
16067,Idaho,Minidoka County,22691,42.857211,-113.63984
16069,Idaho,Nez Perce County,42847,46.333791,-116.760909
16071,Idaho,Oneida County,4976,42.183895,-112.520449
16073,Idaho,Owyhee County,12748,42.572851,-116.18969
16075,Idaho,Payette County,27662,44.00243,-116.750238
16077,Idaho,Power County,8381,42.694126,-112.844407
16079,Idaho,Shoshone County,14074,47.347694,-115.885092
16081,Idaho,Teton County,12932,43.760994,-111.211765
16083,Idaho,Twin Falls County,96509,42.352309,-114.665639
16085,Idaho,Valley County,12777,44.85596,-115.618061
16087,Idaho,Washington County,11539,44.448223,-116.797792
17001,Illinois,Adams County,64109,39.986052,-91.194961
17003,Illinois,Alexander County,4594,37.183658,-89.349516
17005,Illinois,Bond County,16576,38.885924,-89.436592
17007,Illinois,Boone County,53313,42.318983,-88.824295
17009,Illinois,Brown County,6307,39.962069,-90.750309
17011,Illinois,Bureau County,32486,41.401304,-89.528377
17013,Illinois,Calhoun County,4224,39.164262,-90.666295
17015,Illinois,Carroll County,15444,42.0709,-89.924189
17017,Illinois,Cass County,12713,39.969202,-90.245704
17019,Illinois,Champaign County,212374,40.138985,-88.196975
17021,Illinois,Christian County,33247,39.545524,-89.279593
17023,Illinois,Clark County,15076,39.332334,-87.791683
17025,Illinois,Clay County,12821,38.746819,-88.482325
17027,Illinois,Clinton County,37087,38.606295,-89.426228
17029,Illinois,Coles County,46423,39.51368,-88.220782
17031,Illinois,Cook County,5182617,41.894294,-87.645455
17033,Illinois,Crawford County,18388,39.002787,-87.760619
17035,Illinois,Cumberland County,10305,39.273121,-88.240619
17037,Illinois,DeKalb County,101335,41.894612,-88.768991
17039,Illinois,De Witt County,15319,40.181499,-88.901853
17041,Illinois,Douglas County,19824,39.766078,-88.222866
17043,Illinois,DuPage County,937142,41.852058,-88.086039
17045,Illinois,Edgar County,16398,39.679037,-87.74711
17047,Illinois,Edwards County,5984,38.417095,-88.047941
17049,Illinois,Effingham County,34602,39.047945,-88.592849
17051,Illinois,Fayette County,21157,39.001125,-89.017923
17053,Illinois,Ford County,13451,40.596539,-88.224588
17055,Illinois,Franklin County,37033,37.991852,-88.926321
17057,Illinois,Fulton County,32510,40.46524,-90.202269
17059,Illinois,Gallatin County,4690,37.768677,-88.227964
17061,Illinois,Greene County,11417,39.355439,-90.387682
17063,Illinois,Grundy County,53835,41.29241,-88.401054
17065,Illinois,Hamilton County,7818,38.085227,-88.539009
17067,Illinois,Hancock County,17008,40.401318,-91.168801
17069,Illinois,Hardin County,3550,37.517852,-88.266148
17071,Illinois,Henderson County,6048,40.814471,-90.941246
17073,Illinois,Henry County,48177,41.350021,-90.130838
17075,Illinois,Iroquois County,26067,40.748867,-87.833601
17077,Illinois,Jackson County,53199,37.786096,-89.381212
17079,Illinois,Jasper County,9092,39.004886,-88.150725
17081,Illinois,Jefferson County,36107,38.30078,-88.92421
17083,Illinois,Jersey County,21150,39.080195,-90.361385
17085,Illinois,Jo Daviess County,21528,42.362391,-90.21147
17087,Illinois,Johnson County,13320,37.460709,-88.882131
17089,Illinois,Kane County,520997,41.939594,-88.42804
17091,Illinois,Kankakee County,106410,41.13951,-87.861117
17093,Illinois,Kendall County,143171,41.58814,-88.430626
17095,Illinois,Knox County,48716,40.930945,-90.213792
17097,Illinois,Lake County,718604,42.185968,-87.805939
17099,Illinois,LaSalle County,108390,41.343341,-88.885931
17101,Illinois,Lawrence County,14801,38.718954,-87.730221
17103,Illinois,Lee County,33544,41.747447,-89.299362
17105,Illinois,Livingston County,35375,40.894376,-88.552852
17107,Illinois,Logan County,27518,40.129277,-89.365309
17109,Illinois,McDonough County,26662,40.455808,-90.678954
17111,Illinois,McHenry County,315959,42.324298,-88.452245
17113,Illinois,McLean County,172069,40.494559,-88.844539
17115,Illinois,Macon County,100737,39.860237,-88.961529
17117,Illinois,Macoupin County,43895,39.265914,-89.92633
17119,Illinois,Madison County,263017,38.82712,-89.900227
17121,Illinois,Marion County,36437,38.648236,-88.920362
17123,Illinois,Marshall County,11552,41.031119,-89.342371
17125,Illinois,Mason County,12543,40.236993,-89.913575
17127,Illinois,Massac County,13627,37.216119,-88.705658
17129,Illinois,Menard County,11963,40.022569,-89.794133
17131,Illinois,Mercer County,15292,41.205605,-90.74177
17133,Illinois,Monroe County,34969,38.277983,-90.179078
17135,Illinois,Montgomery County,27615,39.228068,-89.478141
17137,Illinois,Morgan County,32618,39.717657,-90.204993
17139,Illinois,Moultrie County,14365,39.636896,-88.625726
17141,Illinois,Ogle County,51345,42.041884,-89.320176
17143,Illinois,Peoria County,179630,40.785972,-89.766993
17145,Illinois,Perry County,20272,38.084381,-89.368525
17147,Illinois,Piatt County,16628,40.009033,-88.592355
17149,Illinois,Pike County,14258,39.625106,-90.889034
17151,Illinois,Pope County,3703,37.417169,-88.542374
17153,Illinois,Pulaski County,4879,37.215615,-89.127755
17155,Illinois,Putnam County,5633,41.198961,-89.298347
17157,Illinois,Randolph County,29903,38.056515,-89.82121
17159,Illinois,Richland County,15362,38.712187,-88.085452
17161,Illinois,Rock Island County,142731,41.468421,-90.572125
17163,Illinois,St. Clair County,251149,38.470198,-89.928546
17165,Illinois,Saline County,22826,37.751508,-88.545024
17167,Illinois,Sangamon County,194345,39.756886,-89.662435
17169,Illinois,Schuyler County,6750,40.156905,-90.613464
17171,Illinois,Scott County,4880,39.637002,-90.477771
17173,Illinois,Shelby County,20542,39.384917,-88.798865
17175,Illinois,Stark County,5272,41.096908,-89.797411
17177,Illinois,Stephenson County,43088,42.349726,-89.665994
17179,Illinois,Tazewell County,129821,40.508074,-89.51626
17181,Illinois,Union County,16886,37.485652,-89.244639
17183,Illinois,Vermilion County,71106,40.186754,-87.726778
17185,Illinois,Wabash County,10979,38.445821,-87.839167
17187,Illinois,Warren County,16217,40.850441,-90.620223
17189,Illinois,Washington County,13535,38.35314,-89.417187
17191,Illinois,Wayne County,15928,38.431857,-88.43243
17193,Illinois,White County,13395,38.087326,-88.178623
17195,Illinois,Whiteside County,54657,41.750673,-89.911005
17197,Illinois,Will County,708583,41.448474,-87.978456
17199,Illinois,Williamson County,67064,37.730353,-88.930018
17201,Illinois,Winnebago County,283790,42.337396,-89.161205
17203,Illinois,Woodford County,38290,40.789787,-89.210587
18001,Indiana,Adams County,36584,40.74573,-84.936134
18003,Indiana,Allen County,399295,41.091909,-85.071791
18005,Indiana,Bartholomew County,84741,39.205843,-85.897999
18007,Indiana,Benton County,8853,40.600939,-87.314786
18009,Indiana,Blackford County,11816,40.472672,-85.32373
18011,Indiana,Boone County,78773,40.050892,-86.469014
18013,Indiana,Brown County,15650,39.195113,-86.230121
18015,Indiana,Carroll County,20747,40.58498,-86.565141
18017,Indiana,Cass County,37559,40.753799,-86.355168
18019,Indiana,Clark County,127479,38.476217,-85.711122
18021,Indiana,Clay County,26424,39.393928,-87.115858
18023,Indiana,Clinton County,32895,40.305944,-86.477567
18025,Indiana,Crawford County,10523,38.289433,-86.440871
18027,Indiana,Daviess County,34097,38.69609,-87.076943
18029,Indiana,Dearborn County,51435,39.140897,-84.975868
18031,Indiana,Decatur County,26421,39.30598,-85.499831
18033,Indiana,DeKalb County,44330,41.39676,-85.002697
18035,Indiana,Delaware County,112951,40.227543,-85.399262
18037,Indiana,Dubois County,43629,38.373344,-86.873385
18039,Indiana,Elkhart County,207436,41.600693,-85.863986
18041,Indiana,Fayette County,23335,39.639654,-85.185034
18043,Indiana,Floyd County,81931,38.318081,-85.911847
18045,Indiana,Fountain County,16833,40.121237,-87.234872
18047,Indiana,Franklin County,23136,39.409762,-85.066964
18049,Indiana,Fulton County,20004,41.050384,-86.265006
18051,Indiana,Gibson County,33038,38.317398,-87.580523
18053,Indiana,Grant County,66458,40.515758,-85.654946
18055,Indiana,Greene County,31219,39.047147,-87.004771
18057,Indiana,Hamilton County,379704,40.053513,-86.021709
18059,Indiana,Hancock County,88810,39.822529,-85.77315
18061,Indiana,Harrison County,39978,38.186454,-86.103766
18063,Indiana,Hendricks County,190629,39.768963,-86.509908
18065,Indiana,Henry County,49081,39.929591,-85.397363
18067,Indiana,Howard County,84082,40.483537,-86.114118
18069,Indiana,Huntington County,36944,40.826394,-85.478597
18071,Indiana,Jackson County,47420,38.911957,-86.042516
18073,Indiana,Jasper County,33387,41.017688,-87.118814
18075,Indiana,Jay County,20164,40.434956,-85.002331
18077,Indiana,Jefferson County,32921,38.783604,-85.44009
18079,Indiana,Jennings County,27634,38.996229,-85.628103
18081,Indiana,Johnson County,170614,39.496092,-86.094264
18083,Indiana,Knox County,35872,38.688381,-87.420358
18085,Indiana,Kosciusko County,80669,41.244293,-85.861575
18087,Indiana,LaGrange County,41122,41.642462,-85.427845
18089,Indiana,Lake County,502955,41.472247,-87.374337
18091,Indiana,LaPorte County,111348,41.549013,-86.744739
18093,Indiana,Lawrence County,45192,38.839815,-86.48782
18095,Indiana,Madison County,134222,40.166203,-85.722454
18097,Indiana,Marion County,981628,39.782976,-86.135794
18099,Indiana,Marshall County,46464,41.325003,-86.269036
18101,Indiana,Martin County,9864,38.705322,-86.801847
18103,Indiana,Miami County,35613,40.772883,-86.044258
18105,Indiana,Monroe County,140702,39.160729,-86.52331
18107,Indiana,Montgomery County,38633,40.040296,-86.892715
18109,Indiana,Morgan County,73825,39.482646,-86.447457
18111,Indiana,Newton County,14131,40.962399,-87.402172
18113,Indiana,Noble County,47811,41.404679,-85.417271
18115,Indiana,Ohio County,5996,38.940527,-84.964299
18117,Indiana,Orange County,19824,38.547381,-86.489257
18119,Indiana,Owen County,21851,39.317339,-86.838845
18121,Indiana,Parke County,16508,39.77425,-87.19695
18123,Indiana,Perry County,19320,38.081436,-86.62654
18125,Indiana,Pike County,12116,38.397961,-87.232547
18127,Indiana,Porter County,175860,41.509914,-87.071313
18129,Indiana,Posey County,25067,38.027614,-87.868653
18131,Indiana,Pulaski County,12421,41.045272,-86.692538
18133,Indiana,Putnam County,37804,39.665548,-86.853373
18135,Indiana,Randolph County,24337,40.164079,-85.00579
18137,Indiana,Ripley County,29214,39.100226,-85.260494
18139,Indiana,Rush County,16759,39.622365,-85.466536
18141,Indiana,St. Joseph County,273744,41.617723,-86.288048
18143,Indiana,Scott County,24751,38.679431,-85.751898
18145,Indiana,Shelby County,45654,39.524135,-85.792174
18147,Indiana,Spencer County,20192,38.009697,-87.010375
18149,Indiana,Starke County,23463,41.284478,-86.644636
18151,Indiana,Steuben County,34862,41.643467,-85.002405
18153,Indiana,Sullivan County,20768,39.089225,-87.415843
18155,Indiana,Switzerland County,9988,38.825854,-85.029681
18157,Indiana,Tippecanoe County,191650,40.389133,-86.893554
18159,Indiana,Tipton County,15324,40.310229,-86.056207
18161,Indiana,Union County,6884,39.623094,-84.925145
18163,Indiana,Vanderburgh County,180387,38.02007,-87.586166
18165,Indiana,Vermillion County,15516,39.854045,-87.462071
18167,Indiana,Vigo County,106166,39.430874,-87.390989
18169,Indiana,Wabash County,30777,40.843747,-85.795192
18171,Indiana,Warren County,8451,40.352498,-87.375163
18173,Indiana,Warrick County,66339,38.097728,-87.272049
18175,Indiana,Washington County,28345,38.600613,-86.104751
18177,Indiana,Wayne County,66410,39.863091,-85.006735
18179,Indiana,Wells County,28798,40.735547,-85.213349
18181,Indiana,White County,24833,40.75095,-86.864293
18183,Indiana,Whitley County,34885,41.136426,-85.501892
19001,Iowa,Adair County,7431,41.328528,-94.478164
19003,Iowa,Adams County,3606,41.021656,-94.696906
19005,Iowa,Allamakee County,14184,43.274964,-91.382751
19007,Iowa,Appanoose County,12106,40.744249,-92.873062
19009,Iowa,Audubon County,5562,41.679178,-94.904312
19011,Iowa,Benton County,25799,42.092547,-92.05763
19013,Iowa,Black Hawk County,132348,42.471132,-92.3076
19015,Iowa,Boone County,26729,42.038623,-93.938605
19017,Iowa,Bremer County,25328,42.780895,-92.327356
19019,Iowa,Buchanan County,20733,42.470328,-91.838666
19021,Iowa,Buena Vista County,20816,42.741522,-95.141432
19023,Iowa,Butler County,14156,42.734757,-92.780153
19025,Iowa,Calhoun County,9711,42.386061,-94.643602
19027,Iowa,Carroll County,20407,42.039502,-94.86765
19029,Iowa,Cass County,13024,41.333824,-94.933302
19031,Iowa,Cedar County,18231,41.77236,-91.132611
19033,Iowa,Cerro Gordo County,42493,43.074975,-93.250965
19035,Iowa,Cherokee County,11658,42.742737,-95.633262
19037,Iowa,Chickasaw County,11719,43.059741,-92.31721
19039,Iowa,Clarke County,9524,41.029726,-93.785259
19041,Iowa,Clay County,16474,43.081224,-95.149875
19043,Iowa,Clayton County,16931,42.840985,-91.323576
19045,Iowa,Clinton County,46015,41.898073,-90.534243
19047,Iowa,Crawford County,16378,42.043119,-95.38909
19049,Iowa,Dallas County,115343,41.68532,-94.040706
19051,Iowa,Davis County,9193,40.748089,-92.410345
19053,Iowa,Decatur County,7656,40.736379,-93.78458
19055,Iowa,Delaware County,17609,42.473014,-91.366767
19057,Iowa,Des Moines County,38411,40.915339,-91.186925
19059,Iowa,Dickinson County,18158,43.389611,-95.196057
19061,Iowa,Dubuque County,99242,42.463481,-90.878771
19063,Iowa,Emmet County,9162,43.377984,-94.66937
19065,Iowa,Fayette County,19152,42.864122,-91.840376
19067,Iowa,Floyd County,15008,43.052741,-92.787367
19069,Iowa,Franklin County,10024,42.736545,-93.271415
19071,Iowa,Fremont County,6494,40.74259,-95.599182
19073,Iowa,Greene County,8662,42.042513,-94.388727
19075,Iowa,Grundy County,12405,42.403339,-92.790244
19077,Iowa,Guthrie County,10774,41.683573,-94.501272
19079,Iowa,Hamilton County,14856,42.390789,-93.70913
19081,Iowa,Hancock County,10616,43.075411,-93.743697
19083,Iowa,Hardin County,16464,42.390208,-93.241669
19085,Iowa,Harrison County,14626,41.688584,-95.827149
19087,Iowa,Henry County,19361,40.984802,-91.547259
19089,Iowa,Howard County,9360,43.365312,-92.321908
19091,Iowa,Humboldt County,9617,42.782221,-94.202775
19093,Iowa,Ida County,6810,42.39186,-95.507421
19095,Iowa,Iowa County,16423,41.683918,-92.059123
19097,Iowa,Jackson County,19390,42.164226,-90.574582
19099,Iowa,Jasper County,38107,41.685551,-93.054147
19101,Iowa,Jefferson County,15781,41.006376,-91.966628
19103,Iowa,Johnson County,160080,41.670668,-91.590529
19105,Iowa,Jones County,21116,42.125118,-91.116914
19107,Iowa,Keokuk County,9855,41.331182,-92.167721
19109,Iowa,Kossuth County,14408,43.212336,-94.213971
19111,Iowa,Lee County,32376,40.647588,-91.477157
19113,Iowa,Linn County,231762,42.077951,-91.597674
19115,Iowa,Louisa County,10630,41.218211,-91.256994
19117,Iowa,Lucas County,8758,41.033321,-93.331462
19119,Iowa,Lyon County,12378,43.38358,-96.207201
19121,Iowa,Madison County,17161,41.330622,-94.015184
19123,Iowa,Mahaska County,22034,41.330797,-92.636366
19125,Iowa,Marion County,34048,41.331433,-93.093868
19127,Iowa,Marshall County,40392,42.0417,-92.981403
19129,Iowa,Mills County,14717,41.033703,-95.619101
19131,Iowa,Mitchell County,10632,43.348564,-92.784466
19133,Iowa,Monona County,8429,42.049432,-95.956566
19135,Iowa,Monroe County,7373,41.028847,-92.869642
19137,Iowa,Montgomery County,10063,41.021735,-95.15779
19139,Iowa,Muscatine County,42132,41.483776,-91.118699
19141,Iowa,O'Brien County,14260,43.083746,-95.625624
19143,Iowa,Osceola County,6036,43.378542,-95.633788
19145,Iowa,Page County,15038,40.739097,-95.144301
19147,Iowa,Palo Alto County,8809,43.075337,-94.669055
19149,Iowa,Plymouth County,25825,42.737615,-96.215973
19151,Iowa,Pocahontas County,7006,42.734033,-94.678279
19153,Iowa,Polk County,516185,41.684816,-93.568971
19155,Iowa,Pottawattamie County,93529,41.340184,-95.544905
19157,Iowa,Poweshiek County,18454,41.684642,-92.522934
19159,Iowa,Ringgold County,4608,40.735334,-94.244251
19161,Iowa,Sac County,9533,42.387526,-95.105224
19163,Iowa,Scott County,175601,41.642079,-90.622289
19165,Iowa,Shelby County,11821,41.679014,-95.308917
19167,Iowa,Sioux County,36554,43.082618,-96.17798
19169,Iowa,Story County,102498,42.037538,-93.466093
19171,Iowa,Tama County,16738,42.074848,-92.529411
19173,Iowa,Taylor County,5825,40.737949,-94.697108
19175,Iowa,Union County,11955,41.02855,-94.245091
19177,Iowa,Van Buren County,7217,40.754117,-91.952943
19179,Iowa,Wapello County,35681,41.031275,-92.409466
19181,Iowa,Warren County,56343,41.332446,-93.568751
19183,Iowa,Washington County,22631,41.329401,-91.725052
19185,Iowa,Wayne County,6622,40.739983,-93.332613
19187,Iowa,Webster County,36909,42.433579,-94.175831
19189,Iowa,Winnebago County,10383,43.378124,-93.743488
19191,Iowa,Winneshiek County,19723,43.292989,-91.850788
19193,Iowa,Woodbury County,107257,42.39322,-96.053296
19195,Iowa,Worth County,7307,43.373491,-93.248533
19197,Iowa,Wright County,12729,42.733007,-93.734735
20001,Kansas,Allen County,12425,37.884228,-95.300945
20003,Kansas,Anderson County,7908,38.215114,-95.292046
20005,Kansas,Atchison County,16249,39.532544,-95.313397
20007,Kansas,Barber County,4070,37.222906,-98.685052
20009,Kansas,Barton County,24835,38.481239,-98.767837
20011,Kansas,Bourbon County,14424,37.8561,-94.850928
20013,Kansas,Brown County,9142,39.825931,-95.569905
20015,Kansas,Butler County,69158,37.773649,-96.83884
20017,Kansas,Chase County,2507,38.299475,-96.594029
20019,Kansas,Chautauqua County,3339,37.154259,-96.245396
20021,Kansas,Cherokee County,19133,37.169392,-94.845698
20023,Kansas,Cheyenne County,2646,39.789901,-101.727317
20025,Kansas,Clark County,1873,37.233831,-99.813869
20027,Kansas,Clay County,7969,39.344964,-97.168853
20029,Kansas,Cloud County,8723,39.487329,-97.64139
20031,Kansas,Coffey County,8301,38.23645,-95.729137
20033,Kansas,Comanche County,1694,37.181442,-99.251293
20035,Kansas,Cowley County,34186,37.234507,-96.837247
20037,Kansas,Crawford County,38904,37.505821,-94.853897
20039,Kansas,Decatur County,2716,39.783542,-100.459708
20041,Kansas,Dickinson County,18621,38.867735,-97.157943
20043,Kansas,Doniphan County,7575,39.788502,-95.147225
20045,Kansas,Douglas County,121989,38.896417,-95.290947
20047,Kansas,Edwards County,2731,37.883595,-99.304746
20049,Kansas,Elk County,2436,37.456026,-96.244642
20051,Kansas,Ellis County,29007,38.914597,-99.317313
20053,Kansas,Ellsworth County,6316,38.700845,-98.205355
20055,Kansas,Finney County,38354,38.049808,-100.739967
20057,Kansas,Ford County,34072,37.68851,-99.884743
20059,Kansas,Franklin County,26273,38.558019,-95.278962
20061,Kansas,Geary County,35459,39.002139,-96.7681
20063,Kansas,Gove County,2658,38.917239,-100.48736
20065,Kansas,Graham County,2370,39.354972,-99.879894
20067,Kansas,Grant County,7097,37.547537,-101.299362
20069,Kansas,Gray County,5730,37.744513,-100.451716
20071,Kansas,Greeley County,1152,38.480404,-101.80597
20073,Kansas,Greenwood County,5871,37.879347,-96.241732
20075,Kansas,Hamilton County,2488,37.995244,-101.793689
20077,Kansas,Harper County,5413,37.188184,-98.06659
20079,Kansas,Harvey County,33642,38.050144,-97.436706
20081,Kansas,Haskell County,3591,37.554979,-100.879952
20083,Kansas,Hodgeman County,1673,38.087493,-99.898407
20085,Kansas,Jackson County,13525,39.411096,-95.794492
20087,Kansas,Jefferson County,18332,39.239644,-95.375314
20089,Kansas,Jewell County,2899,39.777005,-98.222619
20091,Kansas,Johnson County,632276,38.883907,-94.82233
20093,Kansas,Kearny County,3808,37.994461,-101.308136
20095,Kansas,Kingman County,6946,37.552951,-98.144529
20097,Kansas,Kiowa County,2436,37.561231,-99.286539
20099,Kansas,Labette County,19692,37.191468,-95.297473
20101,Kansas,Lane County,1482,38.481286,-100.466185
20103,Kansas,Leavenworth County,84670,39.189511,-95.038977
20105,Kansas,Lincoln County,2928,39.04728,-98.214284
20107,Kansas,Linn County,9841,38.216549,-94.844932
20109,Kansas,Logan County,2694,38.91327,-101.157402
20111,Kansas,Lyon County,32520,38.455403,-96.161641
20113,Kansas,McPherson County,30334,38.395812,-97.647489
20115,Kansas,Marion County,11670,38.359647,-97.102771
20117,Kansas,Marshall County,9950,39.782709,-96.521243
20119,Kansas,Meade County,3892,37.243886,-100.360094
20121,Kansas,Miami County,35737,38.566772,-94.832963
20123,Kansas,Mitchell County,5803,39.393026,-98.207362
20125,Kansas,Montgomery County,30459,37.189537,-95.742403
20127,Kansas,Morris County,5279,38.688204,-96.651448
20129,Kansas,Morton County,2485,37.185249,-101.809516
20131,Kansas,Nemaha County,10062,39.791043,-96.005381
20133,Kansas,Neosho County,15552,37.564283,-95.315682
20135,Kansas,Ness County,2617,38.480437,-99.908745
20137,Kansas,Norton County,5335,39.783867,-99.899235
20139,Kansas,Osage County,15737,38.650215,-95.708255
20141,Kansas,Osborne County,3353,39.348261,-98.767942
20143,Kansas,Ottawa County,5853,39.137963,-97.654802
20145,Kansas,Pawnee County,6012,38.181477,-99.234772
20147,Kansas,Phillips County,4733,39.784506,-99.34215
20149,Kansas,Pottawatomie County,26876,39.382187,-96.337113
20151,Kansas,Pratt County,9137,37.647594,-98.74012
20153,Kansas,Rawlins County,2432,39.786198,-101.076738
20155,Kansas,Reno County,61417,37.948185,-98.078346
20157,Kansas,Republic County,4613,39.828906,-97.650883
20159,Kansas,Rice County,9284,38.347178,-98.201415
20161,Kansas,Riley County,72557,39.29121,-96.727488
20163,Kansas,Rooks County,4748,39.346006,-99.324492
20165,Kansas,Rush County,2810,38.523596,-99.309184
20167,Kansas,Russell County,6620,38.91604,-98.770949
20169,Kansas,Saline County,53459,38.791804,-97.651478
20171,Kansas,Scott County,4914,38.481877,-100.90636
20173,Kansas,Sedgwick County,536081,37.681045,-97.461054
20175,Kansas,Seward County,21276,37.18096,-100.855257
20177,Kansas,Shawnee County,177942,39.041805,-95.755664
20179,Kansas,Sheridan County,2397,39.350547,-100.441228
20181,Kansas,Sherman County,5796,39.351352,-101.719859
20183,Kansas,Smith County,3541,39.78466,-98.785429
20185,Kansas,Stafford County,3901,38.03563,-98.719889
20187,Kansas,Stanton County,2071,37.565932,-101.789383
20189,Kansas,Stevens County,5035,37.2017,-101.317268
20191,Kansas,Sumner County,22336,37.236662,-97.493352
20193,Kansas,Thomas County,7802,39.357713,-101.083386
20195,Kansas,Trego County,2774,38.921302,-99.865423
20197,Kansas,Wabaunsee County,7112,38.955154,-96.201262
20199,Kansas,Wallace County,1472,38.926626,-101.771103
20201,Kansas,Washington County,5572,39.776714,-97.095611
20203,Kansas,Wichita County,2072,38.481922,-101.347434
20205,Kansas,Wilson County,8398,37.558515,-95.745175
20207,Kansas,Woodson County,3111,37.888193,-95.758469
20209,Kansas,Wyandotte County,169418,39.115384,-94.763087
21001,Kentucky,Adair County,19239,37.105559,-85.28138
21003,Kentucky,Allen County,22037,36.75077,-86.192458
21005,Kentucky,Anderson County,24883,38.005396,-84.986417
21007,Kentucky,Ballard County,7626,37.051323,-89.010367
21009,Kentucky,Barren County,45609,36.962805,-85.932108
21011,Kentucky,Bath County,12951,38.152249,-83.737641
21013,Kentucky,Bell County,23051,36.728928,-83.680718
21015,Kentucky,Boone County,144135,38.9589,-84.736371
21017,Kentucky,Bourbon County,20333,38.202562,-84.20986
21019,Kentucky,Boyd County,47777,38.360003,-82.681406
21021,Kentucky,Boyle County,31394,37.618104,-84.868352
21023,Kentucky,Bracken County,8497,38.680365,-84.115235
21025,Kentucky,Breathitt County,12804,37.517807,-83.317158
21027,Kentucky,Breckinridge County,21221,37.777988,-86.432919
21029,Kentucky,Bullitt County,85802,37.969945,-85.702635
21031,Kentucky,Butler County,12551,37.207013,-86.682471
21033,Kentucky,Caldwell County,12611,37.148642,-87.870509
21035,Kentucky,Calloway County,38975,36.620978,-88.274086
21037,Kentucky,Campbell County,94008,38.946981,-84.379583
21039,Kentucky,Carlisle County,4777,36.85718,-88.976614
21041,Kentucky,Carroll County,11111,38.668394,-85.124024
21043,Kentucky,Carter County,26098,38.314094,-83.038988
21045,Kentucky,Casey County,15948,37.321962,-84.92822
21047,Kentucky,Christian County,71006,36.892059,-87.492986
21049,Kentucky,Clark County,37673,37.970314,-84.145115
21051,Kentucky,Clay County,19592,37.164273,-83.715454
21053,Kentucky,Clinton County,9183,36.727258,-85.136098
21055,Kentucky,Crittenden County,8982,37.358149,-88.10501
21057,Kentucky,Cumberland County,6047,36.782372,-85.388484
21059,Kentucky,Daviess County,104457,37.731671,-87.087139
21061,Kentucky,Edmonson County,12635,37.227514,-86.218015
21063,Kentucky,Elliott County,7263,38.116883,-83.096116
21065,Kentucky,Estill County,14002,37.692449,-83.963983
21067,Kentucky,Fayette County,329437,38.040678,-84.458272
21069,Kentucky,Fleming County,15591,38.367848,-83.699205
21071,Kentucky,Floyd County,34532,37.552456,-82.739724
21073,Kentucky,Franklin County,52442,38.234919,-84.868786
21075,Kentucky,Fulton County,6282,36.552511,-89.187659
21077,Kentucky,Gallatin County,8805,38.755663,-84.865143
21079,Kentucky,Garrard County,18040,37.630162,-84.545856
21081,Kentucky,Grant County,25722,38.649167,-84.625924
21083,Kentucky,Graves County,36821,36.723344,-88.649897
21085,Kentucky,Grayson County,27070,37.458577,-86.344011
21087,Kentucky,Green County,11552,37.278065,-85.537925
21089,Kentucky,Greenup County,35273,38.563562,-82.93382
21091,Kentucky,Hancock County,9013,37.843325,-86.792761
21093,Kentucky,Hardin County,112826,37.695836,-85.963183
21095,Kentucky,Harlan County,25052,36.859223,-83.221497
21097,Kentucky,Harrison County,19525,38.444578,-84.334131
21099,Kentucky,Hart County,19923,37.305827,-85.878443
21101,Kentucky,Henderson County,44175,37.792542,-87.572577
21103,Kentucky,Henry County,16198,38.451383,-85.119647
21105,Kentucky,Hickman County,4393,36.675896,-88.972084
21107,Kentucky,Hopkins County,45218,37.31107,-87.542196
21109,Kentucky,Jackson County,13358,37.403458,-84.020576
21111,Kentucky,Jefferson County,793881,38.189532,-85.657624
21113,Kentucky,Jessamine County,56495,37.873291,-84.58396
21115,Kentucky,Johnson County,22098,37.847756,-82.830121
21117,Kentucky,Kenton County,174862,38.930503,-84.533438
21119,Kentucky,Knott County,13438,37.354368,-82.952546
21121,Kentucky,Knox County,29657,36.8885,-83.855551
21123,Kentucky,Larue County,15128,37.544462,-85.696841
21125,Kentucky,Laurel County,63353,37.113268,-84.119395
21127,Kentucky,Lawrence County,15798,38.074453,-82.73829
21129,Kentucky,Lee County,7313,37.608116,-83.719248
21131,Kentucky,Leslie County,9729,37.087846,-83.388617
21133,Kentucky,Letcher County,20139,37.118536,-82.861251
21135,Kentucky,Lewis County,12875,38.535047,-83.370143
21137,Kentucky,Lincoln County,24910,37.457174,-84.658335
21139,Kentucky,Livingston County,8815,37.209517,-88.363426
21141,Kentucky,Logan County,28467,36.859607,-86.881288
21143,Kentucky,Lyon County,9078,37.023976,-88.083391
21145,Kentucky,McCracken County,67550,37.054111,-88.712454
21147,Kentucky,McCreary County,16824,36.731136,-84.491052
21149,Kentucky,McLean County,9126,37.526707,-87.265597
21151,Kentucky,Madison County,99582,37.725511,-84.278362
21153,Kentucky,Magoffin County,11118,37.698983,-83.069721
21155,Kentucky,Marion County,19851,37.552604,-85.268959
21157,Kentucky,Marshall County,31734,36.882017,-88.332752
21159,Kentucky,Martin County,10696,37.796774,-82.506623
21161,Kentucky,Mason County,16956,38.594137,-83.828125
21163,Kentucky,Meade County,30442,37.967476,-86.200863
21165,Kentucky,Menifee County,6341,37.935485,-83.589355
21167,Kentucky,Mercer County,23515,37.812085,-84.879695
21169,Kentucky,Metcalfe County,10558,36.99243,-85.633456
21171,Kentucky,Monroe County,11163,36.714077,-85.713508
21173,Kentucky,Montgomery County,28771,38.038109,-83.912416
21175,Kentucky,Morgan County,14300,37.92294,-83.258944
21177,Kentucky,Muhlenberg County,30512,37.213816,-87.134092
21179,Kentucky,Nelson County,48706,37.80312,-85.465931
21181,Kentucky,Nicholas County,7816,38.338031,-84.026223
21183,Kentucky,Ohio County,23933,37.477859,-86.844871
21185,Kentucky,Oldham County,70525,38.400127,-85.45615
21187,Kentucky,Owen County,11435,38.499395,-84.84159
21189,Kentucky,Owsley County,3928,37.423622,-83.691637
21191,Kentucky,Pendleton County,14844,38.696284,-84.351943
21193,Kentucky,Perry County,26739,37.241282,-83.217772
21195,Kentucky,Pike County,55430,37.486031,-82.410912
21197,Kentucky,Powell County,12928,37.809567,-83.831235
21199,Kentucky,Pulaski County,66842,37.107428,-84.576969
21201,Kentucky,Robertson County,2382,38.513473,-84.06423
21203,Kentucky,Rockcastle County,16226,37.36105,-84.314368
21205,Kentucky,Rowan County,24675,38.204266,-83.428079
21207,Kentucky,Russell County,18458,36.990587,-85.05495
21209,Kentucky,Scott County,61700,38.28571,-84.57834
21211,Kentucky,Shelby County,50124,38.239011,-85.228247
21213,Kentucky,Simpson County,20350,36.740929,-86.581787
21215,Kentucky,Spencer County,20823,38.025313,-85.317312
21217,Kentucky,Taylor County,26809,37.36621,-85.328059
21219,Kentucky,Todd County,12757,36.840338,-87.183642
21221,Kentucky,Trigg County,14559,36.807681,-87.858652
21223,Kentucky,Trimble County,8591,38.62004,-85.351208
21225,Kentucky,Union County,13178,37.658029,-87.95165
21227,Kentucky,Warren County,147936,36.995634,-86.423579
21229,Kentucky,Washington County,12269,37.754209,-85.175416
21231,Kentucky,Wayne County,19629,36.800772,-84.82659
21233,Kentucky,Webster County,12854,37.520375,-87.685206
21235,Kentucky,Whitley County,37233,36.758024,-84.144648
21237,Kentucky,Wolfe County,6364,37.743893,-83.49511
21239,Kentucky,Woodford County,27728,38.043103,-84.748855
22001,Louisiana,Acadia Parish,56604,30.291497,-92.411037
22003,Louisiana,Allen Parish,22501,30.652744,-92.819605
22005,Louisiana,Ascension Parish,133534,30.206444,-90.912502
22007,Louisiana,Assumption Parish,20050,29.9033,-91.065219
22009,Louisiana,Avoyelles Parish,38373,31.088503,-91.983275
22011,Louisiana,Beauregard Parish,36695,30.645018,-93.340253
22013,Louisiana,Bienville Parish,12412,32.340952,-93.041151
22015,Louisiana,Bossier Parish,131102,32.698481,-93.626561
22017,Louisiana,Caddo Parish,224893,32.580106,-93.88497
22019,Louisiana,Calcasieu Parish,206861,30.229559,-93.358015
22021,Louisiana,Caldwell Parish,9393,32.101219,-92.114231
22023,Louisiana,Cameron Parish,4678,29.871812,-93.164948
22025,Louisiana,Catahoula Parish,8280,31.666517,-91.846703
22027,Louisiana,Claiborne Parish,13537,32.82716,-92.989728
22029,Louisiana,Concordia Parish,17797,31.469805,-91.626315
22031,Louisiana,De Soto Parish,27274,32.059248,-93.740797
22033,Louisiana,East Baton Rouge Parish,453022,30.54393,-91.093131
22035,Louisiana,East Carroll Parish,6892,32.73017,-91.234141
22037,Louisiana,East Feliciana Parish,19112,30.839784,-91.043434
22039,Louisiana,Evangeline Parish,31745,30.720693,-92.404086
22041,Louisiana,Franklin Parish,19107,32.139076,-91.672371
22043,Louisiana,Grant Parish,22109,31.597787,-92.561716
22045,Louisiana,Iberia Parish,67540,29.606013,-91.842706
22047,Louisiana,Iberville Parish,29766,30.270658,-91.36587
22049,Louisiana,Jackson Parish,14797,32.30429,-92.5617
22051,Louisiana,Jefferson Parish,427253,29.5033,-90.036231
22053,Louisiana,Jefferson Davis Parish,31436,30.269529,-92.816221
22055,Louisiana,Lafayette Parish,254241,30.206507,-92.06417
22057,Louisiana,Lafourche Parish,95342,29.491992,-90.394849
22059,Louisiana,LaSalle Parish,14702,31.680083,-92.161596
22061,Louisiana,Lincoln Parish,48243,32.601823,-92.662303
22063,Louisiana,Livingston Parish,152886,30.440419,-90.727474
22065,Louisiana,Madison Parish,9093,32.346878,-91.231932
22067,Louisiana,Morehouse Parish,23787,32.820008,-91.800399
22069,Louisiana,Natchitoches Parish,35982,31.732509,-93.082546
22071,Louisiana,Orleans Parish,362701,30.05342,-89.934502
22073,Louisiana,Ouachita Parish,157874,32.480932,-92.151581
22075,Louisiana,Plaquemines Parish,22289,29.282447,-89.576068
22077,Louisiana,Pointe Coupee Parish,19845,30.708319,-91.604621
22079,Louisiana,Rapides Parish,125899,31.193204,-92.535953
22081,Louisiana,Red River Parish,7238,32.101213,-93.34905
22083,Louisiana,Richland Parish,19643,32.413158,-91.748353
22085,Louisiana,Sabine Parish,21746,31.560402,-93.559579
22087,Louisiana,St. Bernard Parish,44783,29.91811,-89.263494
22089,Louisiana,St. Charles Parish,50400,29.905722,-90.357855
22091,Louisiana,St. Helena Parish,10857,30.822539,-90.708307
22093,Louisiana,St. James Parish,19110,30.024777,-90.793956
22095,Louisiana,St. John the Baptist Parish,39694,30.144068,-90.49096
22097,Louisiana,St. Landry Parish,80869,30.583441,-91.989274
22099,Louisiana,St. Martin Parish,51218,30.121433,-91.611481
22101,Louisiana,St. Mary Parish,46799,29.629349,-91.463804
22103,Louisiana,St. Tammany Parish,277615,30.410022,-89.951962
22105,Louisiana,Tangipahoa Parish,139823,30.621348,-90.40649
22107,Louisiana,Tensas Parish,3844,32.001489,-91.342576
22109,Louisiana,Terrebonne Parish,103864,29.33413,-90.843674
22111,Louisiana,Union Parish,20617,32.829349,-92.37565
22113,Louisiana,Vermilion Parish,57641,29.806638,-92.321394
22115,Louisiana,Vernon Parish,45819,31.102841,-93.18833
22117,Louisiana,Washington Parish,45090,30.852144,-90.046253
22119,Louisiana,Webster Parish,35184,32.732152,-93.339825
22121,Louisiana,West Baton Rouge Parish,28425,30.464052,-91.309808
22123,Louisiana,West Carroll Parish,9254,32.79248,-91.451998
22125,Louisiana,West Feliciana Parish,15155,30.873364,-91.421776
22127,Louisiana,Winn Parish,13405,31.941187,-92.641269
23001,Maine,Androscoggin County,115272,44.167681,-70.207435
23003,Maine,Aroostook County,66776,46.709193,-68.612409
23005,Maine,Cumberland County,313809,43.808348,-70.330375
23007,Maine,Franklin County,30902,44.976724,-70.414935
23009,Maine,Hancock County,56946,44.564906,-68.370703
23011,Maine,Kennebec County,128461,44.417012,-69.765764
23013,Maine,Knox County,40981,44.042045,-69.038514
23015,Maine,Lincoln County,36491,43.994781,-69.513624
23017,Maine,Oxford County,60039,44.4945,-70.734421
23019,Maine,Penobscot County,156840,45.409284,-68.666616
23021,Maine,Piscataquis County,17432,45.915639,-69.102231
23023,Maine,Sagadahoc County,37582,43.916845,-69.844227
23025,Maine,Somerset County,51338,45.503646,-69.95611
23027,Maine,Waldo County,40617,44.475023,-69.117429
23029,Maine,Washington County,31383,44.967009,-67.609354
23031,Maine,York County,220143,43.426019,-70.668425
24001,Maryland,Allegany County,67097,39.612313,-78.703104
24003,Maryland,Anne Arundel County,602350,38.991617,-76.560894
24005,Maryland,Baltimore County,852425,39.443167,-76.616569
24009,Maryland,Calvert County,94913,38.522719,-76.529762
24011,Maryland,Caroline County,34248,38.871531,-75.831662
24013,Maryland,Carroll County,177108,39.563328,-77.01533
24015,Maryland,Cecil County,106305,39.562354,-75.941585
24017,Maryland,Charles County,174478,38.472853,-77.015427
24019,Maryland,Dorchester County,33138,38.429196,-76.047433
24021,Maryland,Frederick County,299317,39.470177,-77.397636
24023,Maryland,Garrett County,28393,39.547299,-79.274619
24025,Maryland,Harford County,265514,39.537429,-76.299789
24027,Maryland,Howard County,339668,39.252264,-76.924406
24029,Maryland,Kent County,19557,39.241279,-76.125987
24031,Maryland,Montgomery County,1082273,39.137381,-77.203063
24033,Maryland,Prince George's County,966629,38.829278,-76.848188
24035,Maryland,Queen Anne's County,53688,39.040693,-76.082405
24037,Maryland,St. Mary's County,116469,38.223077,-76.534487
24039,Maryland,Somerset County,25241,38.07445,-75.853323
24041,Maryland,Talbot County,38244,38.748349,-76.178476
24043,Maryland,Washington County,157228,39.603621,-77.814671
24045,Maryland,Wicomico County,106329,38.367368,-75.632084
24047,Maryland,Worcester County,54337,38.222133,-75.309931
24510,Maryland,Baltimore city,568271,39.300032,-76.610476
25001,Massachusetts,Barnstable County,232570,41.706123,-70.164823
25003,Massachusetts,Berkshire County,128726,42.371493,-73.217928
25005,Massachusetts,Bristol County,588593,41.748588,-71.088894
25007,Massachusetts,Dukes County,21061,41.38097,-70.701499
25009,Massachusetts,Essex County,823938,42.642708,-70.864909
25011,Massachusetts,Franklin County,70871,42.584504,-72.591792
25013,Massachusetts,Hampden County,464151,42.136198,-72.635648
25015,Massachusetts,Hampshire County,165399,42.339459,-72.663694
25017,Massachusetts,Middlesex County,1668956,42.481718,-71.394916
25019,Massachusetts,Nantucket County,14670,41.293392,-70.102164
25021,Massachusetts,Norfolk County,740754,42.171738,-71.18111
25023,Massachusetts,Plymouth County,542090,41.987196,-70.741942
25025,Massachusetts,Suffolk County,793144,42.338551,-71.018253
25027,Massachusetts,Worcester County,881248,42.311693,-71.940282
26001,Michigan,Alcona County,10624,44.657509,-83.29458
26003,Michigan,Alger County,8695,46.521736,-86.657119
26005,Michigan,Allegan County,122429,42.421251,-86.261403
26007,Michigan,Alpena County,28903,44.894954,-83.426574
26009,Michigan,Antrim County,24536,45.005455,-85.175639
26011,Michigan,Arenac County,15087,44.036833,-83.740675
26013,Michigan,Baraga County,8169,46.695859,-88.36181
26015,Michigan,Barry County,64025,42.582811,-85.31455
26017,Michigan,Bay County,102651,43.699711,-83.978701
26019,Michigan,Benzie County,18520,44.636844,-86.231999
26021,Michigan,Berrien County,152703,41.791382,-86.742543
26023,Michigan,Branch County,46187,41.918455,-85.066885
26025,Michigan,Calhoun County,133785,42.24299,-85.012385
26027,Michigan,Cass County,51550,41.917243,-86.000142
26029,Michigan,Charlevoix County,26105,45.618554,-85.543684
26031,Michigan,Cheboygan County,25964,45.476022,-84.495431
26033,Michigan,Chippewa County,36253,46.321819,-84.52063
26035,Michigan,Clare County,31405,43.991137,-84.838325
26037,Michigan,Clinton County,80050,42.950455,-84.591695
26039,Michigan,Crawford County,13599,44.680175,-84.611343
26041,Michigan,Delta County,36687,45.805229,-86.901938
26043,Michigan,Dickinson County,25995,46.012833,-87.866139
26045,Michigan,Eaton County,109494,42.58953,-84.84645
26047,Michigan,Emmet County,33949,45.590094,-84.986822
26049,Michigan,Genesee County,402279,43.021077,-83.706372
26051,Michigan,Gladwin County,25995,43.98975,-84.389816
26053,Michigan,Gogebic County,14217,46.488054,-89.788314
26055,Michigan,Grand Traverse County,96625,44.718688,-85.553848
26057,Michigan,Gratiot County,41372,43.292326,-84.60469
26059,Michigan,Hillsdale County,45590,41.927461,-84.637479
26061,Michigan,Houghton County,38041,46.998427,-88.651903
26063,Michigan,Huron County,30780,43.907616,-82.857045
26065,Michigan,Ingham County,290427,42.603534,-84.373811
26067,Michigan,Ionia County,66250,42.94465,-85.073766
26069,Michigan,Iosco County,25361,44.386912,-83.380141
26071,Michigan,Iron County,11709,46.170254,-88.540526
26073,Michigan,Isabella County,65072,43.645233,-84.839424
26075,Michigan,Jackson County,160233,42.248474,-84.420868
26077,Michigan,Kalamazoo County,264780,42.246266,-85.532854
26079,Michigan,Kalkaska County,18618,44.678881,-85.088992
26081,Michigan,Kent County,673002,43.032497,-85.547446
26083,Michigan,Keweenaw County,2161,47.367297,-88.351332
26085,Michigan,Lake County,13005,43.995187,-85.8114
26087,Michigan,Lapeer County,89168,43.088633,-83.224325
26089,Michigan,Leelanau County,22871,45.146182,-86.051574
26091,Michigan,Lenawee County,97746,41.896022,-84.074356
26093,Michigan,Livingston County,196976,42.602532,-83.911718
26095,Michigan,Luce County,6328,46.510988,-85.517552
26097,Michigan,Mackinac County,11144,46.167868,-85.303762
26099,Michigan,Macomb County,886175,42.671553,-82.911456
26101,Michigan,Manistee County,25519,44.245268,-86.327537
26103,Michigan,Marquette County,67979,46.656596,-87.584028
26105,Michigan,Mason County,29093,43.957196,-86.442937
26107,Michigan,Mecosta County,41947,43.635295,-85.332751
26109,Michigan,Menominee County,23050,45.535568,-87.501457
26111,Michigan,Midland County,84022,43.648203,-84.379414
26113,Michigan,Missaukee County,15239,44.325424,-85.085471
26115,Michigan,Monroe County,156045,41.916097,-83.487106
26117,Michigan,Montcalm County,69314,43.312782,-85.149468
26119,Michigan,Montmorency County,9828,45.024134,-84.130107
26121,Michigan,Muskegon County,177428,43.428739,-86.420908
26123,Michigan,Newaygo County,51504,43.562712,-85.791372
26125,Michigan,Oakland County,1296888,42.660452,-83.38421
26127,Michigan,Oceana County,27014,43.603954,-86.467177
26129,Michigan,Ogemaw County,20985,44.33328,-84.128073
26131,Michigan,Ontonagon County,5824,46.835203,-89.276943
26133,Michigan,Osceola County,23484,43.997552,-85.322283
26135,Michigan,Oscoda County,8596,44.687257,-84.126905
26137,Michigan,Otsego County,26083,45.021787,-84.576603
26139,Michigan,Ottawa County,306235,43.054969,-86.219349
26141,Michigan,Presque Isle County,13230,45.252397,-83.432283
26143,Michigan,Roscommon County,23932,44.339517,-84.611271
26145,Michigan,Saginaw County,187714,43.328267,-84.05541
26147,Michigan,St. Clair County,160308,42.928803,-82.668913
26149,Michigan,St. Joseph County,61171,41.911488,-85.52287
26151,Michigan,Sanilac County,40293,43.449155,-82.642815
26153,Michigan,Schoolcraft County,8178,46.021122,-86.197029
26155,Michigan,Shiawassee County,67982,42.951545,-84.146352
26157,Michigan,Tuscola County,52757,43.487902,-83.436618
26159,Michigan,Van Buren County,76129,42.28215,-86.306076
26161,Michigan,Washtenaw County,373875,42.252217,-83.843423
26163,Michigan,Wayne County,1771063,42.284664,-83.261953
26165,Michigan,Wexford County,34460,44.331375,-85.570046
27001,Minnesota,Aitkin County,16335,46.602409,-93.419694
27003,Minnesota,Anoka County,376840,45.27411,-93.242723
27005,Minnesota,Becker County,35444,46.937629,-95.741757
27007,Minnesota,Beltrami County,46762,47.879508,-95.00505
27009,Minnesota,Benton County,41881,45.701225,-94.00144
27011,Minnesota,Big Stone County,5067,45.419925,-96.402226
27013,Minnesota,Blue Earth County,70700,44.03371,-94.064012
27015,Minnesota,Brown County,25710,44.246541,-94.733647
27017,Minnesota,Carlton County,36745,46.603818,-92.671044
27019,Minnesota,Carver County,112628,44.82132,-93.800091
27021,Minnesota,Cass County,31442,46.951745,-94.333705
27023,Minnesota,Chippewa County,12299,45.028625,-95.564108
27025,Minnesota,Chisago County,59105,45.505444,-92.903849
27027,Minnesota,Clay County,66848,46.898377,-96.494901
27029,Minnesota,Clearwater County,8630,47.575873,-95.371117
27031,Minnesota,Cook County,5571,47.758556,-90.344319
27033,Minnesota,Cottonwood County,11338,44.010639,-95.183152
27035,Minnesota,Crow Wing County,68642,46.491653,-94.070718
27037,Minnesota,Dakota County,453156,44.670893,-93.062481
27039,Minnesota,Dodge County,21242,44.020706,-92.869353
27041,Minnesota,Douglas County,39933,45.936835,-95.462155
27043,Minnesota,Faribault County,13886,43.676522,-93.947234
27045,Minnesota,Fillmore County,21502,43.679187,-92.093937
27047,Minnesota,Freeborn County,30314,43.674202,-93.350289
27049,Minnesota,Goodhue County,47982,44.406178,-92.716
27051,Minnesota,Grant County,6109,45.930743,-96.010699
27053,Minnesota,Hennepin County,1273334,45.006121,-93.475228
27055,Minnesota,Houston County,18352,43.66699,-91.501556
27057,Minnesota,Hubbard County,22050,47.095551,-94.91329
27059,Minnesota,Isanti County,43687,45.562431,-93.296339
27061,Minnesota,Itasca County,45442,47.490817,-93.611102
27063,Minnesota,Jackson County,9861,43.671111,-95.149731
27065,Minnesota,Kanabec County,16608,45.94776,-93.297788
27067,Minnesota,Kandiyohi County,44674,45.152714,-95.004981
27069,Minnesota,Kittson County,3992,48.77604,-96.780349
27071,Minnesota,Koochiching County,11594,48.245374,-93.782896
27073,Minnesota,Lac qui Parle County,6636,44.999826,-96.176851
27075,Minnesota,Lake County,10698,47.517111,-91.411704
27077,Minnesota,Lake of the Woods County,3797,48.7681,-94.904633
27079,Minnesota,Le Sueur County,29458,44.373421,-93.730106
27081,Minnesota,Lincoln County,5564,44.408238,-96.272032
27083,Minnesota,Lyon County,25577,44.409195,-95.847268
27085,Minnesota,McLeod County,36780,44.821657,-94.272323
27087,Minnesota,Mahnomen County,5296,47.328387,-95.811089
27089,Minnesota,Marshall County,8771,48.362728,-96.357761
27091,Minnesota,Martin County,19561,43.677173,-94.547096
27093,Minnesota,Meeker County,23491,45.123155,-94.527346
27095,Minnesota,Mille Lacs County,27577,45.929266,-93.632748
27097,Minnesota,Morrison County,34520,46.020484,-94.266619
27099,Minnesota,Mower County,40900,43.666249,-92.759514
27101,Minnesota,Murray County,8044,44.015594,-95.761581
27103,Minnesota,Nicollet County,34493,44.35882,-94.245684
27105,Minnesota,Nobles County,21969,43.677686,-95.763132
27107,Minnesota,Norman County,6284,47.329453,-96.463776
27109,Minnesota,Olmsted County,166424,43.9995,-92.410096
27111,Minnesota,Otter Tail County,60884,46.405727,-95.714581
27113,Minnesota,Pennington County,13652,48.069247,-96.037725
27115,Minnesota,Pine County,30319,46.10094,-92.763094
27117,Minnesota,Pipestone County,9100,44.015361,-96.257015
27119,Minnesota,Polk County,30413,47.774254,-96.400027
27121,Minnesota,Pope County,11495,45.589623,-95.446705
27123,Minnesota,Ramsey County,542015,45.015204,-93.099965
27125,Minnesota,Red Lake County,3882,47.865487,-96.08718
27127,Minnesota,Redwood County,15254,44.403536,-95.254241
27129,Minnesota,Renville County,14453,44.723697,-94.955617
27131,Minnesota,Rice County,69025,44.350775,-93.298513
27133,Minnesota,Rock County,9525,43.669587,-96.263238
27135,Minnesota,Roseau County,15265,48.761068,-95.821504
27137,Minnesota,St. Louis County,200794,47.578635,-92.514585
27139,Minnesota,Scott County,157206,44.651811,-93.533733
27141,Minnesota,Sherburne County,103059,45.453166,-93.769164
27143,Minnesota,Sibley County,15194,44.575734,-94.230123
27145,Minnesota,Stearns County,163997,45.555235,-94.610482
27147,Minnesota,Steele County,37434,44.015261,-93.220453
27149,Minnesota,Stevens County,9819,45.593461,-95.992315
27151,Minnesota,Swift County,9666,45.27581,-95.690124
27153,Minnesota,Todd County,25955,46.066569,-94.900576
27155,Minnesota,Traverse County,3134,45.769935,-96.474832
27157,Minnesota,Wabasha County,21574,44.289634,-92.233454
27159,Minnesota,Wadena County,14437,46.586986,-94.988608
27161,Minnesota,Waseca County,18684,44.01846,-93.589844
27163,Minnesota,Washington County,283960,45.037929,-92.890117
27165,Minnesota,Watonwan County,11204,43.978109,-94.613798
27167,Minnesota,Wilkin County,6268,46.362335,-96.476657
27169,Minnesota,Winona County,49973,43.981353,-91.777044
27171,Minnesota,Wright County,154593,45.175091,-93.966396
27173,Minnesota,Yellow Medicine County,9373,44.715736,-95.862756
28001,Mississippi,Adams County,28674,31.486224,-91.351797
28003,Mississippi,Alcorn County,34228,34.886569,-88.581109
28005,Mississippi,Amite County,12451,31.203933,-90.795542
28007,Mississippi,Attala County,17222,33.090468,-89.588622
28009,Mississippi,Benton County,7566,34.809593,-89.200213
28011,Mississippi,Bolivar County,28395,33.799139,-90.88412
28013,Mississippi,Calhoun County,12754,33.936634,-89.337114
28015,Mississippi,Carroll County,9378,33.440795,-89.918887
28017,Mississippi,Chickasaw County,16774,33.933277,-88.947558
28019,Mississippi,Choctaw County,8091,33.345964,-89.251332
28021,Mississippi,Claiborne County,8122,31.97281,-90.915424
28023,Mississippi,Clarke County,15155,32.045374,-88.687976
28025,Mississippi,Clay County,18213,33.65967,-88.782468
28027,Mississippi,Coahoma County,20105,34.230316,-90.60401
28029,Mississippi,Copiah County,27536,31.866915,-90.448758
28031,Mississippi,Covington County,18015,31.633331,-89.548897
28033,Mississippi,DeSoto County,195871,34.874922,-89.991211
28035,Mississippi,Forrest County,78435,31.18858,-89.259447
28037,Mississippi,Franklin County,7516,31.477773,-90.895457
28039,Mississippi,George County,25880,30.855431,-88.642268
28041,Mississippi,Greene County,13675,31.212845,-88.634811
28043,Mississippi,Grenada County,20931,33.770031,-89.80274
28045,Mississippi,Hancock County,46492,30.391641,-89.482791
28047,Mississippi,Harrison County,213730,30.416536,-89.083376
28049,Mississippi,Hinds County,211975,32.267788,-90.466017
28051,Mississippi,Holmes County,15560,33.125942,-90.091197
28053,Mississippi,Humphreys County,7121,33.130996,-90.523421
28055,Mississippi,Issaquena County,1295,32.755539,-91.003535
28057,Mississippi,Itawamba County,24198,34.281075,-88.363127
28059,Mississippi,Jackson County,147002,30.456005,-88.625101
28061,Mississippi,Jasper County,15799,32.016748,-89.119176
28063,Mississippi,Jefferson County,6900,31.733633,-91.043878
28065,Mississippi,Jefferson Davis County,11059,31.564808,-89.827086
28067,Mississippi,Jones County,65837,31.616601,-89.168532
28069,Mississippi,Kemper County,8562,32.750136,-88.625631
28071,Mississippi,Lafayette County,59843,34.353078,-89.485385
28073,Mississippi,Lamar County,66734,31.197586,-89.506369
28075,Mississippi,Lauderdale County,70588,32.404017,-88.660451
28077,Mississippi,Lawrence County,11672,31.550009,-90.10753
28079,Mississippi,Leake County,21462,32.76063,-89.52225
28081,Mississippi,Lee County,83012,34.29237,-88.682439
28083,Mississippi,Leflore County,26157,33.54979,-90.294934
28085,Mississippi,Lincoln County,34956,31.535216,-90.453566
28087,Mississippi,Lowndes County,57210,33.471424,-88.439723
28089,Mississippi,Madison County,114247,32.63437,-90.03416
28091,Mississippi,Marion County,24008,31.23151,-89.822307
28093,Mississippi,Marshall County,34374,34.76619,-89.504231
28095,Mississippi,Monroe County,33483,33.89003,-88.485038
28097,Mississippi,Montgomery County,9411,33.500714,-89.639625
28099,Mississippi,Neshoba County,28973,32.752518,-89.119274
28101,Mississippi,Newton County,21063,32.40197,-89.118412
28103,Mississippi,Noxubee County,9825,33.106606,-88.566152
28105,Mississippi,Oktibbeha County,51965,33.422313,-88.876151
28107,Mississippi,Panola County,32764,34.365205,-89.963065
28109,Mississippi,Pearl River County,59030,30.774793,-89.586904
28111,Mississippi,Perry County,11406,31.169307,-88.988755
28113,Mississippi,Pike County,38980,31.177516,-90.397725
28115,Mississippi,Pontotoc County,32014,34.227081,-89.037239
28117,Mississippi,Prentiss County,25489,34.620566,-88.522184
28119,Mississippi,Quitman County,5542,34.252833,-90.290171
28121,Mississippi,Rankin County,160573,32.267123,-89.946063
28123,Mississippi,Scott County,27666,32.411959,-89.533486
28125,Mississippi,Sharkey County,3234,32.892395,-90.827613
28127,Mississippi,Simpson County,25597,31.902505,-89.917709
28129,Mississippi,Smith County,14051,32.019029,-89.494876
28131,Mississippi,Stone County,19569,30.790184,-89.112297
28133,Mississippi,Sunflower County,23029,33.605529,-90.59509
28135,Mississippi,Tallahatchie County,10921,33.954529,-90.172243
28137,Mississippi,Tate County,28551,34.649553,-89.943105
28139,Mississippi,Tippah County,21423,34.763618,-88.918819
28141,Mississippi,Tishomingo County,18553,34.738835,-88.234827
28143,Mississippi,Tunica County,9157,34.652201,-90.37177
28145,Mississippi,Union County,28363,34.489533,-89.002339
28147,Mississippi,Walthall County,13839,31.164492,-90.103431
28149,Mississippi,Warren County,42105,32.356095,-90.852384
28151,Mississippi,Washington County,41181,33.273174,-90.944446
28153,Mississippi,Wayne County,19749,31.642503,-88.678214
28155,Mississippi,Webster County,10039,33.612061,-89.283961
28157,Mississippi,Wilkinson County,7820,31.161091,-91.324617
28159,Mississippi,Winston County,17418,33.078724,-89.037391
28161,Mississippi,Yalobusha County,12458,34.030666,-89.703807
28163,Mississippi,Yazoo County,23024,32.765675,-90.387928
29001,Missouri,Adair County,25660,40.190666,-92.603592
29003,Missouri,Andrew County,18091,39.988863,-94.803551
29005,Missouri,Atchison County,5139,40.431846,-95.437555
29007,Missouri,Audrain County,24304,39.214481,-91.843418
29009,Missouri,Barry County,35618,36.699376,-93.834334
29011,Missouri,Barton County,11717,37.500799,-94.344089
29013,Missouri,Bates County,16394,38.257217,-94.339246
29015,Missouri,Benton County,20614,38.301036,-93.287942
29017,Missouri,Bollinger County,10610,37.318427,-90.024645
29019,Missouri,Boone County,192154,38.989861,-92.310202
29021,Missouri,Buchanan County,83574,39.660369,-94.808173
29023,Missouri,Butler County,41814,36.71518,-90.40313
29025,Missouri,Caldwell County,9000,39.658998,-93.979179
29027,Missouri,Callaway County,45126,38.835547,-91.923446
29029,Missouri,Camden County,44135,38.026504,-92.765328
29031,Missouri,Cape Girardeau County,83658,37.384141,-89.685658
29033,Missouri,Carroll County,8414,39.427375,-93.500227
29035,Missouri,Carter County,5359,36.944858,-90.945705
29037,Missouri,Cass County,113873,38.646474,-94.354547
29039,Missouri,Cedar County,15023,37.733655,-93.850014
29041,Missouri,Chariton County,7397,39.517968,-92.96162
29043,Missouri,Christian County,96045,36.969739,-93.187614
29045,Missouri,Clark County,6623,40.407275,-91.729472
29047,Missouri,Clay County,263370,39.315551,-94.421502
29049,Missouri,Clinton County,21721,39.608723,-94.395803
29051,Missouri,Cole County,77625,38.503233,-92.280027
29053,Missouri,Cooper County,17122,38.847093,-92.810069
29055,Missouri,Crawford County,22808,37.966559,-91.313936
29057,Missouri,Dade County,7622,37.43235,-93.854878
29059,Missouri,Dallas County,17877,37.683583,-93.033815
29061,Missouri,Daviess County,8541,39.962839,-93.970053
29063,Missouri,DeKalb County,9884,39.894665,-94.40719
29065,Missouri,Dent County,14721,37.603072,-91.489717
29067,Missouri,Douglas County,12290,36.946517,-92.515892
29069,Missouri,Dunklin County,27002,36.153025,-90.062254
29071,Missouri,Franklin County,107256,38.413003,-91.072832
29073,Missouri,Gasconade County,14655,38.441183,-91.50578
29075,Missouri,Gentry County,6298,40.208127,-94.405321
29077,Missouri,Greene County,307942,37.258196,-93.340641
29079,Missouri,Grundy County,9766,40.112541,-93.565054
29081,Missouri,Harrison County,8186,40.34562,-93.992582
29083,Missouri,Henry County,22575,38.386491,-93.792628
29085,Missouri,Hickory County,8766,37.93691,-93.322988
29087,Missouri,Holt County,4241,40.095724,-95.219072
29089,Missouri,Howard County,10150,39.143365,-92.695926
29091,Missouri,Howell County,40762,36.774369,-91.887368
29093,Missouri,Iron County,9420,37.625971,-90.699587
29095,Missouri,Jackson County,727362,39.005364,-94.343211
29097,Missouri,Jasper County,126479,37.205197,-94.337259
29099,Missouri,Jefferson County,231888,38.25763,-90.543681
29101,Missouri,Johnson County,55880,38.741528,-93.811863
29103,Missouri,Knox County,3740,40.136856,-92.146835
29105,Missouri,Laclede County,36738,37.659698,-92.594843
29107,Missouri,Lafayette County,33511,39.068705,-93.802639
29109,Missouri,Lawrence County,39151,37.106611,-93.830542
29111,Missouri,Lewis County,9852,40.084559,-91.728803
29113,Missouri,Lincoln County,65888,39.062255,-90.962916
29115,Missouri,Linn County,11910,39.86444,-93.108019
29117,Missouri,Livingston County,14658,39.778587,-93.548201
29119,Missouri,McDonald County,24054,36.627955,-94.343716
29121,Missouri,Macon County,15177,39.829795,-92.56434
29123,Missouri,Madison County,12852,37.474481,-90.343413
29125,Missouri,Maries County,8506,38.162615,-91.923601
29127,Missouri,Marion County,28425,39.807538,-91.635379
29129,Missouri,Mercer County,3452,40.421413,-93.567631
29131,Missouri,Miller County,25668,38.21668,-92.429876
29133,Missouri,Mississippi County,11750,36.826264,-89.295929
29135,Missouri,Moniteau County,15294,38.633037,-92.583642
29137,Missouri,Monroe County,8890,39.49827,-92.006458
29139,Missouri,Montgomery County,11511,38.935184,-91.465427
29141,Missouri,Morgan County,22399,38.420806,-92.874835
29143,Missouri,New Madrid County,15212,36.594261,-89.655948
29145,Missouri,Newton County,61519,36.908371,-94.335034
29147,Missouri,Nodaway County,20503,40.361136,-94.883146
29149,Missouri,Oregon County,8699,36.68531,-91.401827
29151,Missouri,Osage County,13478,38.464253,-91.859504
29153,Missouri,Ozark County,9090,36.64959,-92.458549
29155,Missouri,Pemiscot County,14407,36.209916,-89.785942
29157,Missouri,Perry County,19100,37.71113,-89.802125
29159,Missouri,Pettis County,43791,38.727388,-93.28519
29161,Missouri,Phelps County,45672,37.866326,-91.790349
29163,Missouri,Pike County,17961,39.339959,-91.171607
29165,Missouri,Platte County,113207,39.37869,-94.761476
29167,Missouri,Polk County,33070,37.616761,-93.400817
29169,Missouri,Pulaski County,53964,37.824835,-92.207022
29171,Missouri,Putnam County,4539,40.478606,-93.014531
29173,Missouri,Ralls County,10499,39.553455,-91.524787
29175,Missouri,Randolph County,24077,39.439249,-92.492959
29177,Missouri,Ray County,23199,39.308401,-93.995746
29179,Missouri,Reynolds County,5927,37.366464,-90.972282
29181,Missouri,Ripley County,10715,36.65017,-90.874834
29183,Missouri,St. Charles County,423726,38.781102,-90.674915
29185,Missouri,St. Clair County,9848,38.04223,-93.77656
29186,Missouri,Ste. Genevieve County,18546,37.885845,-90.161531
29187,Missouri,St. Francois County,67503,37.810707,-90.473868
29189,Missouri,St. Louis County,992929,38.640688,-90.446073
29195,Missouri,Saline County,23325,39.13584,-93.204164
29197,Missouri,Schuyler County,4069,40.469361,-92.519016
29199,Missouri,Scotland County,4698,40.447686,-92.142824
29201,Missouri,Scott County,37957,37.047793,-89.568098
29203,Missouri,Shannon County,7275,37.152498,-91.391328
29205,Missouri,Shelby County,5926,39.797531,-92.088719
29207,Missouri,Stoddard County,28438,36.851557,-89.947481
29209,Missouri,Stone County,32630,36.745822,-93.457842
29211,Missouri,Sullivan County,5750,40.209587,-93.109783
29213,Missouri,Taney County,56744,36.649827,-93.042819
29215,Missouri,Texas County,25715,37.314257,-91.964478
29217,Missouri,Vernon County,19787,37.850196,-94.341597
29219,Missouri,Warren County,38478,38.761902,-91.159306
29221,Missouri,Washington County,23583,37.942611,-90.897018
29223,Missouri,Wayne County,10820,37.111074,-90.453931
29225,Missouri,Webster County,42041,37.280804,-92.87608
29227,Missouri,Worth County,1872,40.480499,-94.419198
29229,Missouri,Wright County,19505,37.267633,-92.479989
29510,Missouri,St. Louis city,279695,38.635699,-90.244582
30001,Montana,Beaverhead County,10006,45.133863,-112.892869
30003,Montana,Big Horn County,12796,45.407868,-107.518162
30005,Montana,Blaine County,6903,48.428282,-108.967648
30007,Montana,Broadwater County,8302,46.329849,-111.497873
30009,Montana,Carbon County,11498,45.224468,-109.028554
30011,Montana,Carter County,1399,45.516825,-104.515324
30013,Montana,Cascade County,84523,47.316575,-111.350262
30015,Montana,Chouteau County,5880,47.886834,-110.4362
30017,Montana,Custer County,11964,46.261414,-105.550352
30019,Montana,Daniels County,1625,48.794429,-105.541739
30021,Montana,Dawson County,8731,47.26613,-104.898271
30023,Montana,Deer Lodge County,9811,46.094672,-113.141624
30025,Montana,Fallon County,2946,46.318184,-104.405718
30027,Montana,Fergus County,11862,47.221816,-109.232956
30029,Montana,Flathead County,114527,48.295422,-114.052059
30031,Montana,Gallatin County,126984,45.518054,-111.163921
30033,Montana,Garfield County,1181,47.267184,-106.995991
30035,Montana,Glacier County,13503,48.705671,-112.990502
30037,Montana,Golden Valley County,863,46.380624,-109.174586
30039,Montana,Granite County,3602,46.395955,-113.427356
30041,Montana,Hill County,16065,48.631959,-110.106321
30043,Montana,Jefferson County,13304,46.124232,-112.059428
30045,Montana,Judith Basin County,2111,47.032558,-110.30532
30047,Montana,Lake County,33403,47.642901,-114.083687
30049,Montana,Lewis and Clark County,75129,47.122105,-112.38289
30051,Montana,Liberty County,1934,48.559654,-111.036924
30053,Montana,Lincoln County,22184,48.552385,-115.463185
30055,Montana,McCone County,1717,47.629628,-105.757222
30057,Montana,Madison County,9753,45.32529,-111.913791
30059,Montana,Meagher County,2065,46.5857,-110.92174
30061,Montana,Mineral County,5195,47.129687,-115.085385
30063,Montana,Missoula County,122546,47.027263,-113.892691
30065,Montana,Musselshell County,5452,46.505281,-108.439763
30067,Montana,Park County,18074,45.463081,-110.53493
30069,Montana,Petroleum County,525,47.141917,-108.226575
30071,Montana,Phillips County,4214,48.250143,-107.928897
30073,Montana,Pondera County,6078,48.228604,-112.220761
30075,Montana,Powder River County,1734,45.408926,-105.555344
30077,Montana,Powell County,7120,46.844225,-112.9311
30079,Montana,Prairie County,1112,46.812388,-105.503938
30081,Montana,Ravalli County,48187,46.077744,-114.105795
30083,Montana,Richland County,11028,47.785633,-104.563408
30085,Montana,Roosevelt County,10197,48.282747,-104.99517
30087,Montana,Rosebud County,8194,46.173206,-106.666792
30089,Montana,Sanders County,13895,47.756497,-115.180306
30091,Montana,Sheridan County,3448,48.705587,-104.533916
30093,Montana,Silver Bow County,36134,45.896232,-112.660071
30095,Montana,Stillwater County,9450,45.658545,-109.381576
30097,Montana,Sweet Grass County,3757,45.811292,-109.944796
30099,Montana,Teton County,6444,47.819035,-112.281725
30101,Montana,Toole County,5153,48.645125,-111.733472
30103,Montana,Treasure County,739,46.227113,-107.275296
30105,Montana,Valley County,7434,48.34985,-106.670424
30107,Montana,Wheatland County,2058,46.496967,-109.857684
30109,Montana,Wibaux County,911,46.962966,-104.274518
30111,Montana,Yellowstone County,171583,45.936987,-108.276656
31001,Nebraska,Adams County,31196,40.520632,-98.500044
31003,Nebraska,Antelope County,6358,42.183225,-98.058037
31005,Nebraska,Arthur County,423,41.57193,-101.695917
31007,Nebraska,Banner County,665,41.53975,-103.726263
31009,Nebraska,Blaine County,454,41.931945,-99.996407
31011,Nebraska,Boone County,5354,41.703934,-98.070476
31013,Nebraska,Box Butte County,10703,42.21038,-103.081779
31015,Nebraska,Boyd County,1700,42.894448,-98.773022
31017,Nebraska,Brown County,2877,42.359562,-99.92392
31019,Nebraska,Buffalo County,51156,40.855265,-99.074984
31021,Nebraska,Burt County,6727,41.854179,-96.337746
31023,Nebraska,Butler County,8439,41.226054,-97.132003
31025,Nebraska,Cass County,27492,40.909878,-96.140609
31027,Nebraska,Cedar County,8262,42.60456,-97.25687
31029,Nebraska,Chase County,3764,40.53039,-101.694192
31031,Nebraska,Cherry County,5558,42.571323,-101.047653
31033,Nebraska,Cheyenne County,9602,41.214236,-103.011929
31035,Nebraska,Clay County,6103,40.523669,-98.050858
31037,Nebraska,Colfax County,10826,41.57496,-97.088945
31039,Nebraska,Cuming County,8952,41.915865,-96.788517
31041,Nebraska,Custer County,10487,41.393893,-99.726866
31043,Nebraska,Dakota County,21335,42.391624,-96.561327
31045,Nebraska,Dawes County,8003,42.713038,-103.135436
31047,Nebraska,Dawson County,24554,40.86784,-99.815583
31049,Nebraska,Deuel County,1892,41.111903,-102.332609
31051,Nebraska,Dixon County,5526,42.485086,-96.855784
31053,Nebraska,Dodge County,37884,41.577008,-96.645852
31055,Nebraska,Douglas County,601158,41.297091,-96.154066
31057,Nebraska,Dundy County,1581,40.180165,-101.681133
31059,Nebraska,Fillmore County,5512,40.52504,-97.596705
31061,Nebraska,Franklin County,2817,40.183203,-98.96208
31063,Nebraska,Frontier County,2536,40.530947,-100.406683
31065,Nebraska,Furnas County,4468,40.192252,-99.908637
31067,Nebraska,Gage County,21687,40.255234,-96.683453
31069,Nebraska,Garden County,1804,41.633364,-102.302985
31071,Nebraska,Garfield County,1707,41.906912,-98.951283
31073,Nebraska,Gosper County,1808,40.509095,-99.823206
31075,Nebraska,Grant County,573,41.913957,-101.755965
31077,Nebraska,Greeley County,2197,41.567563,-98.530567
31079,Nebraska,Hall County,62869,40.866027,-98.502664
31081,Nebraska,Hamilton County,9564,40.872817,-98.022329
31083,Nebraska,Harlan County,3018,40.178766,-99.403418
31085,Nebraska,Hayes County,846,40.537234,-101.047963
31087,Nebraska,Hitchcock County,2460,40.176896,-101.044217
31089,Nebraska,Holt County,10120,42.459287,-98.784766
31091,Nebraska,Hooker County,698,41.920317,-101.117324
31093,Nebraska,Howard County,6572,41.216851,-98.513342
31095,Nebraska,Jefferson County,7136,40.175736,-97.143103
31097,Nebraska,Johnson County,5219,40.394955,-96.265264
31099,Nebraska,Kearney County,6749,40.50912,-98.947602
31101,Nebraska,Keith County,8148,41.194245,-101.644449
31103,Nebraska,Keya Paha County,819,42.87548,-99.718351
31105,Nebraska,Kimball County,3305,41.199274,-103.703153
31107,Nebraska,Knox County,8306,42.634404,-97.891349
31109,Nebraska,Lancaster County,332857,40.783547,-96.688658
31111,Nebraska,Lincoln County,33319,41.050322,-100.744481
31113,Nebraska,Logan County,694,41.542155,-100.443665
31115,Nebraska,Loup County,582,41.898204,-99.514525
31117,Nebraska,McPherson County,376,41.648414,-101.120851
31119,Nebraska,Madison County,35579,41.909929,-97.606856
31121,Nebraska,Merrick County,7837,41.16979,-98.031057
31123,Nebraska,Morrill County,4485,41.732204,-102.990594
31125,Nebraska,Nance County,3262,41.402385,-97.991408
31127,Nebraska,Nemaha County,7046,40.387238,-95.852461
31129,Nebraska,Nuckolls County,4094,40.176492,-98.046842
31131,Nebraska,Otoe County,16591,40.637992,-96.131027
31133,Nebraska,Pawnee County,2521,40.137797,-96.245214
31135,Nebraska,Perkins County,2779,40.857624,-101.62747
31137,Nebraska,Phelps County,9042,40.516365,-99.406557
31139,Nebraska,Pierce County,7334,42.271413,-97.610992
31141,Nebraska,Platte County,35499,41.576866,-97.513467
31143,Nebraska,Polk County,5269,41.187925,-97.570663
31145,Nebraska,Red Willow County,10409,40.16942,-100.468576
31147,Nebraska,Richardson County,7666,40.123743,-95.718603
31149,Nebraska,Rock County,1241,42.394749,-99.420851
31151,Nebraska,Saline County,14740,40.516802,-97.131755
31153,Nebraska,Sarpy County,204828,41.115064,-96.109125
31155,Nebraska,Saunders County,23406,41.222966,-96.642696
31157,Nebraska,Scotts Bluff County,35734,41.850506,-103.703021
31159,Nebraska,Seward County,17769,40.871944,-97.140383
31161,Nebraska,Sheridan County,4927,42.512289,-102.36828
31163,Nebraska,Sherman County,2949,41.218743,-98.972849
31165,Nebraska,Sioux County,1099,42.470668,-103.73217
31167,Nebraska,Stanton County,5756,41.905045,-97.177109
31169,Nebraska,Thayer County,4870,40.17342,-97.596258
31171,Nebraska,Thomas County,634,41.85573,-100.524703
31173,Nebraska,Thurston County,6637,42.154061,-96.533943
31175,Nebraska,Valley County,4032,41.564094,-98.983484
31177,Nebraska,Washington County,21254,41.533973,-96.224577
31179,Nebraska,Wayne County,9870,42.210746,-97.126243
31181,Nebraska,Webster County,3326,40.180646,-98.49859
31183,Nebraska,Wheeler County,808,41.922575,-98.520853
31185,Nebraska,York County,14375,40.873056,-97.596742
32001,Nevada,Churchill County,26033,39.53771,-118.264166
32003,Nevada,Clark County,2398871,36.21413,-115.014398
32005,Nevada,Douglas County,49564,38.905129,-119.609019
32007,Nevada,Elko County,54363,41.141133,-115.351424
32009,Nevada,Esmeralda County,720,37.778966,-117.632382
32011,Nevada,Eureka County,1877,39.977788,-116.272208
32013,Nevada,Humboldt County,17116,41.407914,-118.127591
32015,Nevada,Lander County,5785,39.90021,-117.04724
32017,Nevada,Lincoln County,4345,37.634605,-114.863037
32019,Nevada,Lyon County,63718,39.022213,-119.197425
32021,Nevada,Mineral County,4475,38.516647,-118.416279
32023,Nevada,Nye County,55990,37.965864,-116.459011
32027,Nevada,Pershing County,6536,40.439639,-118.409477
32029,Nevada,Storey County,4112,39.438385,-119.524646
32031,Nevada,Washoe County,507280,40.73132,-119.663269
32033,Nevada,White Pine County,8534,39.418176,-114.900565
32510,Nevada,Carson City,58148,39.15306,-119.747368
33001,New Hampshire,Belknap County,65257,43.519109,-71.425366
33003,New Hampshire,Carroll County,52580,43.867774,-71.20156
33005,New Hampshire,Cheshire County,78078,42.92546,-72.248183
33007,New Hampshire,Coos County,31094,44.652548,-71.289431
33009,New Hampshire,Grafton County,93045,43.926439,-71.842424
33011,New Hampshire,Hillsborough County,430462,42.911532,-71.723055
33013,New Hampshire,Merrimack County,157869,43.299579,-71.680041
33015,New Hampshire,Rockingham County,322433,42.988664,-71.09908
33017,New Hampshire,Strafford County,134202,43.293272,-71.035589
33019,New Hampshire,Sullivan County,44012,43.361188,-72.222084
34001,New Jersey,Atlantic County,279114,39.469355,-74.633759
34003,New Jersey,Bergen County,978641,40.959698,-74.074727
34005,New Jersey,Burlington County,475515,39.875786,-74.663006
34007,New Jersey,Camden County,533988,39.802407,-74.961249
34009,New Jersey,Cape May County,93875,39.085841,-74.846354
34011,New Jersey,Cumberland County,155678,39.328434,-75.121628
34013,New Jersey,Essex County,881527,40.7874,-74.246292
34015,New Jersey,Gloucester County,311783,39.722875,-75.145679
34017,New Jersey,Hudson County,736185,40.731375,-74.078601
34019,New Jersey,Hunterdon County,131708,40.565283,-74.911969
34021,New Jersey,Mercer County,392138,40.282503,-74.703724
34023,New Jersey,Middlesex County,890119,40.439621,-74.40743
34025,New Jersey,Monmouth County,647520,40.287048,-74.152446
34027,New Jersey,Morris County,523053,40.858896,-74.547292
34029,New Jersey,Ocean County,666434,39.865669,-74.258864
34031,New Jersey,Passaic County,526597,41.036655,-74.299408
34033,New Jersey,Salem County,65874,39.573828,-75.357356
34035,New Jersey,Somerset County,357467,40.565527,-74.619938
34037,New Jersey,Sussex County,147444,41.137461,-74.691914
34039,New Jersey,Union County,594160,40.659871,-74.308696
34041,New Jersey,Warren County,112031,40.853491,-75.009498
35001,New Mexico,Bernalillo County,671747,35.053628,-106.66908
35003,New Mexico,Catron County,3795,33.901621,-108.391928
35005,New Mexico,Chaves County,63697,33.361604,-104.469837
35006,New Mexico,Cibola County,26686,34.928272,-107.99268
35007,New Mexico,Colfax County,12307,36.612964,-104.64011
35009,New Mexico,Curry County,47156,34.572984,-103.346055
35011,New Mexico,De Baca County,1657,34.359273,-104.368696
35013,New Mexico,Doña Ana County,229366,32.349919,-106.834968
35015,New Mexico,Eddy County,61436,32.457835,-104.306434
35017,New Mexico,Grant County,27541,32.732087,-108.381504
35019,New Mexico,Guadalupe County,4385,34.869748,-104.784898
35021,New Mexico,Harding County,635,35.859352,-103.853424
35023,New Mexico,Hidalgo County,3966,31.898052,-108.751929
35025,New Mexico,Lea County,75151,32.795687,-103.413271
35027,New Mexico,Lincoln County,20025,33.740841,-105.449805
35028,New Mexico,Los Alamos County,19675,35.870047,-106.307968
35029,New Mexico,Luna County,25878,32.184523,-107.747191
35031,New Mexico,McKinley County,68945,35.584062,-108.253294
35033,New Mexico,Mora County,4096,35.982841,-104.921898
35035,New Mexico,Otero County,69711,32.615599,-105.751308
35037,New Mexico,Quay County,8403,35.107018,-103.548071
35039,New Mexico,Rio Arriba County,39955,36.509669,-106.693983
35041,New Mexico,Roosevelt County,18713,34.021207,-103.483004
35043,New Mexico,Sandoval County,157757,35.685091,-106.883119
35045,New Mexico,San Juan County,120817,36.511624,-108.324578
35047,New Mexico,San Miguel County,26428,35.476859,-104.803519
35049,New Mexico,Santa Fe County,157765,35.514531,-105.963972
35051,New Mexico,Sierra County,11389,33.119468,-107.188161
35053,New Mexico,Socorro County,15967,33.991658,-106.939136
35055,New Mexico,Taos County,34482,36.577183,-105.638878
35057,New Mexico,Torrance County,15986,34.554998,-105.890577
35059,New Mexico,Union County,3926,36.488085,-103.475723
35061,New Mexico,Valencia County,80813,34.71684,-106.806582
36001,New York,Albany County,319964,42.58824,-73.97401
36003,New York,Allegany County,47299,42.247853,-78.026153
36005,New York,Bronx County,1384724,40.848711,-73.852939
36007,New York,Broome County,196397,42.161977,-75.830283
36009,New York,Cattaraugus County,75475,42.239099,-78.662332
36011,New York,Cayuga County,74567,43.008546,-76.574587
36013,New York,Chautauqua County,124105,42.304216,-79.407595
36015,New York,Chemung County,81115,42.148697,-76.752471
36017,New York,Chenango County,45776,42.478024,-75.602241
36019,New York,Clinton County,77871,44.752712,-73.705643
36021,New York,Columbia County,60299,42.247696,-73.626718
36023,New York,Cortland County,45945,42.594039,-76.07624
36025,New York,Delaware County,44191,42.193986,-74.966728
36027,New York,Dutchess County,299963,41.754825,-73.740014
36029,New York,Erie County,950602,42.752759,-78.778192
36031,New York,Essex County,36744,44.109601,-73.778431
36033,New York,Franklin County,47086,44.594376,-74.31067
36035,New York,Fulton County,52073,43.115609,-74.423678
36037,New York,Genesee County,57604,43.00091,-78.192778
36039,New York,Greene County,46903,42.28697,-74.149542
36041,New York,Hamilton County,5082,43.657879,-74.502456
36043,New York,Herkimer County,59585,43.571009,-74.841097
36045,New York,Jefferson County,113140,43.996389,-76.052968
36047,New York,Kings County,2617631,40.635045,-73.95064
36049,New York,Lewis County,26570,43.782706,-75.444132
36051,New York,Livingston County,61561,42.729042,-77.778463
36053,New York,Madison County,67072,42.910026,-75.663575
36055,New York,Monroe County,752202,43.250347,-77.700518
36057,New York,Montgomery County,49648,42.900891,-74.435357
36059,New York,Nassau County,1392438,40.729612,-73.589414
36061,New York,New York County,1660664,40.776642,-73.970187
36063,New York,Niagara County,209570,43.272672,-78.812943
36065,New York,Oneida County,228347,43.242727,-75.434282
36067,New York,Onondaga County,469812,43.006516,-76.196134
36069,New York,Ontario County,113012,42.856357,-77.303497
36071,New York,Orange County,411767,41.40241,-74.306252
36073,New York,Orleans County,39686,43.339906,-78.207028
36075,New York,Oswego County,118305,43.461443,-76.209262
36077,New York,Otsego County,60524,42.629776,-75.028841
36079,New York,Putnam County,98409,41.427907,-73.743861
36081,New York,Queens County,2316841,40.654658,-73.841209
36083,New York,Rensselaer County,160749,42.710421,-73.513845
36085,New York,Richmond County,498212,40.561263,-74.1399
36087,New York,Rockland County,348144,41.154628,-74.024662
36089,New York,St. Lawrence County,106198,44.488112,-75.074311
36091,New York,Saratoga County,240360,43.106135,-73.855387
36093,New York,Schenectady County,162261,42.817552,-74.043559
36095,New York,Schoharie County,30151,42.591294,-74.438172
36097,New York,Schuyler County,17121,42.419776,-76.938603
36099,New York,Seneca County,32650,42.782294,-76.827088
36101,New York,Steuben County,92015,42.266725,-77.385525
36103,New York,Suffolk County,1535909,40.943554,-72.692218
36105,New York,Sullivan County,80450,41.719993,-74.771577
36107,New York,Tioga County,47574,42.178057,-76.297456
36109,New York,Tompkins County,105602,42.453006,-76.473483
36111,New York,Ulster County,182977,41.947212,-74.265458
36113,New York,Warren County,65288,43.555105,-73.838139
36115,New York,Washington County,59839,43.312377,-73.439428
36117,New York,Wayne County,90757,43.218114,-77.049402
36119,New York,Westchester County,1006447,41.152686,-73.745753
36121,New York,Wyoming County,39588,42.701365,-78.228576
36123,New York,Yates County,24387,42.638237,-77.104324
37001,North Carolina,Alamance County,183040,36.043954,-79.400573
37003,North Carolina,Alexander County,36693,35.920951,-81.177467
37005,North Carolina,Alleghany County,11379,36.489356,-81.132299
37007,North Carolina,Anson County,22432,34.974972,-80.109763
37009,North Carolina,Ashe County,27266,36.443469,-81.499334
37011,North Carolina,Avery County,17811,36.07209,-81.920285
37013,North Carolina,Beaufort County,44576,35.482313,-76.842014
37015,North Carolina,Bertie County,16939,36.059043,-76.962364
37017,North Carolina,Bladen County,29777,34.591938,-78.539489
37019,North Carolina,Brunswick County,167112,34.038754,-78.227765
37021,North Carolina,Buncombe County,279210,35.609371,-82.530423
37023,North Carolina,Burke County,88545,35.746182,-81.70618
37025,North Carolina,Cabarrus County,244925,35.388346,-80.552728
37027,North Carolina,Caldwell County,80739,35.966396,-81.51254
37029,North Carolina,Camden County,11184,36.342344,-76.162488
37031,North Carolina,Carteret County,70259,34.858343,-76.53586
37033,North Carolina,Caswell County,22363,36.394298,-79.339609
37035,North Carolina,Catawba County,167054,35.661883,-81.214906
37037,North Carolina,Chatham County,83874,35.704994,-79.251454
37039,North Carolina,Cherokee County,30373,35.13715,-84.061449
37041,North Carolina,Chowan County,13891,36.128979,-76.602752
37043,North Carolina,Clay County,12042,35.052997,-83.752264
37045,North Carolina,Cleveland County,102194,35.33463,-81.557114
37047,North Carolina,Columbus County,50054,34.261602,-78.639308
37049,North Carolina,Craven County,104167,35.116829,-77.08132
37051,North Carolina,Cumberland County,338430,35.050192,-78.828719
37053,North Carolina,Currituck County,32278,36.372174,-75.941224
37055,North Carolina,Dare County,38183,35.606269,-75.767536
37057,North Carolina,Davidson County,177809,35.795131,-80.207107
37059,North Carolina,Davie County,45383,35.929355,-80.542552
37061,North Carolina,Duplin County,50539,34.934403,-77.933543
37063,North Carolina,Durham County,343628,36.033828,-78.878125
37065,North Carolina,Edgecombe County,49124,35.917077,-77.602742
37067,North Carolina,Forsyth County,398143,36.132466,-80.256961
37069,North Carolina,Franklin County,79771,36.088247,-78.283082
37071,North Carolina,Gaston County,242010,35.292834,-81.177364
37073,North Carolina,Gates County,10299,36.442135,-76.702355
37075,North Carolina,Graham County,8179,35.348364,-83.830915
37077,North Carolina,Granville County,61544,36.299884,-78.657634
37079,North Carolina,Greene County,20671,35.481959,-77.681688
37081,North Carolina,Guilford County,558816,36.079065,-79.788665
37083,North Carolina,Halifax County,46992,36.251438,-77.644842
37085,North Carolina,Harnett County,146096,35.36866,-78.871665
37087,North Carolina,Haywood County,63048,35.558882,-82.981307
37089,North Carolina,Henderson County,120771,35.336427,-82.479583
37091,North Carolina,Hertford County,19169,36.363517,-76.981616
37093,North Carolina,Hoke County,55382,35.017233,-79.241964
37095,North Carolina,Hyde County,4583,35.408157,-76.153687
37097,North Carolina,Iredell County,206361,35.806251,-80.874524
37099,North Carolina,Jackson County,45281,35.285454,-83.123966
37101,North Carolina,Johnston County,249794,35.513419,-78.367348
37103,North Carolina,Jones County,9462,35.032268,-77.356195
37105,North Carolina,Lee County,68537,35.476336,-79.172117
37107,North Carolina,Lenoir County,55332,35.240066,-77.635514
37109,North Carolina,Lincoln County,97611,35.488491,-81.226893
37111,North Carolina,McDowell County,45269,35.682268,-82.048045
37113,North Carolina,Macon County,38717,35.152959,-83.421901
37115,North Carolina,Madison County,22352,35.864206,-82.712631
37117,North Carolina,Martin County,21523,35.847301,-77.119602
37119,North Carolina,Mecklenburg County,1206285,35.246862,-80.833832
37121,North Carolina,Mitchell County,15030,36.013102,-82.163554
37123,North Carolina,Montgomery County,26364,35.327548,-79.910752
37125,North Carolina,Moore County,108417,35.308273,-79.492723
37127,North Carolina,Nash County,97990,35.965945,-77.987555
37129,North Carolina,New Hanover County,243333,34.183445,-77.864204
37131,North Carolina,Northampton County,16580,36.421774,-77.398352
37133,North Carolina,Onslow County,212954,34.763109,-77.499469
37135,North Carolina,Orange County,152877,36.062525,-79.120033
37137,North Carolina,Pamlico County,12550,35.147575,-76.665268
37139,North Carolina,Pasquotank County,41418,36.265199,-76.260691
37141,North Carolina,Pender County,70077,34.512556,-77.888106
37143,North Carolina,Perquimans County,13460,36.180897,-76.403244
37145,North Carolina,Person County,40143,36.386357,-78.965633
37147,North Carolina,Pitt County,180783,35.59249,-77.372739
37149,North Carolina,Polk County,20320,35.277901,-82.167621
37151,North Carolina,Randolph County,148389,35.709915,-79.806215
37153,North Carolina,Richmond County,41990,35.004636,-79.755695
37155,North Carolina,Robeson County,118624,34.63921,-79.100881
37157,North Carolina,Rockingham County,93517,36.381806,-79.782754
37159,North Carolina,Rowan County,153384,35.641355,-80.521721
37161,North Carolina,Rutherford County,65587,35.402747,-81.919582
37163,North Carolina,Sampson County,60404,34.989298,-78.371261
37165,North Carolina,Scotland County,33898,34.840023,-79.477337
37167,North Carolina,Stanly County,67326,35.310449,-80.254374
37169,North Carolina,Stokes County,45857,36.393797,-80.269921
37171,North Carolina,Surry County,71547,36.415416,-80.686463
37173,North Carolina,Swain County,13945,35.568849,-83.465614
37175,North Carolina,Transylvania County,34103,35.210103,-82.816666
37177,North Carolina,Tyrrell County,3517,35.87042,-76.165345
37179,North Carolina,Union County,263386,34.99182,-80.530426
37181,North Carolina,Vance County,42337,36.365481,-78.405434
37183,North Carolina,Wake County,1232444,35.789846,-78.650624
37185,North Carolina,Warren County,19081,36.398105,-78.099899
37187,North Carolina,Washington County,10654,35.844713,-76.572291
37189,North Carolina,Watauga County,54997,36.235368,-81.709888
37191,North Carolina,Wayne County,120338,35.35419,-78.00867
37193,North Carolina,Wilkes County,66186,36.208883,-81.166095
37195,North Carolina,Wilson County,79958,35.700357,-77.921598
37197,North Carolina,Yadkin County,37995,36.158765,-80.665164
37199,North Carolina,Yancey County,18993,35.889326,-82.303954
38001,North Dakota,Adams County,2141,46.096815,-102.533198
38003,North Dakota,Barnes County,10798,46.94255,-98.070195
38005,North Dakota,Benson County,5756,48.071743,-99.351152
38007,North Dakota,Billings County,1063,47.007044,-103.364016
38009,North Dakota,Bottineau County,6391,48.794412,-100.831257
38011,North Dakota,Bowman County,2886,46.110144,-103.505943
38013,North Dakota,Burke County,2154,48.786453,-102.520087
38015,North Dakota,Burleigh County,103107,46.978829,-100.469533
38017,North Dakota,Cass County,200945,46.927003,-97.252375
38019,North Dakota,Cavalier County,3567,48.768439,-98.46379
38021,North Dakota,Dickey County,4930,46.107756,-98.496518
38023,North Dakota,Divide County,2124,48.814754,-103.509326
38025,North Dakota,Dunn County,4031,47.354557,-102.612322
38027,North Dakota,Eddy County,2309,47.723436,-98.900474
38029,North Dakota,Emmons County,3209,46.284255,-100.237842
38031,North Dakota,Foster County,3323,47.471431,-98.872876
38033,North Dakota,Golden Valley County,1795,46.938924,-103.844612
38035,North Dakota,Grand Forks County,73771,47.926003,-97.450851
38037,North Dakota,Grant County,2247,46.357827,-101.639049
38039,North Dakota,Griggs County,2227,47.456334,-98.232286
38041,North Dakota,Hettinger County,2419,46.435704,-102.454238
38043,North Dakota,Kidder County,2371,46.938273,-99.731198
38045,North Dakota,LaMoure County,4051,46.464195,-98.526057
38047,North Dakota,Logan County,1880,46.469278,-99.504585
38049,North Dakota,McHenry County,5135,48.233842,-100.633267
38051,North Dakota,McIntosh County,2461,46.108682,-99.416487
38053,North Dakota,McKenzie County,14782,47.742475,-103.403215
38055,North Dakota,McLean County,9845,47.653206,-101.421914
38057,North Dakota,Mercer County,8348,47.307147,-101.833328
38059,North Dakota,Morton County,34194,46.710029,-101.310041
38061,North Dakota,Mountrail County,9474,48.210073,-102.364895
38063,North Dakota,Nelson County,3007,47.918667,-98.204428
38065,North Dakota,Oliver County,1882,47.118079,-101.33142
38067,North Dakota,Pembina County,6588,48.766896,-97.545405
38069,North Dakota,Pierce County,3853,48.238883,-99.966497
38071,North Dakota,Ramsey County,11510,48.266163,-98.739031
38073,North Dakota,Ransom County,5590,46.449276,-97.647554
38075,North Dakota,Renville County,2376,48.712781,-101.658152
38077,North Dakota,Richland County,16658,46.265219,-96.93796
38079,North Dakota,Rolette County,11692,48.768271,-99.840463
38081,North Dakota,Sargent County,3710,46.108204,-97.630051
38083,North Dakota,Sheridan County,1268,47.581359,-100.330986
38085,North Dakota,Sioux County,3713,46.110618,-101.061284
38087,North Dakota,Slope County,660,46.445834,-103.462462
38089,North Dakota,Stark County,33767,46.817031,-102.662026
38091,North Dakota,Steele County,1767,47.451062,-97.71892
38093,North Dakota,Stutsman County,21546,46.972223,-98.956123
38095,North Dakota,Towner County,2051,48.682183,-99.248158
38097,North Dakota,Traill County,7989,47.446271,-97.164636
38099,North Dakota,Walsh County,10214,48.376979,-97.72223
38101,North Dakota,Ward County,68427,48.216686,-101.540537
38103,North Dakota,Wells County,3803,47.580851,-99.682213
38105,North Dakota,Williams County,40763,48.355765,-103.501333
39001,Ohio,Adams County,27671,38.834468,-83.478082
39003,Ohio,Allen County,100866,40.771627,-84.106103
39005,Ohio,Ashland County,52420,40.843273,-82.270127
39007,Ohio,Ashtabula County,96906,41.906637,-80.745592
39009,Ohio,Athens County,63218,39.332755,-82.045885
39011,Ohio,Auglaize County,45922,40.561309,-84.224018
39013,Ohio,Belmont County,64692,40.017682,-80.967727
39015,Ohio,Brown County,44292,38.931377,-83.866772
39017,Ohio,Butler County,399542,39.439747,-84.565734
39019,Ohio,Carroll County,26460,40.579884,-81.090787
39021,Ohio,Champaign County,38907,40.132775,-83.767604
39023,Ohio,Clark County,134985,39.917032,-83.783676
39025,Ohio,Clermont County,214123,39.052054,-84.149485
39027,Ohio,Clinton County,42019,39.416681,-83.804583
39029,Ohio,Columbiana County,99823,40.770073,-80.778455
39031,Ohio,Coshocton County,37003,40.29671,-81.930109
39033,Ohio,Crawford County,41626,40.848524,-82.924783
39035,Ohio,Cuyahoga County,1240594,41.555037,-81.604957
39037,Ohio,Darke County,51462,40.131467,-84.621191
39039,Ohio,Defiance County,38644,41.321679,-84.486433
39041,Ohio,Delaware County,237966,40.278941,-83.007462
39043,Ohio,Erie County,73841,41.394143,-82.586835
39045,Ohio,Fairfield County,167762,39.747694,-82.626685
39047,Ohio,Fayette County,28782,39.555246,-83.461893
39049,Ohio,Franklin County,1356303,39.969875,-83.009086
39051,Ohio,Fulton County,42028,41.597264,-84.124267
39053,Ohio,Gallia County,28886,38.817046,-82.301746
39055,Ohio,Geauga County,95362,41.499322,-81.173505
39057,Ohio,Greene County,172347,39.687479,-83.894894
39059,Ohio,Guernsey County,38219,40.056665,-81.497875
39061,Ohio,Hamilton County,837359,39.196927,-84.544187
39063,Ohio,Hancock County,75016,41.000217,-83.665947
39065,Ohio,Hardin County,30402,40.660415,-83.664077
39067,Ohio,Harrison County,14042,40.292318,-81.091565
39069,Ohio,Henry County,27536,41.331584,-84.0689
39071,Ohio,Highland County,43785,39.184422,-83.601359
39073,Ohio,Hocking County,27429,39.490342,-82.483447
39075,Ohio,Holmes County,44668,40.565597,-81.930001
39077,Ohio,Huron County,58168,41.14508,-82.594641
39079,Ohio,Jackson County,32723,39.013477,-82.614142
39081,Ohio,Jefferson County,63900,40.399384,-80.763527
39083,Ohio,Knox County,63848,40.40362,-82.422393
39085,Ohio,Lake County,232360,41.778142,-81.19733
39087,Ohio,Lawrence County,55829,38.603866,-82.517186
39089,Ohio,Licking County,184898,40.091505,-82.483435
39091,Ohio,Logan County,46085,40.387553,-83.766343
39093,Ohio,Lorain County,322030,41.438805,-82.179722
39095,Ohio,Lucas County,426291,41.682321,-83.468903
39097,Ohio,Madison County,45531,39.89661,-83.400887
39099,Ohio,Mahoning County,225786,41.01088,-80.770396
39101,Ohio,Marion County,64976,40.588034,-83.168803
39103,Ohio,Medina County,184625,41.116174,-81.899764
39105,Ohio,Meigs County,21491,39.089807,-82.028397
39107,Ohio,Mercer County,42648,40.535333,-84.632059
39109,Ohio,Miami County,111950,40.053326,-84.228413
39111,Ohio,Monroe County,13051,39.726253,-81.090983
39113,Ohio,Montgomery County,537443,39.753736,-84.290591
39115,Ohio,Morgan County,13532,39.624946,-81.861697
39117,Ohio,Morrow County,35927,40.525266,-82.797729
39119,Ohio,Muskingum County,86582,39.966046,-81.943506
39121,Ohio,Noble County,14269,39.767232,-81.452493
39123,Ohio,Ottawa County,39692,41.545495,-83.012613
39125,Ohio,Paulding County,18755,41.118948,-84.582125
39127,Ohio,Perry County,35682,39.743187,-82.237952
39129,Ohio,Pickaway County,62158,39.648947,-83.052827
39131,Ohio,Pike County,27065,39.071341,-83.052911
39133,Ohio,Portage County,163839,41.16897,-81.196962
39135,Ohio,Preble County,40801,39.73881,-84.644758
39137,Ohio,Putnam County,34206,41.024533,-84.129879
39139,Ohio,Richland County,124853,40.774159,-82.542781
39141,Ohio,Ross County,76046,39.323895,-83.059538
39143,Ohio,Sandusky County,58866,41.355319,-83.142776
39145,Ohio,Scioto County,71798,38.814889,-82.998675
39147,Ohio,Seneca County,54730,41.119992,-83.127547
39149,Ohio,Shelby County,47952,40.33668,-84.204142
39151,Ohio,Stark County,374091,40.814131,-81.365667
39153,Ohio,Summit County,538370,41.121847,-81.534928
39155,Ohio,Trumbull County,200300,41.306374,-80.7704
39157,Ohio,Tuscarawas County,92048,40.447439,-81.471166
39159,Ohio,Union County,71721,40.295901,-83.367042
39161,Ohio,Van Wert County,28887,40.85552,-84.585775
39163,Ohio,Vinton County,12545,39.252042,-82.485961
39165,Ohio,Warren County,256059,39.425663,-84.16994
39167,Ohio,Washington County,58332,39.450676,-81.490636
39169,Ohio,Wayne County,116632,40.829661,-81.887194
39171,Ohio,Williams County,36554,41.564959,-84.584324
39173,Ohio,Wood County,133077,41.360183,-83.622682
39175,Ohio,Wyandot County,21394,40.839782,-83.313681
40001,Oklahoma,Adair County,19821,35.898043,-94.651026
40003,Oklahoma,Alfalfa County,5712,36.729703,-98.323445
40005,Oklahoma,Atoka County,14600,34.392469,-96.036558
40007,Oklahoma,Beaver County,5025,36.748334,-100.483056
40009,Oklahoma,Beckham County,22248,35.270601,-99.690057
40011,Oklahoma,Blaine County,8573,35.877795,-98.429031
40013,Oklahoma,Bryan County,50305,33.964004,-96.265135
40015,Oklahoma,Caddo County,26337,35.16792,-98.381045
40017,Oklahoma,Canadian County,181760,35.543354,-97.979889
40019,Oklahoma,Carter County,49135,34.251848,-97.287927
40021,Oklahoma,Cherokee County,48729,35.904367,-94.996796
40023,Oklahoma,Choctaw County,14174,34.027699,-95.554079
40025,Oklahoma,Cimarron County,2133,36.74839,-102.517698
40027,Oklahoma,Cleveland County,303952,35.206376,-97.323088
40029,Oklahoma,Coal County,5414,34.582861,-96.288039
40031,Oklahoma,Comanche County,121396,34.66263,-98.476612
40033,Oklahoma,Cotton County,5503,34.290676,-98.373438
40035,Oklahoma,Craig County,14506,36.76389,-95.201553
40037,Oklahoma,Creek County,73971,35.907398,-96.380177
40039,Oklahoma,Custer County,28266,35.645601,-98.997386
40041,Oklahoma,Delaware County,41771,36.393437,-94.808189
40043,Oklahoma,Dewey County,4268,35.97796,-99.014385
40045,Oklahoma,Ellis County,3601,36.224258,-99.750139
40047,Oklahoma,Garfield County,62007,36.378132,-97.788741
40049,Oklahoma,Garvin County,26149,34.70935,-97.312723
40051,Oklahoma,Grady County,58353,35.021058,-97.88689
40053,Oklahoma,Grant County,4123,36.788254,-97.788151
40055,Oklahoma,Greer County,5433,34.933853,-99.552968
40057,Oklahoma,Harmon County,2315,34.745971,-99.844194
40059,Oklahoma,Harper County,3209,36.80035,-99.662805
40061,Oklahoma,Haskell County,11811,35.232431,-95.109642
40063,Oklahoma,Hughes County,13371,35.052934,-96.251183
40065,Oklahoma,Jackson County,24541,34.594006,-99.412235
40067,Oklahoma,Jefferson County,5374,34.105082,-97.83889
40069,Oklahoma,Johnston County,10293,34.313455,-96.654254
40071,Oklahoma,Kay County,43437,36.814885,-97.143862
40073,Oklahoma,Kingfisher County,15820,35.949436,-97.934557
40075,Oklahoma,Kiowa County,8257,34.921489,-98.981617
40077,Oklahoma,Latimer County,9509,34.875137,-95.272262
40079,Oklahoma,Le Flore County,49854,34.897356,-94.695074
40081,Oklahoma,Lincoln County,34972,35.703117,-96.881392
40083,Oklahoma,Logan County,53860,35.914277,-97.450952
40085,Oklahoma,Love County,10423,33.957804,-97.245093
40087,Oklahoma,McClain County,48434,35.016436,-97.449803
40089,Oklahoma,McCurtain County,30805,34.117073,-94.766086
40091,Oklahoma,McIntosh County,19710,35.369108,-95.671787
40093,Oklahoma,Major County,7569,36.313119,-98.542015
40095,Oklahoma,Marshall County,16147,34.027007,-96.770533
40097,Oklahoma,Mayes County,40144,36.303804,-95.235638
40099,Oklahoma,Murray County,13754,34.485766,-97.071557
40101,Oklahoma,Muskogee County,66752,35.617551,-95.383911
40103,Oklahoma,Noble County,10896,36.384901,-97.236335
40105,Oklahoma,Nowata County,9561,36.789615,-95.613312
40107,Oklahoma,Okfuskee County,11364,35.466804,-96.327762
40109,Oklahoma,Oklahoma County,816490,35.554611,-97.409401
40111,Oklahoma,Okmulgee County,37084,35.6435,-95.965947
40113,Oklahoma,Osage County,46495,36.624299,-96.408112
40115,Oklahoma,Ottawa County,30404,36.835764,-94.802681
40117,Oklahoma,Pawnee County,16111,36.313704,-96.696669
40119,Oklahoma,Payne County,84199,36.079225,-96.975255
40121,Oklahoma,Pittsburg County,43395,34.92554,-95.74813
40123,Oklahoma,Pontotoc County,38310,34.721421,-96.691804
40125,Oklahoma,Pottawatomie County,74446,35.211391,-96.957004
40127,Oklahoma,Pushmataha County,10800,34.377899,-95.408082
40129,Oklahoma,Roger Mills County,3304,35.708554,-99.741572
40131,Oklahoma,Rogers County,101371,36.377794,-95.601383
40133,Oklahoma,Seminole County,23351,35.158366,-96.602857
40135,Oklahoma,Sequoyah County,40555,35.502435,-94.750757
40137,Oklahoma,Stephens County,44075,34.481361,-97.855607
40139,Oklahoma,Texas County,20577,36.746317,-101.483855
40141,Oklahoma,Tillman County,6736,34.371085,-98.931701
40143,Oklahoma,Tulsa County,693514,36.120318,-95.941813
40145,Oklahoma,Wagoner County,91257,35.963388,-95.514201
40147,Oklahoma,Washington County,54060,36.704403,-95.906253
40149,Oklahoma,Washita County,10839,35.289908,-98.992272
40151,Oklahoma,Woods County,8582,36.726984,-98.863649
40153,Oklahoma,Woodward County,19991,36.425619,-99.273661
41001,Oregon,Baker County,16750,44.703427,-117.691933
41003,Oregon,Benton County,98899,44.493882,-123.424664
41005,Oregon,Clackamas County,425857,45.160493,-122.195127
41007,Oregon,Clatsop County,41043,46.024509,-123.705037
41009,Oregon,Columbia County,54063,45.941932,-123.081079
41011,Oregon,Coos County,64326,43.18591,-124.094133
41013,Oregon,Crook County,27336,44.163054,-120.371585
41015,Oregon,Curry County,22774,42.466439,-124.210929
41017,Oregon,Deschutes County,211535,43.915118,-121.225575
41019,Oregon,Douglas County,112255,43.286328,-123.154476
41021,Oregon,Gilliam County,1971,45.382955,-120.276246
41023,Oregon,Grant County,7093,44.496326,-119.014057
41025,Oregon,Harney County,7402,43.064449,-118.987169
41027,Oregon,Hood River County,23764,45.511775,-121.655976
41029,Oregon,Jackson County,221331,42.411621,-122.675611
41031,Oregon,Jefferson County,25536,44.645151,-121.178632
41033,Oregon,Josephine County,88276,42.386983,-123.57162
41035,Oregon,Klamath County,70438,42.683761,-121.646168
41037,Oregon,Lake County,8194,42.788401,-120.38979
41039,Oregon,Lane County,382396,43.928334,-122.897581
41041,Oregon,Lincoln County,51212,44.641061,-123.911212
41043,Oregon,Linn County,132474,44.488898,-122.537208
41045,Oregon,Malheur County,32315,43.188625,-117.603191
41047,Oregon,Marion County,352867,44.900898,-122.57626
41049,Oregon,Morrow County,12360,45.425496,-119.602311
41051,Oregon,Multnomah County,795897,45.547711,-122.417363
41053,Oregon,Polk County,90549,44.900372,-123.39864
41055,Oregon,Sherman County,2002,45.399216,-120.678512
41057,Oregon,Tillamook County,27264,45.45589,-123.759299
41059,Oregon,Umatilla County,80491,45.5912,-118.73388
41061,Oregon,Union County,26058,45.304081,-117.999149
41063,Oregon,Wallowa County,7522,45.593753,-117.18558
41065,Oregon,Wasco County,26507,45.164536,-121.165069
41067,Oregon,Washington County,611272,45.553542,-123.097615
41069,Oregon,Wheeler County,1456,44.736415,-120.026861
41071,Oregon,Yamhill County,110886,45.247827,-123.316399
42001,Pennsylvania,Adams County,107914,39.869437,-77.21775
42003,Pennsylvania,Allegheny County,1231814,40.469757,-79.980451
42005,Pennsylvania,Armstrong County,63679,40.81238,-79.464129
42007,Pennsylvania,Beaver County,165540,40.68414,-80.350721
42009,Pennsylvania,Bedford County,47643,39.998634,-78.494747
42011,Pennsylvania,Berks County,439117,40.413957,-75.92686
42013,Pennsylvania,Blair County,120269,40.498683,-78.309597
42015,Pennsylvania,Bradford County,59699,41.791504,-76.502123
42017,Pennsylvania,Bucks County,650131,40.336887,-75.10706
42019,Pennsylvania,Butler County,199341,40.913847,-79.918978
42021,Pennsylvania,Cambria County,130108,40.510209,-78.710488
42023,Pennsylvania,Cameron County,4348,41.438291,-78.198323
42025,Pennsylvania,Carbon County,65743,40.918367,-75.705039
42027,Pennsylvania,Centre County,159805,40.909322,-77.847667
42029,Pennsylvania,Chester County,560745,39.974029,-75.749751
42031,Pennsylvania,Clarion County,36855,41.198159,-79.420369
42033,Pennsylvania,Clearfield County,78132,41.006862,-78.477724
42035,Pennsylvania,Clinton County,37865,41.239508,-77.629009
42037,Pennsylvania,Columbia County,66012,41.045517,-76.40426
42039,Pennsylvania,Crawford County,82089,41.687876,-80.107795
42041,Pennsylvania,Cumberland County,275516,40.164805,-77.263442
42043,Pennsylvania,Dauphin County,293029,40.412565,-76.792634
42045,Pennsylvania,Delaware County,584882,39.916685,-75.398818
42047,Pennsylvania,Elk County,30124,41.427332,-78.653937
42049,Pennsylvania,Erie County,267750,42.117952,-80.096386
42051,Pennsylvania,Fayette County,123941,39.918911,-79.640253
42053,Pennsylvania,Forest County,6601,41.513304,-79.249705
42055,Pennsylvania,Franklin County,159285,39.926772,-77.724521
42057,Pennsylvania,Fulton County,14452,39.91075,-78.122617
42059,Pennsylvania,Greene County,33960,39.847707,-80.225655
42061,Pennsylvania,Huntingdon County,43359,40.422311,-77.968595
42063,Pennsylvania,Indiana County,82953,40.651432,-79.087545
42065,Pennsylvania,Jefferson County,43367,41.138028,-79.012419
42067,Pennsylvania,Juniata County,23395,40.530673,-77.400438
42069,Pennsylvania,Lackawanna County,216859,41.436636,-75.608768
42071,Pennsylvania,Lancaster County,563293,40.041992,-76.250198
42073,Pennsylvania,Lawrence County,84233,40.992735,-80.334446
42075,Pennsylvania,Lebanon County,145319,40.371448,-76.464819
42077,Pennsylvania,Lehigh County,385655,40.614241,-75.590627
42079,Pennsylvania,Luzerne County,331379,41.173078,-75.976053
42081,Pennsylvania,Lycoming County,113236,41.343882,-77.055262
42083,Pennsylvania,McKean County,39478,41.81459,-78.572463
42085,Pennsylvania,Mercer County,108140,41.300014,-80.252786
42087,Pennsylvania,Mifflin County,45935,40.601615,-77.651832
42089,Pennsylvania,Monroe County,166523,41.05624,-75.329065
42091,Pennsylvania,Montgomery County,879190,40.209999,-75.370201
42093,Pennsylvania,Montour County,18115,41.029284,-76.665225
42095,Pennsylvania,Northampton County,322989,40.752791,-75.307447
42097,Pennsylvania,Northumberland County,90027,40.851524,-76.709877
42099,Pennsylvania,Perry County,46816,40.39778,-77.266328
42101,Pennsylvania,Philadelphia County,1573916,40.009376,-75.133346
42103,Pennsylvania,Pike County,62376,41.325949,-75.031514
42105,Pennsylvania,Potter County,15993,41.748587,-77.894436
42107,Pennsylvania,Schuylkill County,144523,40.703682,-76.217788
42109,Pennsylvania,Snyder County,39627,40.755412,-77.07302
42111,Pennsylvania,Somerset County,72134,39.981297,-79.028486
42113,Pennsylvania,Sullivan County,5927,41.439285,-76.511717
42115,Pennsylvania,Susquehanna County,38100,41.819665,-75.800969
42117,Pennsylvania,Tioga County,40698,41.766858,-77.257288
42119,Pennsylvania,Union County,42159,40.962179,-77.055475
42121,Pennsylvania,Venango County,49476,41.400714,-79.765813
42123,Pennsylvania,Warren County,37373,41.834298,-79.298182
42125,Pennsylvania,Washington County,210434,40.200005,-80.252132
42127,Pennsylvania,Wayne County,51419,41.646602,-75.292493
42129,Pennsylvania,Westmoreland County,350935,40.311068,-79.466688
42131,Pennsylvania,Wyoming County,25771,41.525167,-76.008682
42133,Pennsylvania,York County,471240,39.921751,-76.728889
44001,Rhode Island,Bristol County,50145,41.70684,-71.286687
44003,Rhode Island,Kent County,172450,41.675118,-71.580282
44005,Rhode Island,Newport County,83468,41.501045,-71.283063
44007,Rhode Island,Providence County,675912,41.869768,-71.578625
44009,Rhode Island,Washington County,130333,41.396792,-71.620282
45001,South Carolina,Abbeville County,24607,34.229041,-82.454058
45003,South Carolina,Aiken County,179245,33.550013,-81.632983
45005,South Carolina,Allendale County,7551,32.979757,-81.363265
45007,South Carolina,Anderson County,217183,34.521235,-82.638603
45009,South Carolina,Bamberg County,12870,33.203021,-81.053161
45011,South Carolina,Barnwell County,20495,33.260552,-81.434228
45013,South Carolina,Beaufort County,201775,32.358112,-80.689422
45015,South Carolina,Berkeley County,264276,33.2077,-79.953655
45017,South Carolina,Calhoun County,14249,33.67478,-80.780347
45019,South Carolina,Charleston County,431001,32.800458,-79.94248
45021,South Carolina,Cherokee County,57770,35.049796,-81.607647
45023,South Carolina,Chester County,32323,34.689339,-81.161213
45025,South Carolina,Chesterfield County,44488,34.637018,-80.159227
45027,South Carolina,Clarendon County,31030,33.664682,-80.217889
45029,South Carolina,Colleton County,39259,32.849386,-80.656402
45031,South Carolina,Darlington County,62425,34.332185,-79.962115
45033,South Carolina,Dillon County,27577,34.390164,-79.37521
45035,South Carolina,Dorchester County,174663,33.082186,-80.404697
45037,South Carolina,Edgefield County,29455,33.779453,-81.959637
45039,South Carolina,Fairfield County,20369,34.395669,-81.127001
45041,South Carolina,Florence County,138049,34.028535,-79.710233
45043,South Carolina,Georgetown County,66035,33.417531,-79.296333
45045,South Carolina,Greenville County,570745,34.892645,-82.372077
45047,South Carolina,Greenwood County,70041,34.155796,-82.127876
45049,South Carolina,Hampton County,18172,32.778334,-81.143822
45051,South Carolina,Horry County,413391,33.909269,-78.976675
45053,South Carolina,Jasper County,35618,32.430591,-81.021629
45055,South Carolina,Kershaw County,71698,34.338356,-80.590885
45057,South Carolina,Lancaster County,111652,34.686818,-80.703688
45059,South Carolina,Laurens County,70545,34.483676,-82.005498
45061,South Carolina,Lee County,15958,34.15864,-80.251209
45063,South Carolina,Lexington County,313774,33.892309,-81.272974
45065,South Carolina,McCormick County,9983,33.897599,-82.316196
45067,South Carolina,Marion County,28368,34.08362,-79.354001
45069,South Carolina,Marlboro County,25498,34.60167,-79.679435
45071,South Carolina,Newberry County,39203,34.289881,-81.599676
45073,South Carolina,Oconee County,82475,34.748766,-83.06154
45075,South Carolina,Orangeburg County,83129,33.436135,-80.802913
45077,South Carolina,Pickens County,138207,34.885368,-82.723377
45079,South Carolina,Richland County,430651,34.029095,-80.898037
45081,South Carolina,Saluda County,19452,34.005278,-81.727903
45083,South Carolina,Spartanburg County,369256,34.932014,-81.991624
45085,South Carolina,Sumter County,104776,33.91614,-80.382376
45087,South Carolina,Union County,26678,34.690374,-81.615864
45089,South Carolina,Williamsburg County,29865,33.626462,-79.716474
45091,South Carolina,York County,303001,34.970188,-81.183187
46003,South Dakota,Aurora County,2752,43.724719,-98.577587
46005,South Dakota,Beadle County,19459,44.418265,-98.279422
46007,South Dakota,Bennett County,3289,43.186912,-101.677181
46009,South Dakota,Bon Homme County,7071,42.985714,-97.884175
46011,South Dakota,Brookings County,36359,44.376675,-96.797797
46013,South Dakota,Brown County,37495,45.589254,-98.352175
46015,South Dakota,Brule County,5261,43.729873,-99.092909
46017,South Dakota,Buffalo County,1825,44.044306,-99.203998
46019,South Dakota,Butte County,10891,44.896226,-103.501436
46021,South Dakota,Campbell County,1342,45.785575,-100.002107
46023,South Dakota,Charles Mix County,9343,43.206185,-98.595143
46025,South Dakota,Clark County,3974,44.855211,-97.724912
46027,South Dakota,Clay County,15245,42.91615,-96.980468
46029,South Dakota,Codington County,29278,44.966285,-97.198837
46031,South Dakota,Corson County,3747,45.685671,-101.179665
46033,South Dakota,Custer County,9330,43.684943,-103.46225
46035,South Dakota,Davison County,19907,43.680439,-98.155868
46037,South Dakota,Day County,5408,45.355161,-97.58143
46039,South Dakota,Deuel County,4335,44.75629,-96.690239
46041,South Dakota,Dewey County,5322,45.148049,-100.837953
46043,South Dakota,Douglas County,2849,43.391506,-98.358433
46045,South Dakota,Edmunds County,4027,45.41168,-99.205362
46047,South Dakota,Fall River County,7359,43.221619,-103.512609
46049,South Dakota,Faulk County,2136,45.065476,-99.153564
46051,South Dakota,Grant County,7618,45.172637,-96.772261
46053,South Dakota,Gregory County,4110,43.175142,-99.206591
46055,South Dakota,Haakon County,1834,44.288097,-101.540856
46057,South Dakota,Hamlin County,6596,44.680619,-97.178598
46059,South Dakota,Hand County,3097,44.546713,-99.004575
46061,South Dakota,Hanson County,3477,43.680612,-97.796845
46063,South Dakota,Harding County,1325,45.596611,-103.473871
46065,South Dakota,Hughes County,17526,44.384452,-99.975684
46067,South Dakota,Hutchinson County,7416,43.33671,-97.749383
46069,South Dakota,Hyde County,1215,44.537174,-99.472736
46071,South Dakota,Jackson County,2737,43.677506,-101.626323
46073,South Dakota,Jerauld County,1689,44.06341,-98.62317
46075,South Dakota,Jones County,874,43.951991,-100.686138
46077,South Dakota,Kingsbury County,5261,44.362969,-97.499313
46079,South Dakota,Lake County,11006,44.02845,-97.123223
46081,South Dakota,Lawrence County,28809,44.348514,-103.806362
46083,South Dakota,Lincoln County,75244,43.27942,-96.722286
46085,South Dakota,Lyman County,3721,43.894812,-99.841925
46087,South Dakota,McCook County,5771,43.680416,-97.358048
46089,South Dakota,McPherson County,2307,45.784249,-99.211421
46091,South Dakota,Marshall County,4395,45.737044,-97.58087
46093,South Dakota,Meade County,30918,44.605282,-102.714169
46095,South Dakota,Mellette County,1834,43.581334,-100.75521
46097,South Dakota,Miner County,2303,44.021541,-97.608122
46099,South Dakota,Minnehaha County,208639,43.667472,-96.795726
46101,South Dakota,Moody County,6529,44.012429,-96.676054
46102,South Dakota,Oglala Lakota County,13360,43.333393,-102.561486
46103,South Dakota,Pennington County,115979,44.002349,-102.823801
46105,South Dakota,Perkins County,2832,45.483387,-102.467995
46107,South Dakota,Potter County,2402,45.052713,-99.962003
46109,South Dakota,Roberts County,10283,45.623397,-96.947551
46111,South Dakota,Sanborn County,2392,44.018942,-98.091709
46115,South Dakota,Spink County,6108,44.923772,-98.339615
46117,South Dakota,Stanley County,3015,44.413984,-100.747822
46119,South Dakota,Sully County,1468,44.722325,-100.131399
46121,South Dakota,Todd County,9172,43.208794,-100.707664
46123,South Dakota,Tripp County,5717,43.349729,-99.876219
46125,South Dakota,Turner County,9087,43.30867,-97.150185
46127,South Dakota,Union County,17402,42.831106,-96.650829
46129,South Dakota,Walworth County,5270,45.427605,-100.027856
46135,South Dakota,Yankton County,23509,43.006603,-97.388361
46137,South Dakota,Ziebach County,2418,44.989764,-101.660827
47001,Tennessee,Anderson County,81449,36.116731,-84.195418
47003,Tennessee,Bedford County,54228,35.51366,-86.458294
47005,Tennessee,Benton County,16173,36.070948,-88.071232
47007,Tennessee,Bledsoe County,15591,35.593561,-85.20591
47009,Tennessee,Blount County,142211,35.688185,-83.922973
47011,Tennessee,Bradley County,113782,35.153914,-84.859414
47013,Tennessee,Campbell County,40238,36.401592,-84.159249
47015,Tennessee,Cannon County,15142,35.808394,-86.062404
47017,Tennessee,Carroll County,29107,35.965748,-88.452379
47019,Tennessee,Carter County,57434,36.284744,-82.126593
47021,Tennessee,Cheatham County,42604,36.255169,-87.100808
47023,Tennessee,Chester County,17876,35.420253,-88.611353
47025,Tennessee,Claiborne County,33070,36.501572,-83.660698
47027,Tennessee,Clay County,7857,36.545749,-85.545717
47029,Tennessee,Cocke County,37596,35.916198,-83.119224
47031,Tennessee,Coffee County,61285,35.488765,-86.078202
47033,Tennessee,Crockett County,13973,35.818795,-89.132494
47035,Tennessee,Cumberland County,65618,35.952398,-84.994761
47037,Tennessee,Davidson County,729505,36.169129,-86.78479
47039,Tennessee,Decatur County,11800,35.603136,-88.110292
47041,Tennessee,DeKalb County,21747,35.982219,-85.833596
47043,Tennessee,Dickson County,57641,36.145533,-87.364155
47045,Tennessee,Dyer County,36403,36.054196,-89.398306
47047,Tennessee,Fayette County,44476,35.196993,-89.413803
47049,Tennessee,Fentress County,20129,36.369892,-84.937764
47051,Tennessee,Franklin County,45137,35.155926,-86.099203
47053,Tennessee,Gibson County,51422,35.991632,-88.933812
47055,Tennessee,Giles County,30971,35.202723,-87.035319
47057,Tennessee,Grainger County,25073,36.277509,-83.509546
47059,Tennessee,Greene County,73398,36.179487,-82.847523
47061,Tennessee,Grundy County,14148,35.393352,-85.710374
47063,Tennessee,Hamblen County,67715,36.218397,-83.266071
47065,Tennessee,Hamilton County,386256,35.163472,-85.201843
47067,Tennessee,Hancock County,7038,36.521353,-83.227493
47069,Tennessee,Hardeman County,25434,35.218785,-88.988697
47071,Tennessee,Hardin County,27617,35.201893,-88.185696
47073,Tennessee,Hawkins County,59371,36.452089,-82.931485
47075,Tennessee,Haywood County,17097,35.586678,-89.282691
47077,Tennessee,Henderson County,28183,35.653994,-88.387674
47079,Tennessee,Henry County,32883,36.325295,-88.300288
47081,Tennessee,Hickman County,25859,35.802327,-87.467116
47083,Tennessee,Houston County,8538,36.285782,-87.705598
47085,Tennessee,Humphreys County,19554,36.040822,-87.790453
47087,Tennessee,Jackson County,12376,36.35425,-85.674128
47089,Tennessee,Jefferson County,59217,36.048452,-83.441216
47091,Tennessee,Johnson County,18506,36.453203,-81.861247
47093,Tennessee,Knox County,506748,35.992726,-83.937721
47095,Tennessee,Lake County,6422,36.333905,-89.485536
47097,Tennessee,Lauderdale County,24630,35.762951,-89.627732
47099,Tennessee,Lawrence County,46467,35.220476,-87.396546
47101,Tennessee,Lewis County,13418,35.523244,-87.496983
47103,Tennessee,Lincoln County,36751,35.142784,-86.593403
47105,Tennessee,Loudon County,62129,35.735085,-84.314085
47107,Tennessee,McMinn County,56754,35.424472,-84.619949
47109,Tennessee,McNairy County,26103,35.175375,-88.56374
47111,Tennessee,Macon County,27189,36.537757,-86.00096
47113,Tennessee,Madison County,100409,35.606056,-88.833424
47115,Tennessee,Marion County,29826,35.127565,-85.607429
47117,Tennessee,Marshall County,37847,35.468329,-86.765868
47119,Tennessee,Maury County,113411,35.615696,-87.077763
47121,Tennessee,Meigs County,13937,35.512203,-84.816102
47123,Tennessee,Monroe County,49154,35.447818,-84.249705
47125,Tennessee,Montgomery County,246025,36.500354,-87.380887
47127,Tennessee,Moore County,6773,35.288888,-86.358684
47129,Tennessee,Morgan County,21954,36.138697,-84.639262
47131,Tennessee,Obion County,30261,36.361892,-89.148078
47133,Tennessee,Overton County,23551,36.34485,-85.283076
47135,Tennessee,Perry County,8987,35.663752,-87.869326
47137,Tennessee,Pickett County,5108,36.559364,-85.075741
47139,Tennessee,Polk County,18338,35.109437,-84.541112
47141,Tennessee,Putnam County,84894,36.14094,-85.49618
47143,Tennessee,Rhea County,34759,35.60059,-84.949548
47145,Tennessee,Roane County,56742,35.84725,-84.523929
47147,Tennessee,Robertson County,78459,36.524385,-86.872594
47149,Tennessee,Rutherford County,376996,35.843369,-86.417213
47151,Tennessee,Scott County,22517,36.430592,-84.504091
47153,Tennessee,Sequatchie County,17620,35.372336,-85.410082
47155,Tennessee,Sevier County,100184,35.787822,-83.5249
47157,Tennessee,Shelby County,910530,35.184553,-89.894612
47159,Tennessee,Smith County,20783,36.256645,-85.941915
47161,Tennessee,Stewart County,14365,36.458464,-87.811889
47163,Tennessee,Sullivan County,162703,36.509681,-82.301336
47165,Tennessee,Sumner County,211721,36.472423,-86.458405
47167,Tennessee,Tipton County,62187,35.498763,-89.747145
47169,Tennessee,Trousdale County,12159,36.39303,-86.156691
47171,Tennessee,Unicoi County,17872,36.100129,-82.418218
47173,Tennessee,Union County,21064,36.28414,-83.836088
47175,Tennessee,Van Buren County,6686,35.699234,-85.458409
47177,Tennessee,Warren County,43619,35.67825,-85.777343
47179,Tennessee,Washington County,139642,36.295665,-82.495037
47181,Tennessee,Wayne County,15974,35.242847,-87.819843
47183,Tennessee,Weakley County,33162,36.303596,-88.721194
47185,Tennessee,White County,29108,35.927049,-85.455785
47187,Tennessee,Williamson County,269136,35.894845,-86.897888
47189,Tennessee,Wilson County,169948,36.149431,-86.291181
48001,Texas,Anderson County,59512,31.841261,-95.661727
48003,Texas,Andrews County,18923,32.312258,-102.640206
48005,Texas,Angelina County,88094,31.251896,-94.611134
48007,Texas,Aransas County,25595,28.122621,-96.967501
48009,Texas,Archer County,9155,33.616305,-98.687267
48011,Texas,Armstrong County,1809,34.964179,-101.356636
48013,Texas,Atascosa County,52783,28.891478,-98.535381
48015,Texas,Austin County,32546,29.891901,-96.27017
48017,Texas,Bailey County,7031,34.067521,-102.830345
48019,Texas,Bandera County,22830,29.756389,-99.248285
48021,Texas,Bastrop County,114931,30.100772,-97.310639
48023,Texas,Baylor County,3533,33.618802,-99.208189
48025,Texas,Bee County,31226,28.416077,-97.742586
48027,Texas,Bell County,399578,31.042734,-97.48126
48029,Texas,Bexar County,2127737,29.448671,-98.520147
48031,Texas,Blanco County,13358,30.266203,-98.399332
48033,Texas,Borden County,557,32.73859,-101.439199
48035,Texas,Bosque County,19013,31.900819,-97.637641
48037,Texas,Bowie County,91992,33.446065,-94.422393
48039,Texas,Brazoria County,413224,29.167817,-95.434647
48041,Texas,Brazos County,249624,30.656713,-96.302394
48043,Texas,Brewster County,9508,29.808997,-103.252458
48045,Texas,Briscoe County,1494,34.525172,-101.205893
48047,Texas,Brooks County,6740,27.034994,-98.215276
48049,Texas,Brown County,38631,31.764137,-98.998456
48051,Texas,Burleson County,20179,30.493487,-96.622091
48053,Texas,Burnet County,55722,30.78963,-98.201187
48055,Texas,Caldwell County,52430,29.832399,-97.628141
48057,Texas,Calhoun County,19942,28.441719,-96.579574
48059,Texas,Callahan County,14615,32.29315,-99.372249
48061,Texas,Cameron County,431874,26.102923,-97.478958
48063,Texas,Camp County,13164,32.974581,-94.979085
48065,Texas,Carson County,5822,35.405496,-101.355356
48067,Texas,Cass County,28622,33.083698,-94.357579
48069,Texas,Castro County,7380,34.533621,-102.258786
48071,Texas,Chambers County,56179,29.696374,-94.669445
48073,Texas,Cherokee County,53223,31.843881,-95.156343
48075,Texas,Childress County,6679,34.524624,-100.208166
48077,Texas,Clay County,10730,33.785904,-98.212917
48079,Texas,Cochran County,2583,33.60844,-102.830449
48081,Texas,Coke County,3396,31.87711,-100.635231
48083,Texas,Coleman County,7990,31.914205,-99.346622
48085,Texas,Collin County,1254658,33.194494,-96.579428
48087,Texas,Collingsworth County,2611,34.963358,-100.272135
48089,Texas,Colorado County,21475,29.596296,-96.508935
48091,Texas,Comal County,201628,29.812377,-98.258129
48093,Texas,Comanche County,14359,31.951645,-98.549617
48095,Texas,Concho County,3326,31.318883,-99.863649
48097,Texas,Cooke County,44258,33.639196,-97.210343
48099,Texas,Coryell County,86370,31.391177,-97.798022
48101,Texas,Cottle County,1263,34.091906,-100.276442
48103,Texas,Crane County,4594,31.422796,-102.487774
48105,Texas,Crockett County,2799,30.717532,-101.404211
48107,Texas,Crosby County,5030,33.609144,-101.29871
48109,Texas,Culberson County,2254,31.445908,-104.526945
48111,Texas,Dallam County,7526,36.28637,-102.59402
48113,Texas,Dallas County,2656028,32.766987,-96.778424
48115,Texas,Dawson County,11758,32.742528,-101.948771
48117,Texas,Deaf Smith County,18495,34.940766,-102.607564
48119,Texas,Delta County,5647,33.385933,-95.67335
48121,Texas,Denton County,1045120,33.205132,-97.12114
48123,Texas,DeWitt County,20252,29.082346,-97.361654
48125,Texas,Dickens County,1725,33.615363,-100.787617
48127,Texas,Dimmit County,8181,28.423587,-99.765871
48129,Texas,Donley County,3193,34.955036,-100.815846
48131,Texas,Duval County,9585,27.681123,-98.497393
48133,Texas,Eastland County,18290,32.324645,-98.83656
48135,Texas,Ector County,170022,31.865301,-102.542507
48137,Texas,Edwards County,1383,29.985933,-100.3074
48139,Texas,Ellis County,232387,32.346878,-96.79694
48141,Texas,El Paso County,875784,31.766456,-106.24152
48143,Texas,Erath County,44496,32.236669,-98.220545
48145,Texas,Falls County,17752,31.25193,-96.934127
48147,Texas,Fannin County,38650,33.591161,-96.104988
48149,Texas,Fayette County,25488,29.877886,-96.921231
48151,Texas,Fisher County,3665,32.740473,-100.40312
48153,Texas,Floyd County,5042,34.07373,-101.303274
48155,Texas,Foard County,1053,33.963306,-99.816828
48157,Texas,Fort Bend County,958434,29.526602,-95.771015
48159,Texas,Franklin County,10912,33.175846,-95.219066
48161,Texas,Freestone County,20645,31.701749,-96.144957
48163,Texas,Frio County,19520,28.869383,-99.109005
48165,Texas,Gaines County,22892,32.743942,-102.631561
48167,Texas,Galveston County,367407,29.233927,-94.888197
48169,Texas,Garza County,4645,33.183792,-101.301134
48171,Texas,Gillespie County,28159,30.325093,-98.94185
48173,Texas,Glasscock County,1153,31.868006,-101.521494
48175,Texas,Goliad County,7221,28.6607,-97.430415
48177,Texas,Gonzales County,20040,29.461912,-97.49192
48179,Texas,Gray County,20888,35.402542,-100.812374
48181,Texas,Grayson County,150532,33.624548,-96.675777
48183,Texas,Gregg County,126679,32.486401,-94.816277
48185,Texas,Grimes County,33448,30.543231,-95.988082
48187,Texas,Guadalupe County,195166,29.582671,-97.948995
48189,Texas,Hale County,31953,34.068436,-101.822888
48191,Texas,Hall County,2828,34.453189,-100.576343
48193,Texas,Hamilton County,8644,31.707342,-98.111756
48195,Texas,Hansford County,5006,36.272847,-101.35693
48197,Texas,Hardeman County,3417,34.289904,-99.745697
48199,Texas,Hardin County,58670,30.329648,-94.393178
48201,Texas,Harris County,5009302,29.857273,-95.393037
48203,Texas,Harrison County,71370,32.547991,-94.374434
48205,Texas,Hartley County,4996,35.840244,-102.610047
48207,Texas,Haskell County,5435,33.175964,-99.730774
48209,Texas,Hays County,292029,30.061225,-98.029267
48211,Texas,Hemphill County,3134,35.815956,-100.27921
48213,Texas,Henderson County,87467,32.211633,-95.853418
48215,Texas,Hidalgo County,914820,26.396384,-98.18099
48217,Texas,Hill County,38771,31.982641,-97.130632
48219,Texas,Hockley County,21505,33.605932,-102.343398
48221,Texas,Hood County,69126,32.430149,-97.831677
48223,Texas,Hopkins County,38784,33.148967,-95.565434
48225,Texas,Houston County,22197,31.323036,-95.4216
48227,Texas,Howard County,30833,32.30343,-101.438721
48229,Texas,Hudspeth County,3608,31.450868,-105.377549
48231,Texas,Hunt County,118729,33.123308,-96.08423
48233,Texas,Hutchinson County,19721,35.837047,-101.362746
48235,Texas,Irion County,1526,31.303424,-100.981304
48237,Texas,Jack County,9398,33.23216,-98.171177
48239,Texas,Jackson County,15284,28.959802,-96.58908
48241,Texas,Jasper County,32907,30.752932,-94.022294
48243,Texas,Jeff Davis County,1778,30.625357,-104.191873
48245,Texas,Jefferson County,253948,29.854,-94.149331
48247,Texas,Jim Hogg County,4583,27.053231,-98.747572
48249,Texas,Jim Wells County,38886,27.733516,-98.090814
48251,Texas,Johnson County,210547,32.379654,-97.364906
48253,Texas,Jones County,20850,32.743709,-99.87443
48255,Texas,Karnes County,15137,28.908996,-97.852205
48257,Texas,Kaufman County,197829,32.598944,-96.288377
48259,Texas,Kendall County,51828,29.943525,-98.709269
48261,Texas,Kenedy County,330,26.890213,-97.591143
48263,Texas,Kent County,703,33.18478,-100.76972
48265,Texas,Kerr County,53900,30.059953,-99.353339
48267,Texas,Kimble County,4401,30.479472,-99.746396
48269,Texas,King County,215,33.614268,-100.245345
48271,Texas,Kinney County,3191,29.347086,-100.4177
48273,Texas,Kleberg County,30442,27.438735,-97.66062
48275,Texas,Knox County,3255,33.61189,-99.730356
48277,Texas,Lamar County,51249,33.667263,-95.570348
48279,Texas,Lamb County,12687,34.068861,-102.348018
48281,Texas,Lampasas County,23539,31.196731,-98.240889
48283,Texas,La Salle County,6679,28.351098,-99.096774
48285,Texas,Lavaca County,20605,29.382578,-96.923633
48287,Texas,Lee County,18451,30.321498,-96.976823
48289,Texas,Leon County,16698,31.300493,-95.995622
48291,Texas,Liberty County,115042,30.158508,-94.844061
48293,Texas,Limestone County,22569,31.547543,-96.593623
48295,Texas,Lipscomb County,2880,36.2802,-100.272683
48297,Texas,Live Oak County,11967,28.351535,-98.126961
48299,Texas,Llano County,23163,30.707584,-98.68469
48301,Texas,Loving County,48,31.844936,-103.561229
48303,Texas,Lubbock County,327394,33.611469,-101.819944
48305,Texas,Lynn County,5952,33.178412,-101.818493
48307,Texas,McCulloch County,7448,31.205477,-99.359856
48309,Texas,McLennan County,270358,31.549596,-97.201511
48311,Texas,McMullen County,565,28.384922,-98.578853
48313,Texas,Madison County,13877,30.966878,-95.930372
48315,Texas,Marion County,9704,32.798182,-94.356853
48317,Texas,Martin County,5179,32.30983,-101.961836
48319,Texas,Mason County,3987,30.703916,-99.237302
48321,Texas,Matagorda County,36391,28.77476,-96.001532
48323,Texas,Maverick County,58829,28.729787,-100.316678
48325,Texas,Medina County,55619,29.353661,-99.111085
48327,Texas,Menard County,1911,30.885268,-99.858861
48329,Texas,Midland County,183587,31.814269,-102.002454
48331,Texas,Milam County,26159,30.791242,-96.984395
48333,Texas,Mills County,4563,31.494888,-98.594623
48335,Texas,Mitchell County,8968,32.304117,-100.924392
48337,Texas,Montague County,21890,33.678356,-97.725014
48339,Texas,Montgomery County,749613,30.298801,-95.50295
48341,Texas,Moore County,21872,35.835676,-101.890502
48343,Texas,Morris County,12184,33.116466,-94.731265
48345,Texas,Motley County,1015,34.057899,-100.793152
48347,Texas,Nacogdoches County,65728,31.62056,-94.62025
48349,Texas,Navarro County,56533,32.048448,-96.476909
48351,Texas,Newton County,11908,30.786718,-93.73925
48353,Texas,Nolan County,14182,32.312338,-100.418108
48355,Texas,Nueces County,353125,27.740032,-97.516214
48357,Texas,Ochiltree County,9717,36.278744,-100.815864
48359,Texas,Oldham County,1823,35.401921,-102.59762
48361,Texas,Orange County,86115,30.122323,-93.8941
48363,Texas,Palo Pinto County,30231,32.752204,-98.317967
48365,Texas,Panola County,23022,32.163978,-94.305156
48367,Texas,Parker County,179707,32.777096,-97.805905
48369,Texas,Parmer County,9669,34.532163,-102.784853
48371,Texas,Pecos County,14712,30.773298,-102.718153
48373,Texas,Polk County,54258,30.784553,-94.837338
48375,Texas,Potter County,114649,35.398675,-101.893804
48377,Texas,Presidio County,5686,30.005891,-104.261619
48379,Texas,Rains County,13306,32.870457,-95.795613
48381,Texas,Randall County,150547,34.962529,-101.895547
48383,Texas,Reagan County,3139,31.375191,-101.514395
48385,Texas,Real County,2772,29.830097,-99.812549
48387,Texas,Red River County,11696,33.619625,-95.048429
48389,Texas,Reeves County,11956,31.308366,-103.712706
48391,Texas,Refugio County,6739,28.322116,-97.162472
48393,Texas,Roberts County,837,35.838596,-100.836682
48395,Texas,Robertson County,17659,31.025481,-96.514941
48397,Texas,Rockwall County,137044,32.899886,-96.41205
48399,Texas,Runnels County,9751,31.845119,-99.982715
48401,Texas,Rusk County,53391,32.109423,-94.756382
48403,Texas,Sabine County,10058,31.3433,-93.851913
48405,Texas,San Augustine County,7767,31.382449,-94.16318
48407,Texas,San Jacinto County,29326,30.574388,-95.163136
48409,Texas,San Patricio County,71467,28.011794,-97.517157
48411,Texas,San Saba County,5508,31.155138,-98.819292
48413,Texas,Schleicher County,2302,30.896233,-100.527216
48415,Texas,Scurry County,16211,32.744353,-100.913346
48417,Texas,Shackelford County,3169,32.74382,-99.347005
48419,Texas,Shelby County,24192,31.790139,-94.142579
48421,Texas,Sherman County,2771,36.278593,-101.899265
48423,Texas,Smith County,249091,32.375105,-95.268939
48425,Texas,Somervell County,10098,32.218071,-97.769217
48427,Texas,Starr County,66587,26.530903,-98.740235
48429,Texas,Stephens County,9475,32.738052,-98.839344
48431,Texas,Sterling County,1387,31.835773,-101.054911
48433,Texas,Stonewall County,1235,33.17958,-100.253807
48435,Texas,Sutton County,3269,30.522185,-100.513359
48437,Texas,Swisher County,6877,34.526319,-101.743865
48439,Texas,Tarrant County,2230708,32.772119,-97.291224
48441,Texas,Taylor County,148813,32.297126,-99.89043
48443,Texas,Terrell County,718,30.232343,-102.072513
48445,Texas,Terry County,11602,33.171229,-102.339284
48447,Texas,Throckmorton County,1532,33.170695,-99.205796
48449,Texas,Titus County,31547,33.214599,-94.966783
48451,Texas,Tom Green County,120103,31.398295,-100.46385
48453,Texas,Travis County,1363767,30.239513,-97.69127
48455,Texas,Trinity County,14489,31.096675,-95.151687
48457,Texas,Tyler County,20560,30.769295,-94.375656
48459,Texas,Upshur County,44050,32.735349,-94.941184
48461,Texas,Upton County,3128,31.353816,-102.041546
48463,Texas,Uvalde County,25138,29.350308,-99.768427
48465,Texas,Val Verde County,47999,29.875285,-101.143324
48467,Texas,Van Zandt County,65304,32.558787,-95.836906
48469,Texas,Victoria County,91949,28.79637,-96.971198
48471,Texas,Walker County,83722,30.743163,-95.569825
48473,Texas,Waller County,65109,30.01359,-95.982149
48475,Texas,Ward County,11038,31.513069,-103.105113
48477,Texas,Washington County,37810,30.215075,-96.410272
48479,Texas,Webb County,272823,27.760799,-99.340752
48481,Texas,Wharton County,42035,29.27848,-96.229674
48483,Texas,Wheeler County,4824,35.392597,-100.253105
48485,Texas,Wichita County,129984,33.988212,-98.70801
48487,Texas,Wilbarger County,12455,34.08492,-99.24244
48489,Texas,Willacy County,20027,26.481861,-97.594731
48491,Texas,Williamson County,727480,30.649082,-97.605065
48493,Texas,Wilson County,55415,29.173883,-98.086734
48495,Texas,Winkler County,7381,31.832862,-103.054925
48497,Texas,Wise County,81275,33.219346,-97.652986
48499,Texas,Wood County,48742,32.783588,-95.382166
48501,Texas,Yoakum County,7581,33.162339,-102.832241
48503,Texas,Young County,18236,33.158778,-98.67839
48505,Texas,Zapata County,13819,26.996981,-99.182603
48507,Texas,Zavala County,9209,28.864652,-99.75983
49001,Utah,Beaver County,7424,38.357535,-113.238948
49003,Utah,Box Elder County,64120,41.622623,-113.060252
49005,Utah,Cache County,145487,41.734118,-111.745394
49007,Utah,Carbon County,20613,39.673284,-110.588484
49009,Utah,Daggett County,956,40.890099,-109.505785
49011,Utah,Davis County,378470,41.037559,-112.201943
49013,Utah,Duchesne County,20803,40.289393,-110.429584
49015,Utah,Emery County,10161,39.009025,-110.7211
49017,Utah,Garfield County,5290,37.831663,-111.450907
49019,Utah,Grand County,9788,38.974326,-109.57345
49021,Utah,Iron County,65936,37.909304,-113.30674
49023,Utah,Juab County,13297,39.71412,-112.790471
49025,Utah,Kane County,8525,37.275089,-111.815329
49027,Utah,Millard County,13572,38.956744,-113.133092
49029,Utah,Morgan County,13093,41.091027,-111.577885
49031,Utah,Piute County,1534,38.335881,-112.129375
49033,Utah,Rich County,2752,41.627598,-111.240227
49035,Utah,Salt Lake County,1216274,40.667883,-111.92424
49037,Utah,San Juan County,14601,37.602633,-109.791574
49039,Utah,Sanpete County,30732,39.373426,-111.576933
49041,Utah,Sevier County,22520,38.746824,-111.81193
49043,Utah,Summit County,43109,40.87206,-110.968486
49045,Utah,Tooele County,84488,40.467753,-113.123979
49047,Utah,Uintah County,38307,40.125887,-109.517748
49049,Utah,Utah County,747234,40.120418,-111.668563
49051,Utah,Wasatch County,37858,40.334884,-111.161568
49053,Utah,Washington County,207943,37.262531,-113.4878
49055,Utah,Wayne County,2608,38.259856,-110.990872
49057,Utah,Weber County,276118,41.270325,-111.876883
50001,Vermont,Addison County,38047,44.031248,-73.141581
50003,Vermont,Bennington County,37039,43.035328,-73.111496
50005,Vermont,Caledonia County,30535,44.468791,-72.112168
50007,Vermont,Chittenden County,170851,44.463329,-73.06941
50009,Vermont,Essex County,6037,44.724021,-71.732736
50011,Vermont,Franklin County,51066,44.858964,-72.909402
50013,Vermont,Grand Isle County,7528,44.801787,-73.300759
50015,Vermont,Lamoille County,26248,44.611192,-72.632659
50017,Vermont,Orange County,30050,44.003373,-72.369579
50019,Vermont,Orleans County,27726,44.828442,-72.25163
50021,Vermont,Rutland County,60198,43.612399,-73.060304
50023,Vermont,Washington County,59844,44.274969,-72.609444
50025,Vermont,Windham County,45627,42.995304,-72.721877
50027,Vermont,Windsor County,57697,43.572448,-72.598813
51001,Virginia,Accomack County,33411,37.765944,-75.757807
51003,Virginia,Albemarle County,117313,38.024184,-78.553506
51005,Virginia,Alleghany County,14632,37.787905,-80.008669
51007,Virginia,Amelia County,13716,37.331927,-77.977462
51009,Virginia,Amherst County,31650,37.629301,-79.154756
51011,Virginia,Appomattox County,16957,37.370725,-78.81094
51013,Virginia,Arlington County,239807,38.878337,-77.100703
51015,Virginia,Augusta County,78622,38.17259,-79.140975
51017,Virginia,Bath County,4071,38.068368,-79.731203
51019,Virginia,Bedford County,82182,37.312257,-79.527223
51021,Virginia,Bland County,6186,37.130612,-81.125853
51023,Virginia,Botetourt County,34129,37.565482,-79.797546
51025,Virginia,Brunswick County,15750,36.764204,-77.861483
51027,Virginia,Buchanan County,18632,37.26812,-82.038151
51029,Virginia,Buckingham County,17115,37.573928,-78.529169
51031,Virginia,Campbell County,55342,37.210152,-79.095428
51033,Virginia,Caroline County,33477,38.028033,-77.353736
51035,Virginia,Carroll County,29242,36.731963,-80.727831
51036,Virginia,Charles City County,6564,37.361054,-77.05417
51037,Virginia,Charlotte County,11258,37.009042,-78.658568
51041,Virginia,Chesterfield County,389793,37.378434,-77.585847
51043,Virginia,Clarke County,15598,39.115307,-77.990748
51045,Virginia,Craig County,4829,37.473603,-80.231051
51047,Virginia,Culpeper County,56125,38.48593,-77.956476
51049,Virginia,Cumberland County,10062,37.520189,-78.252836
51051,Virginia,Dickenson County,13411,37.136701,-82.34922
51053,Virginia,Dinwiddie County,28576,37.073498,-77.635492
51057,Virginia,Essex County,10683,37.936389,-76.933747
51059,Virginia,Fairfax County,1160925,38.82952,-77.273252
51061,Virginia,Fauquier County,75865,38.744096,-77.8215
51063,Virginia,Floyd County,15658,36.931433,-80.350266
51065,Virginia,Fluvanna County,28746,37.830584,-78.283494
51067,Virginia,Franklin County,55637,36.991186,-79.882715
51069,Virginia,Frederick County,98109,39.20366,-78.263829
51071,Virginia,Giles County,16533,37.318072,-80.698321
51073,Virginia,Gloucester County,40154,37.403541,-76.523505
51075,Virginia,Goochland County,28223,37.718814,-77.917626
51077,Virginia,Grayson County,15265,36.652229,-81.215324
51079,Virginia,Greene County,21744,38.297981,-78.470163
51081,Virginia,Greensville County,11150,36.680336,-77.560277
51083,Virginia,Halifax County,33448,36.766461,-78.939614
51085,Virginia,Hanover County,115309,37.760215,-77.491317
51087,Virginia,Henrico County,338696,37.43752,-77.300333
51089,Virginia,Henry County,49385,36.620612,-79.980662
51091,Virginia,Highland County,2348,38.366243,-79.564472
51093,Virginia,Isle of Wight County,40942,36.901418,-76.707569
51095,Virginia,James City County,82797,37.324837,-76.777888
51097,Virginia,King and Queen County,6747,37.717772,-76.905581
51099,Virginia,King George County,28816,38.27718,-77.162636
51101,Virginia,King William County,19232,37.70826,-77.091054
51103,Virginia,Lancaster County,11062,37.704843,-76.412663
51105,Virginia,Lee County,21780,36.701721,-83.130112
51107,Virginia,Loudoun County,443380,39.0812,-77.638898
51109,Virginia,Louisa County,42109,37.972704,-77.959795
51111,Virginia,Lunenburg County,12060,36.945555,-78.240528
51113,Virginia,Madison County,14252,38.412059,-78.276961
51115,Virginia,Mathews County,8602,37.425348,-76.268808
51117,Virginia,Mecklenburg County,30824,36.687256,-78.368959
51119,Virginia,Middlesex County,10949,37.606975,-76.528082
51121,Virginia,Montgomery County,98998,37.175538,-80.387794
51125,Virginia,Nelson County,14766,37.789079,-78.88344
51127,Virginia,New Kent County,27218,37.51016,-76.999331
51131,Virginia,Northampton County,12004,37.302775,-75.924018
51133,Virginia,Northumberland County,12397,37.856974,-76.379687
51135,Virginia,Nottoway County,15632,37.141167,-78.053866
51137,Virginia,Orange County,38986,38.249326,-78.011092
51139,Virginia,Page County,23686,38.623209,-78.491872
51141,Virginia,Patrick County,17308,36.667138,-80.286413
51143,Virginia,Pittsylvania County,59410,36.821721,-79.398502
51145,Virginia,Powhatan County,32392,37.549404,-77.912855
51147,Virginia,Prince Edward County,22276,37.224881,-78.432957
51149,Virginia,Prince George County,43589,37.187325,-77.220993
51153,Virginia,Prince William County,497003,38.701119,-77.479579
51155,Virginia,Pulaski County,33579,37.063385,-80.713444
51157,Virginia,Rappahannock County,7479,38.684522,-78.168824
51159,Virginia,Richmond County,9215,37.942894,-76.730561
51161,Virginia,Roanoke County,97334,37.330792,-80.191237
51163,Virginia,Rockbridge County,22368,37.814517,-79.447754
51165,Virginia,Rockingham County,87674,38.507612,-78.885329
51167,Virginia,Russell County,25420,36.93342,-82.095934
51169,Virginia,Scott County,21388,36.712776,-82.613624
51171,Virginia,Shenandoah County,45441,38.856204,-78.573987
51173,Virginia,Smyth County,29137,36.842318,-81.539786
51175,Virginia,Southampton County,17941,36.720068,-77.103813
51177,Virginia,Spotsylvania County,152021,38.182431,-77.657226
51179,Virginia,Stafford County,168919,38.423084,-77.458048
51181,Virginia,Surry County,6579,37.119761,-76.880172
51183,Virginia,Sussex County,10753,36.926645,-77.259732
51185,Virginia,Tazewell County,38875,37.125395,-81.562924
51187,Virginia,Warren County,42461,38.908221,-78.207594
51191,Virginia,Washington County,54098,36.747814,-81.950322
51193,Virginia,Westmoreland County,19235,38.109311,-76.803933
51195,Virginia,Wise County,34973,36.974561,-82.62156
51197,Virginia,Wythe County,28100,36.899868,-81.08301
51199,Virginia,York County,71410,37.220914,-76.395533
51510,Virginia,Alexandria city,159102,38.819251,-77.08367
51520,Virginia,Bristol city,16316,36.616954,-82.157564
51530,Virginia,Buena Vista city,6581,37.729345,-79.358134
51540,Virginia,Charlottesville city,44767,38.037658,-78.485381
51550,Virginia,Chesapeake city,254997,36.679376,-76.301788
51570,Virginia,Colonial Heights city,18674,37.261685,-77.396804
51580,Virginia,Covington city,5663,37.78106,-79.985434
51590,Virginia,Danville city,41993,36.583334,-79.408071
51595,Virginia,Emporia city,5402,36.696182,-77.535975
51600,Virginia,Fairfax city,26340,38.853183,-77.299025
51610,Virginia,Falls Church city,15034,38.884722,-77.175603
51620,Virginia,Franklin city,8373,36.684014,-76.941396
51630,Virginia,Fredericksburg city,29992,38.299272,-77.486658
51640,Virginia,Galax city,6739,36.66564,-80.914308
51650,Virginia,Hampton city,137596,37.047961,-76.297293
51660,Virginia,Harrisonburg city,51164,38.436255,-78.873303
51670,Virginia,Hopewell city,22970,37.29101,-77.298944
51678,Virginia,Lexington city,7802,37.782332,-79.44432
51680,Virginia,Lynchburg city,80301,37.399016,-79.195458
51683,Virginia,Manassas city,43616,38.746808,-77.482633
51685,Virginia,Manassas Park city,16611,38.769398,-77.442323
51690,Virginia,Martinsville city,13834,36.683527,-79.863647
51700,Virginia,Newport News city,183056,37.076136,-76.52198
51710,Virginia,Norfolk city,231105,36.923015,-76.244641
51720,Virginia,Norton city,3478,36.931549,-82.625996
51730,Virginia,Petersburg city,34058,37.20473,-77.392368
51735,Virginia,Poquoson city,12854,37.12836,-76.303534
51740,Virginia,Portsmouth city,96482,36.859339,-76.356973
51750,Virginia,Radford city,17273,37.120119,-80.559147
51760,Virginia,Richmond city,233655,37.531399,-77.476009
51770,Virginia,Roanoke city,97912,37.278458,-79.958174
51775,Virginia,Salem city,25908,37.285333,-80.055241
51790,Virginia,Staunton city,26361,38.157978,-79.061876
51800,Virginia,Suffolk city,103105,36.697157,-76.634781
51810,Virginia,Virginia Beach city,454808,36.779525,-76.029142
51820,Virginia,Waynesboro city,23498,38.067157,-78.90142
51830,Virginia,Williamsburg city,16030,37.269481,-76.708193
51840,Virginia,Winchester city,27800,39.173869,-78.176356
53001,Washington,Adams County,21039,47.011238,-118.512861
53003,Washington,Asotin County,22523,46.181861,-117.227781
53005,Washington,Benton County,218190,46.228125,-119.516659
53007,Washington,Chelan County,81228,47.860974,-120.619041
53009,Washington,Clallam County,77958,48.110903,-123.88986
53011,Washington,Clark County,527269,45.77173,-122.485953
53013,Washington,Columbia County,4025,46.29285,-117.911634
53015,Washington,Cowlitz County,113982,46.196785,-122.67846
53017,Washington,Douglas County,45795,47.741763,-119.694622
53019,Washington,Ferry County,7543,48.473256,-118.533589
53021,Washington,Franklin County,101238,46.537502,-118.903891
53023,Washington,Garfield County,2404,46.429318,-117.536705
53025,Washington,Grant County,104717,47.213633,-119.467788
53027,Washington,Grays Harbor County,77893,47.113732,-123.826735
53029,Washington,Island County,86478,48.158554,-122.670649
53031,Washington,Jefferson County,33944,47.805708,-123.527057
53033,Washington,King County,2340211,47.490552,-121.833977
53035,Washington,Kitsap County,281420,47.639687,-122.649636
53037,Washington,Kittitas County,48172,47.124441,-120.676709
53039,Washington,Klickitat County,24124,45.870446,-120.779305
53041,Washington,Lewis County,87049,46.580071,-122.377444
53043,Washington,Lincoln County,11862,47.582743,-118.417692
53045,Washington,Mason County,69632,47.350832,-123.173103
53047,Washington,Okanogan County,44942,48.548453,-119.742235
53049,Washington,Pacific County,24245,46.556587,-123.782419
53051,Washington,Pend Oreille County,14332,48.543825,-117.232191
53053,Washington,Pierce County,941170,47.051413,-122.15324
53055,Washington,San Juan County,18668,48.50719,-123.103769
53057,Washington,Skagit County,132736,48.493292,-121.81577
53059,Washington,Skamania County,12660,46.024785,-121.953232
53061,Washington,Snohomish County,864113,48.054913,-121.765038
53063,Washington,Spokane County,555947,47.620375,-117.403371
53065,Washington,Stevens County,49015,48.388728,-117.854455
53067,Washington,Thurston County,302912,46.935822,-122.830152
53069,Washington,Wahkiakum County,4800,46.294638,-123.424458
53071,Washington,Walla Walla County,62068,46.254606,-118.48037
53073,Washington,Whatcom County,234954,48.842653,-121.836432
53075,Washington,Whitman County,48399,46.905944,-117.53539
53077,Washington,Yakima County,258523,46.456558,-120.740145
54001,West Virginia,Barbour County,15369,39.139725,-79.996947
54003,West Virginia,Berkeley County,136287,39.447938,-78.037754
54005,West Virginia,Boone County,20496,38.022814,-81.713538
54007,West Virginia,Braxton County,12051,38.69933,-80.73166
54009,West Virginia,Brooke County,21285,40.272645,-80.578691
54011,West Virginia,Cabell County,91489,38.419578,-82.243397
54013,West Virginia,Calhoun County,5873,38.844159,-81.115478
54015,West Virginia,Clay County,7689,38.459826,-81.081866
54017,West Virginia,Doddridge County,7615,39.264307,-80.711498
54019,West Virginia,Fayette County,38600,38.030966,-81.086089
54021,West Virginia,Gilmer County,7116,38.915867,-80.849413
54023,West Virginia,Grant County,10971,39.105988,-79.195064
54025,West Virginia,Greenbrier County,31851,37.924418,-80.45059
54027,West Virginia,Hampshire County,23793,39.312139,-78.611989
54029,West Virginia,Hancock County,28054,40.516958,-80.570164
54031,West Virginia,Hardy County,14335,39.011361,-78.841729
54033,West Virginia,Harrison County,64472,39.279182,-80.386498
54035,West Virginia,Jackson County,27718,38.834234,-81.677717
54037,West Virginia,Jefferson County,61264,39.307398,-77.86322
54039,West Virginia,Kanawha County,173906,38.328068,-81.523516
54041,West Virginia,Lewis County,16477,38.988877,-80.495477
54043,West Virginia,Lincoln County,19377,38.17177,-82.077623
54045,West Virginia,Logan County,30560,37.830591,-81.940853
54047,West Virginia,McDowell County,17147,37.38276,-81.658204
54049,West Virginia,Marion County,55649,39.505839,-80.243402
54051,West Virginia,Marshall County,29354,39.854426,-80.671794
54053,West Virginia,Mason County,24770,38.770914,-82.029007
54055,West Virginia,Mercer County,57524,37.403448,-81.106456
54057,West Virginia,Mineral County,26778,39.404781,-78.95669
54059,West Virginia,Mingo County,21712,37.721161,-82.158989
54061,West Virginia,Monongalia County,108697,39.633645,-80.059074
54063,West Virginia,Monroe County,12462,37.554062,-80.550329
54065,West Virginia,Morgan County,17780,39.557345,-78.256517
54067,West Virginia,Nicholas County,24017,38.291432,-80.797515
54069,West Virginia,Ohio County,41090,40.100323,-80.6199
54071,West Virginia,Pendleton County,5944,38.67445,-79.340617
54073,West Virginia,Pleasants County,7358,39.368133,-81.161172
54075,West Virginia,Pocahontas County,7653,38.332606,-80.010121
54077,West Virginia,Preston County,34055,39.46903,-79.668865
54079,West Virginia,Putnam County,57067,38.510518,-81.906109
54081,West Virginia,Raleigh County,72379,37.762469,-81.264672
54083,West Virginia,Randolph County,27190,38.781095,-79.867788
54085,West Virginia,Ritchie County,8170,39.177112,-81.066317
54087,West Virginia,Roane County,13540,38.74295,-81.354494
54089,West Virginia,Summers County,11544,37.655999,-80.856325
54091,West Virginia,Taylor County,16438,39.332478,-80.046554
54093,West Virginia,Tucker County,6573,39.111175,-79.559968
54095,West Virginia,Tyler County,7843,39.465634,-80.877219
54097,West Virginia,Upshur County,23650,38.90253,-80.231606
54099,West Virginia,Wayne County,37589,38.143642,-82.422666
54101,West Virginia,Webster County,7947,38.483459,-80.449052
54103,West Virginia,Wetzel County,13766,39.59818,-80.635399
54105,West Virginia,Wirt County,4924,39.020034,-81.382975
54107,West Virginia,Wood County,82757,39.211602,-81.516234
54109,West Virginia,Wyoming County,19964,37.60366,-81.549032
55001,Wisconsin,Adams County,21352,43.973757,-89.767228
55003,Wisconsin,Ashland County,16196,46.544424,-90.679691
55005,Wisconsin,Barron County,46810,45.437192,-91.852892
55007,Wisconsin,Bayfield County,16838,46.634199,-91.177282
55009,Wisconsin,Brown County,273909,44.474024,-87.99613
55011,Wisconsin,Buffalo County,13464,44.385633,-91.761294
55013,Wisconsin,Burnett County,17187,45.866897,-92.37573
55015,Wisconsin,Calumet County,53602,44.07841,-88.212132
55017,Wisconsin,Chippewa County,67323,45.069092,-91.283505
55019,Wisconsin,Clark County,34801,44.739166,-90.609909
55021,Wisconsin,Columbia County,58113,43.471882,-89.330472
55023,Wisconsin,Crawford County,16008,43.242768,-90.935185
55025,Wisconsin,Dane County,588347,43.067468,-89.417852
55027,Wisconsin,Dodge County,88635,43.429628,-88.701939
55029,Wisconsin,Door County,30512,45.093417,-87.048683
55031,Wisconsin,Douglas County,44276,46.463218,-91.892477
55033,Wisconsin,Dunn County,46135,44.947751,-91.897645
55035,Wisconsin,Eau Claire County,108830,44.726355,-91.286414
55037,Wisconsin,Florence County,4673,45.871828,-88.406988
55039,Wisconsin,Fond du Lac County,104269,43.754722,-88.493284
55041,Wisconsin,Forest County,9506,45.666881,-88.773326
55043,Wisconsin,Grant County,52330,42.870028,-90.694229
55045,Wisconsin,Green County,37183,42.675522,-89.605074
55047,Wisconsin,Green Lake County,19370,43.780247,-88.97038
55049,Wisconsin,Iowa County,23963,43.001021,-90.133691
55051,Wisconsin,Iron County,6235,46.32655,-90.261298
55053,Wisconsin,Jackson County,21027,44.32459,-90.79951
55055,Wisconsin,Jefferson County,86245,43.013804,-88.773985
55057,Wisconsin,Juneau County,26590,43.932836,-90.113984
55059,Wisconsin,Kenosha County,168754,42.587526,-87.879996
55061,Wisconsin,Kewaunee County,20751,44.605677,-87.448008
55063,Wisconsin,La Crosse County,121060,43.908222,-91.111758
55065,Wisconsin,Lafayette County,17306,42.655578,-90.130292
55067,Wisconsin,Langlade County,19535,45.254863,-89.06707
55069,Wisconsin,Lincoln County,28461,45.333148,-89.73224
55071,Wisconsin,Manitowoc County,81513,44.156137,-87.577352
55073,Wisconsin,Marathon County,139091,44.898036,-89.757823
55075,Wisconsin,Marinette County,42343,45.346899,-87.991198
55077,Wisconsin,Marquette County,15743,43.826053,-89.409095
55078,Wisconsin,Menominee County,4286,44.991304,-88.669251
55079,Wisconsin,Milwaukee County,924740,42.912643,-87.862312
55081,Wisconsin,Monroe County,46370,43.945175,-90.619969
55083,Wisconsin,Oconto County,40037,44.996575,-88.206516
55085,Wisconsin,Oneida County,38175,45.716176,-89.534533
55087,Wisconsin,Outagamie County,195390,44.418226,-88.464988
55089,Wisconsin,Ozaukee County,93956,43.501807,-87.847551
55091,Wisconsin,Pepin County,7555,44.627436,-91.83489
55093,Wisconsin,Pierce County,43380,44.725336,-92.426279
55095,Wisconsin,Polk County,45831,45.462041,-92.447066
55097,Wisconsin,Portage County,72040,44.476246,-89.49807
55099,Wisconsin,Price County,14087,45.679072,-90.35965
55101,Wisconsin,Racine County,198651,42.780392,-87.771599
55103,Wisconsin,Richland County,17123,43.376199,-90.435693
55105,Wisconsin,Rock County,165461,42.66988,-89.075284
55107,Wisconsin,Rusk County,14168,45.472734,-91.136745
55109,Wisconsin,St. Croix County,97954,45.028959,-92.447284
55111,Wisconsin,Sauk County,66486,43.428001,-89.943318
55113,Wisconsin,Sawyer County,18835,45.864999,-91.147063
55115,Wisconsin,Shawano County,41299,44.789641,-88.755813
55117,Wisconsin,Sheboygan County,118331,43.738713,-87.731531
55119,Wisconsin,Taylor County,20167,45.211656,-90.504853
55121,Wisconsin,Trempealeau County,30801,44.30305,-91.358867
55123,Wisconsin,Vernon County,31351,43.599366,-90.821983
55125,Wisconsin,Vilas County,23948,46.049848,-89.501254
55127,Wisconsin,Walworth County,106029,42.66811,-88.541731
55129,Wisconsin,Washburn County,16982,45.892489,-91.796422
55131,Wisconsin,Washington County,138727,43.391156,-88.232917
55133,Wisconsin,Waukesha County,417029,43.018368,-88.30424
55135,Wisconsin,Waupaca County,51171,44.478004,-88.967005
55137,Wisconsin,Waushara County,25079,44.112823,-89.239786
55139,Wisconsin,Winnebago County,173307,44.085707,-88.668149
55141,Wisconsin,Wood County,73943,44.461413,-90.038825
56001,Wyoming,Albany County,39288,41.665514,-105.721883
56003,Wyoming,Big Horn County,12084,44.525117,-107.994848
56005,Wyoming,Campbell County,47946,44.191999,-105.517014
56007,Wyoming,Carbon County,14250,41.70359,-106.933153
56009,Wyoming,Converse County,13766,42.984623,-105.524752
56011,Wyoming,Crook County,7775,44.589266,-104.567298
56013,Wyoming,Fremont County,39721,43.054831,-108.608935
56015,Wyoming,Goshen County,12635,42.089455,-104.35354
56017,Wyoming,Hot Springs County,4625,43.720209,-108.435076
56019,Wyoming,Johnson County,8803,44.044048,-106.588541
56021,Wyoming,Laramie County,101783,41.29283,-104.660395
56023,Wyoming,Lincoln County,21000,42.229993,-110.682961
56025,Wyoming,Natrona County,80410,42.977645,-106.768219
56027,Wyoming,Niobrara County,2301,43.062159,-104.468373
56029,Wyoming,Park County,31082,44.492387,-109.593597
56031,Wyoming,Platte County,8512,42.131593,-104.953963
56033,Wyoming,Sheridan County,32978,44.781369,-106.881211
56035,Wyoming,Sublette County,8965,42.767928,-109.91617
56037,Wyoming,Sweetwater County,41273,41.660328,-108.875677
56039,Wyoming,Teton County,23272,44.048662,-110.426087
56041,Wyoming,Uinta County,20621,41.284726,-110.558947
56043,Wyoming,Washakie County,7662,43.878831,-107.669052
56045,Wyoming,Weston County,6866,43.846213,-104.57002
